solid OpenSCAD_Model
  facet normal 0 0 -1
    outer loop
      vertex -28.17658477444273 -27.21352549156242 0
      vertex -28.21722140110071 -27.06186753622664 0
      vertex -27.21352549156242 -28.17658477444273 0
    endloop
  endfacet
  facet normal 0 0 -1
    outer loop
      vertex -28.17658477444273 -27.21352549156242 0
      vertex -27.21352549156242 -28.17658477444273 0
      vertex -28.1203181864639 -27.3601049646137 0
    endloop
  endfacet
  facet normal 0 0 -1
    outer loop
      vertex -28.21722140110071 -27.06186753622664 0
      vertex -28.24178284305241 -26.90679269490148 0
      vertex -27.21352549156242 -28.17658477444273 0
    endloop
  endfacet
  facet normal 0 0 -1
    outer loop
      vertex -27.86471723821609 -27.753695909538287 0
      vertex -27.21352549156242 -28.17658477444273 0
      vertex -27.753695909538287 -27.86471723821609 0
    endloop
  endfacet
  facet normal 0 0 -1
    outer loop
      vertex -27.96352549156242 -27.63167787843871 0
      vertex -27.21352549156242 -28.17658477444273 0
      vertex -27.86471723821609 -27.753695909538287 0
    endloop
  endfacet
  facet normal 0 0 -1
    outer loop
      vertex -27.63167787843871 -27.96352549156242 0
      vertex -27.21352549156242 -28.17658477444273 0
      vertex -27.5 -28.049038105676658 0
    endloop
  endfacet
  facet normal 0 0 -1
    outer loop
      vertex -27.753695909538287 -27.86471723821609 0
      vertex -27.21352549156242 -28.17658477444273 0
      vertex -27.63167787843871 -27.96352549156242 0
    endloop
  endfacet
  facet normal 0 0 -1
    outer loop
      vertex -28.049038105676658 -27.5 0
      vertex -27.21352549156242 -28.17658477444273 0
      vertex -27.96352549156242 -27.63167787843871 0
    endloop
  endfacet
  facet normal 0 0 -1
    outer loop
      vertex -28.049038105676658 -27.5 0
      vertex -28.1203181864639 -27.3601049646137 0
      vertex -27.21352549156242 -28.17658477444273 0
    endloop
  endfacet
  facet normal 0 0 -1
    outer loop
      vertex -28.24178284305241 -26.90679269490148 0
      vertex -28.25 -26.75 0
      vertex -27.21352549156242 -28.17658477444273 0
    endloop
  endfacet
  facet normal 0 0 -1
    outer loop
      vertex -28.25 -26.75 0
      vertex -27.140576474687265 -26.14503363531613 0
      vertex -27.21352549156242 -28.17658477444273 0
    endloop
  endfacet
  facet normal 0 0 -1
    outer loop
      vertex -27.5 -28.049038105676658 0
      vertex -27.21352549156242 -28.17658477444273 0
      vertex -27.3601049646137 -28.1203181864639 0
    endloop
  endfacet
  facet normal 0 0 -1
    outer loop
      vertex -27.21352549156242 -28.17658477444273 0
      vertex -26.90679269490148 -28.24178284305241 0
      vertex -27.06186753622664 -28.21722140110071 0
    endloop
  endfacet
  facet normal 0 0 -1
    outer loop
      vertex -27.21352549156242 -28.17658477444273 0
      vertex -26.75 -28.25 0
      vertex -26.90679269490148 -28.24178284305241 0
    endloop
  endfacet
  facet normal 0 0 -1
    outer loop
      vertex -27.21352549156242 -28.17658477444273 0
      vertex -26.51108772861486 -26.844151714648273 0
      vertex -26.14503363531613 -27.140576474687265 0
    endloop
  endfacet
  facet normal 0 0 -1
    outer loop
      vertex -27.21352549156242 -28.17658477444273 0
      vertex -27.140576474687265 -26.14503363531613 0
      vertex -26.844151714648273 -26.51108772861486 0
    endloop
  endfacet
  facet normal 0 0 -1
    outer loop
      vertex -27.21352549156242 -28.17658477444273 0
      vertex -26.844151714648273 -26.51108772861486 0
      vertex -26.51108772861486 -26.844151714648273 0
    endloop
  endfacet
  facet normal 0 0 -1
    outer loop
      vertex -28.25 -26.75 0
      vertex -27.77975432332819 -24.890576474687265 0
      vertex -27.610954559391704 -25.330314893841102 0
    endloop
  endfacet
  facet normal 0 0 -1
    outer loop
      vertex -28.25 -26.75 0
      vertex -27.397114317029974 -25.75 0
      vertex -27.140576474687265 -26.14503363531613 0
    endloop
  endfacet
  facet normal 0 0 -1
    outer loop
      vertex -28.25 -26.75 0
      vertex -27.610954559391704 -25.330314893841102 0
      vertex -27.397114317029974 -25.75 0
    endloop
  endfacet
  facet normal 0 0 -1
    outer loop
      vertex -28.25 -26.75 0
      vertex -27.901664203302126 -24.43560260867992 0
      vertex -27.77975432332819 -24.890576474687265 0
    endloop
  endfacet
  facet normal 0 0 -1
    outer loop
      vertex -28.25 -26.75 0
      vertex -27.97534852915723 -23.97037808470444 0
      vertex -27.901664203302126 -24.43560260867992 0
    endloop
  endfacet
  facet normal 0 0 -1
    outer loop
      vertex -28.25 -26.75 0
      vertex -28 -23.5 0
      vertex -27.97534852915723 -23.97037808470444 0
    endloop
  endfacet
  facet normal 0 0 -1
    outer loop
      vertex -27.21352549156242 -28.17658477444273 0
      vertex -26.14503363531613 -27.140576474687265 0
      vertex -25.75 -27.397114317029974 0
    endloop
  endfacet
  facet normal 0 0 -1
    outer loop
      vertex -27.21352549156242 -28.17658477444273 0
      vertex -25.75 -27.397114317029974 0
      vertex -25.330314893841102 -27.610954559391704 0
    endloop
  endfacet
  facet normal 0 0 -1
    outer loop
      vertex -27.21352549156242 -28.17658477444273 0
      vertex -25.330314893841102 -27.610954559391704 0
      vertex -24.890576474687265 -27.77975432332819 0
    endloop
  endfacet
  facet normal 0 0 -1
    outer loop
      vertex -27.21352549156242 -28.17658477444273 0
      vertex -24.890576474687265 -27.77975432332819 0
      vertex -24.43560260867992 -27.901664203302126 0
    endloop
  endfacet
  facet normal 0 0 -1
    outer loop
      vertex -27.21352549156242 -28.17658477444273 0
      vertex -24.43560260867992 -27.901664203302126 0
      vertex -23.97037808470444 -27.97534852915723 0
    endloop
  endfacet
  facet normal 0 0 -1
    outer loop
      vertex -27.21352549156242 -28.17658477444273 0
      vertex -23.97037808470444 -27.97534852915723 0
      vertex -23.5 -28 0
    endloop
  endfacet
  facet normal -0.8910065241883675 -0.4539904997395476 0
    outer loop
      vertex -28.049038105676658 -27.5 0
      vertex -28.049038105676658 -27.5 5
      vertex -28.1203181864639 -27.3601049646137 0
    endloop
  endfacet
  facet normal -0.777145961456971 -0.6293203910498374 0
    outer loop
      vertex -27.96352549156242 -27.63167787843871 0
      vertex -27.86471723821609 -27.753695909538287 0
      vertex -27.86471723821609 -27.753695909538287 5
    endloop
  endfacet
  facet normal -0.7071067811865476 -0.7071067811865476 0
    outer loop
      vertex -27.86471723821609 -27.753695909538287 0
      vertex -27.753695909538287 -27.86471723821609 0
      vertex -27.86471723821609 -27.753695909538287 5
    endloop
  endfacet
  facet normal -0.8386705679454226 -0.5446390350150292 0
    outer loop
      vertex -28.049038105676658 -27.5 0
      vertex -27.96352549156242 -27.63167787843871 0
      vertex -28.049038105676658 -27.5 5
    endloop
  endfacet
  facet normal -0.6293203910498374 -0.777145961456971 0
    outer loop
      vertex -27.753695909538287 -27.86471723821609 0
      vertex -27.63167787843871 -27.96352549156242 0
      vertex -27.63167787843871 -27.96352549156242 5
    endloop
  endfacet
  facet normal -0.4539904997395476 -0.8910065241883675 0
    outer loop
      vertex -27.5 -28.049038105676658 0
      vertex -27.3601049646137 -28.1203181864639 0
      vertex -27.3601049646137 -28.1203181864639 5
    endloop
  endfacet
  facet normal -0.5446390350150292 -0.8386705679454226 0
    outer loop
      vertex -27.63167787843871 -27.96352549156242 0
      vertex -27.5 -28.049038105676658 0
      vertex -27.63167787843871 -27.96352549156242 5
    endloop
  endfacet
  facet normal -0.9335804264972015 -0.35836794954530105 0
    outer loop
      vertex -28.17658477444273 -27.21352549156242 0
      vertex -28.1203181864639 -27.3601049646137 0
      vertex -28.17658477444273 -27.21352549156242 5
    endloop
  endfacet
  facet normal -0.9659258262890684 -0.2588190451025205 0
    outer loop
      vertex -28.17658477444273 -27.21352549156242 0
      vertex -28.17658477444273 -27.21352549156242 5
      vertex -28.21722140110071 -27.06186753622664 0
    endloop
  endfacet
  facet normal -0.987688340595139 -0.15643446504022285 0
    outer loop
      vertex -28.21722140110071 -27.06186753622664 0
      vertex -28.21722140110071 -27.06186753622664 5
      vertex -28.24178284305241 -26.90679269490148 0
    endloop
  endfacet
  facet normal -0.9986295347545735 -0.05233595624295079 0
    outer loop
      vertex -28.24178284305241 -26.90679269490148 0
      vertex -28.25 -26.75 5
      vertex -28.25 -26.75 0
    endloop
  endfacet
  facet normal -0.35836794954530105 -0.9335804264972015 0
    outer loop
      vertex -27.3601049646137 -28.1203181864639 0
      vertex -27.21352549156242 -28.17658477444273 0
      vertex -27.3601049646137 -28.1203181864639 5
    endloop
  endfacet
  facet normal -0.2588190451025205 -0.9659258262890684 0
    outer loop
      vertex -27.21352549156242 -28.17658477444273 0
      vertex -27.06186753622664 -28.21722140110071 0
      vertex -27.06186753622664 -28.21722140110071 5
    endloop
  endfacet
  facet normal -0.15643446504022285 -0.987688340595139 0
    outer loop
      vertex -27.06186753622664 -28.21722140110071 0
      vertex -26.90679269490148 -28.24178284305241 0
      vertex -26.90679269490148 -28.24178284305241 5
    endloop
  endfacet
  facet normal -0.05233595624295079 -0.9986295347545735 0
    outer loop
      vertex -26.90679269490148 -28.24178284305241 0
      vertex -26.75 -28.25 0
      vertex -26.90679269490148 -28.24178284305241 5
    endloop
  endfacet
  facet normal 0 0 -1
    outer loop
      vertex -28.25 -26.75 0
      vertex -27.97534852915723 -23.02962191529556 0
      vertex -28 -23.5 0
    endloop
  endfacet
  facet normal -0.8910065241883675 -0.4539904997395476 0
    outer loop
      vertex -28.1203181864639 -27.3601049646137 0
      vertex -28.049038105676658 -27.5 5
      vertex -28.1203181864639 -27.3601049646137 5
    endloop
  endfacet
  facet normal -0.777145961456971 -0.6293203910498374 0
    outer loop
      vertex -27.96352549156242 -27.63167787843871 0
      vertex -27.86471723821609 -27.753695909538287 5
      vertex -27.96352549156242 -27.63167787843871 5
    endloop
  endfacet
  facet normal -0.8386705679454226 -0.5446390350150292 0
    outer loop
      vertex -27.96352549156242 -27.63167787843871 0
      vertex -27.96352549156242 -27.63167787843871 5
      vertex -28.049038105676658 -27.5 5
    endloop
  endfacet
  facet normal -0.7071067811865476 -0.7071067811865476 0
    outer loop
      vertex -27.753695909538287 -27.86471723821609 0
      vertex -27.753695909538287 -27.86471723821609 5
      vertex -27.86471723821609 -27.753695909538287 5
    endloop
  endfacet
  facet normal -0.6293203910498374 -0.777145961456971 0
    outer loop
      vertex -27.753695909538287 -27.86471723821609 0
      vertex -27.63167787843871 -27.96352549156242 5
      vertex -27.753695909538287 -27.86471723821609 5
    endloop
  endfacet
  facet normal -0.4539904997395476 -0.8910065241883675 0
    outer loop
      vertex -27.5 -28.049038105676658 0
      vertex -27.3601049646137 -28.1203181864639 5
      vertex -27.5 -28.049038105676658 5
    endloop
  endfacet
  facet normal -0.5446390350150292 -0.8386705679454226 0
    outer loop
      vertex -27.5 -28.049038105676658 0
      vertex -27.5 -28.049038105676658 5
      vertex -27.63167787843871 -27.96352549156242 5
    endloop
  endfacet
  facet normal -0.9335804264972015 -0.35836794954530105 0
    outer loop
      vertex -28.1203181864639 -27.3601049646137 0
      vertex -28.1203181864639 -27.3601049646137 5
      vertex -28.17658477444273 -27.21352549156242 5
    endloop
  endfacet
  facet normal -0.9659258262890684 -0.2588190451025205 0
    outer loop
      vertex -28.21722140110071 -27.06186753622664 0
      vertex -28.17658477444273 -27.21352549156242 5
      vertex -28.21722140110071 -27.06186753622664 5
    endloop
  endfacet
  facet normal -0.987688340595139 -0.15643446504022285 0
    outer loop
      vertex -28.24178284305241 -26.90679269490148 0
      vertex -28.21722140110071 -27.06186753622664 5
      vertex -28.24178284305241 -26.90679269490148 5
    endloop
  endfacet
  facet normal -0.9986295347545735 -0.05233595624295079 0
    outer loop
      vertex -28.24178284305241 -26.90679269490148 0
      vertex -28.24178284305241 -26.90679269490148 5
      vertex -28.25 -26.75 5
    endloop
  endfacet
  facet normal -0.35836794954530105 -0.9335804264972015 0
    outer loop
      vertex -27.21352549156242 -28.17658477444273 0
      vertex -27.21352549156242 -28.17658477444273 5
      vertex -27.3601049646137 -28.1203181864639 5
    endloop
  endfacet
  facet normal -0.2588190451025205 -0.9659258262890684 0
    outer loop
      vertex -27.21352549156242 -28.17658477444273 0
      vertex -27.06186753622664 -28.21722140110071 5
      vertex -27.21352549156242 -28.17658477444273 5
    endloop
  endfacet
  facet normal -0.15643446504022285 -0.987688340595139 0
    outer loop
      vertex -27.06186753622664 -28.21722140110071 0
      vertex -26.90679269490148 -28.24178284305241 5
      vertex -27.06186753622664 -28.21722140110071 5
    endloop
  endfacet
  facet normal -0.05233595624295079 -0.9986295347545735 0
    outer loop
      vertex -26.75 -28.25 0
      vertex -26.75 -28.25 5
      vertex -26.90679269490148 -28.24178284305241 5
    endloop
  endfacet
  facet normal 0 0 1
    outer loop
      vertex -27.86471723821609 -27.753695909538287 5
      vertex -27.753695909538287 -27.86471723821609 5
      vertex -26.90679269490148 -28.24178284305241 5
    endloop
  endfacet
  facet normal 0 0 1
    outer loop
      vertex -27.96352549156242 -27.63167787843871 5
      vertex -27.86471723821609 -27.753695909538287 5
      vertex -26.90679269490148 -28.24178284305241 5
    endloop
  endfacet
  facet normal 0 0 1
    outer loop
      vertex -27.753695909538287 -27.86471723821609 5
      vertex -27.63167787843871 -27.96352549156242 5
      vertex -26.90679269490148 -28.24178284305241 5
    endloop
  endfacet
  facet normal 0 0 1
    outer loop
      vertex -28.17658477444273 -27.21352549156242 5
      vertex -28.1203181864639 -27.3601049646137 5
      vertex -26.90679269490148 -28.24178284305241 5
    endloop
  endfacet
  facet normal 0 0 1
    outer loop
      vertex -28.049038105676658 -27.5 5
      vertex -26.90679269490148 -28.24178284305241 5
      vertex -28.1203181864639 -27.3601049646137 5
    endloop
  endfacet
  facet normal 0 0 1
    outer loop
      vertex -28.049038105676658 -27.5 5
      vertex -27.96352549156242 -27.63167787843871 5
      vertex -26.90679269490148 -28.24178284305241 5
    endloop
  endfacet
  facet normal 0 0 1
    outer loop
      vertex -28.17658477444273 -27.21352549156242 5
      vertex -26.90679269490148 -28.24178284305241 5
      vertex -28.21722140110071 -27.06186753622664 5
    endloop
  endfacet
  facet normal 0 0 1
    outer loop
      vertex -28.21722140110071 -27.06186753622664 5
      vertex -26.90679269490148 -28.24178284305241 5
      vertex -28.24178284305241 -26.90679269490148 5
    endloop
  endfacet
  facet normal 0 0 1
    outer loop
      vertex -28.24178284305241 -26.90679269490148 5
      vertex -26.90679269490148 -28.24178284305241 5
      vertex -28.25 -26.75 5
    endloop
  endfacet
  facet normal 0 0 1
    outer loop
      vertex -27.63167787843871 -27.96352549156242 5
      vertex -27.5 -28.049038105676658 5
      vertex -26.90679269490148 -28.24178284305241 5
    endloop
  endfacet
  facet normal 0 0 1
    outer loop
      vertex -27.3601049646137 -28.1203181864639 5
      vertex -27.21352549156242 -28.17658477444273 5
      vertex -26.90679269490148 -28.24178284305241 5
    endloop
  endfacet
  facet normal 0 0 1
    outer loop
      vertex -27.5 -28.049038105676658 5
      vertex -27.3601049646137 -28.1203181864639 5
      vertex -26.90679269490148 -28.24178284305241 5
    endloop
  endfacet
  facet normal 0 0 1
    outer loop
      vertex -27.21352549156242 -28.17658477444273 5
      vertex -27.06186753622664 -28.21722140110071 5
      vertex -26.90679269490148 -28.24178284305241 5
    endloop
  endfacet
  facet normal 0 0 1
    outer loop
      vertex -26.90679269490148 -28.24178284305241 5
      vertex -26.14503363531613 -27.140576474687265 5
      vertex -26.51108772861486 -26.844151714648273 5
    endloop
  endfacet
  facet normal 0 0 1
    outer loop
      vertex -28.25 -26.75 5
      vertex -26.90679269490148 -28.24178284305241 5
      vertex -26.844151714648273 -26.51108772861486 5
    endloop
  endfacet
  facet normal 0 0 1
    outer loop
      vertex -26.90679269490148 -28.24178284305241 5
      vertex -26.51108772861486 -26.844151714648273 5
      vertex -26.844151714648273 -26.51108772861486 5
    endloop
  endfacet
  facet normal 0 0 1
    outer loop
      vertex -28.25 -26.75 5
      vertex -27.610954559391704 -25.330314893841102 5
      vertex -27.77975432332819 -24.890576474687265 5
    endloop
  endfacet
  facet normal 0 0 1
    outer loop
      vertex -28.25 -26.75 5
      vertex -27.140576474687265 -26.14503363531613 5
      vertex -27.397114317029974 -25.75 5
    endloop
  endfacet
  facet normal 0 0 1
    outer loop
      vertex -28.25 -26.75 5
      vertex -26.844151714648273 -26.51108772861486 5
      vertex -27.140576474687265 -26.14503363531613 5
    endloop
  endfacet
  facet normal 0 0 1
    outer loop
      vertex -28.25 -26.75 5
      vertex -27.397114317029974 -25.75 5
      vertex -27.610954559391704 -25.330314893841102 5
    endloop
  endfacet
  facet normal 0 0 1
    outer loop
      vertex -28.25 -26.75 5
      vertex -27.77975432332819 -24.890576474687265 5
      vertex -27.901664203302126 -24.43560260867992 5
    endloop
  endfacet
  facet normal 0 0 1
    outer loop
      vertex -28.25 -26.75 5
      vertex -27.901664203302126 -24.43560260867992 5
      vertex -27.97534852915723 -23.97037808470444 5
    endloop
  endfacet
  facet normal 0 0 1
    outer loop
      vertex -28.25 -26.75 5
      vertex -27.97534852915723 -23.97037808470444 5
      vertex -28 -23.5 5
    endloop
  endfacet
  facet normal 0 0 1
    outer loop
      vertex -26.90679269490148 -28.24178284305241 5
      vertex -25.75 -27.397114317029974 5
      vertex -26.14503363531613 -27.140576474687265 5
    endloop
  endfacet
  facet normal 0 0 1
    outer loop
      vertex -26.90679269490148 -28.24178284305241 5
      vertex -24.890576474687265 -27.77975432332819 5
      vertex -25.330314893841102 -27.610954559391704 5
    endloop
  endfacet
  facet normal 0 0 1
    outer loop
      vertex -26.90679269490148 -28.24178284305241 5
      vertex -25.330314893841102 -27.610954559391704 5
      vertex -25.75 -27.397114317029974 5
    endloop
  endfacet
  facet normal 0 0 1
    outer loop
      vertex -26.90679269490148 -28.24178284305241 5
      vertex -24.43560260867992 -27.901664203302126 5
      vertex -24.890576474687265 -27.77975432332819 5
    endloop
  endfacet
  facet normal 0 0 1
    outer loop
      vertex -26.90679269490148 -28.24178284305241 5
      vertex -23.97037808470444 -27.97534852915723 5
      vertex -24.43560260867992 -27.901664203302126 5
    endloop
  endfacet
  facet normal 0 0 1
    outer loop
      vertex -26.90679269490148 -28.24178284305241 5
      vertex -23.5 -28 5
      vertex -23.97037808470444 -27.97534852915723 5
    endloop
  endfacet
  facet normal 0 0 1
    outer loop
      vertex -28.25 -26.75 5
      vertex -28 -23.5 5
      vertex -27.97534852915723 -23.02962191529556 5
    endloop
  endfacet
  facet normal 0 0 1
    outer loop
      vertex -26.90679269490148 -28.24178284305241 5
      vertex -23.02962191529556 -27.97534852915723 5
      vertex -23.5 -28 5
    endloop
  endfacet
  facet normal 0 0 -1
    outer loop
      vertex -28.25 -26.75 0
      vertex -28.25 26.75 0
      vertex -27.97534852915723 -23.02962191529556 0
    endloop
  endfacet
  facet normal 0 0 -1
    outer loop
      vertex -27.397114317029974 -21.25 0
      vertex -26.844151714648273 20.48891227138514 0
      vertex -27.140576474687265 -20.85496636468387 0
    endloop
  endfacet
  facet normal -1 0 0
    outer loop
      vertex -28.25 -26.75 0
      vertex -28.25 -26.75 5
      vertex -28.25 26.75 0
    endloop
  endfacet
  facet normal 0 0 -1
    outer loop
      vertex -27.97534852915723 -23.02962191529556 0
      vertex -28.25 26.75 0
      vertex -27.901664203302126 -22.56439739132008 0
    endloop
  endfacet
  facet normal 0 0 -1
    outer loop
      vertex -27.901664203302126 -22.56439739132008 0
      vertex -28.25 26.75 0
      vertex -27.77975432332819 -22.109423525312735 0
    endloop
  endfacet
  facet normal 0 0 -1
    outer loop
      vertex -27.77975432332819 -22.109423525312735 0
      vertex -28.25 26.75 0
      vertex -27.610954559391704 -21.669685106158898 0
    endloop
  endfacet
  facet normal 0 0 -1
    outer loop
      vertex -27.610954559391704 -21.669685106158898 0
      vertex -28.25 26.75 0
      vertex -27.397114317029974 -21.25 0
    endloop
  endfacet
  facet normal 0 0 -1
    outer loop
      vertex -27.140576474687265 -20.85496636468387 0
      vertex -26.844151714648273 20.48891227138514 0
      vertex -26.844151714648273 -20.48891227138514 0
    endloop
  endfacet
  facet normal 0 0 -1
    outer loop
      vertex -26.844151714648273 -20.48891227138514 0
      vertex -26.844151714648273 20.48891227138514 0
      vertex -26.51108772861486 -20.155848285351727 0
    endloop
  endfacet
  facet normal 0 0 -1
    outer loop
      vertex -26.51108772861486 -20.155848285351727 0
      vertex -26.51108772861486 20.155848285351727 0
      vertex -26.14503363531613 -19.859423525312735 0
    endloop
  endfacet
  facet normal 0 0 -1
    outer loop
      vertex -26.14503363531613 -19.859423525312735 0
      vertex -26.14503363531613 19.859423525312735 0
      vertex -25.75 -19.602885682970026 0
    endloop
  endfacet
  facet normal 0 0 -1
    outer loop
      vertex -25.75 -19.602885682970026 0
      vertex -25.75 19.602885682970026 0
      vertex -25.330314893841102 -19.389045440608296 0
    endloop
  endfacet
  facet normal 0 0 -1
    outer loop
      vertex -25.330314893841102 -19.389045440608296 0
      vertex -25.330314893841102 19.389045440608296 0
      vertex -24.890576474687265 -19.22024567667181 0
    endloop
  endfacet
  facet normal 0 0 -1
    outer loop
      vertex -24.890576474687265 -19.22024567667181 0
      vertex -24.890576474687265 19.22024567667181 0
      vertex -24.43560260867992 -19.098335796697874 0
    endloop
  endfacet
  facet normal 0 0 -1
    outer loop
      vertex -24.43560260867992 -19.098335796697874 0
      vertex -24.43560260867992 19.098335796697874 0
      vertex -23.97037808470444 -19.02465147084277 0
    endloop
  endfacet
  facet normal 0 0 -1
    outer loop
      vertex -23.97037808470444 -19.02465147084277 0
      vertex -23.97037808470444 19.02465147084277 0
      vertex -23.5 -19 0
    endloop
  endfacet
  facet normal 0 0 -1
    outer loop
      vertex -23.5 -19 0
      vertex -23.5 19 0
      vertex -23.02962191529556 -19.02465147084277 0
    endloop
  endfacet
  facet normal 0 0 -1
    outer loop
      vertex -23.02962191529556 -19.02465147084277 0
      vertex -23.02962191529556 19.02465147084277 0
      vertex -22.56439739132008 -19.098335796697874 0
    endloop
  endfacet
  facet normal 0 0 -1
    outer loop
      vertex -22.56439739132008 -19.098335796697874 0
      vertex -22.56439739132008 19.098335796697874 0
      vertex -22.109423525312735 -19.22024567667181 0
    endloop
  endfacet
  facet normal 0 0 -1
    outer loop
      vertex -22.109423525312735 -19.22024567667181 0
      vertex -22.109423525312735 19.22024567667181 0
      vertex -21.669685106158898 -19.389045440608296 0
    endloop
  endfacet
  facet normal 0 0 1
    outer loop
      vertex -28.25 -26.75 5
      vertex -27.97534852915723 -23.02962191529556 5
      vertex -28.25 26.75 5
    endloop
  endfacet
  facet normal 0 0 1
    outer loop
      vertex -27.140576474687265 -20.85496636468387 5
      vertex -26.844151714648273 -20.48891227138514 5
      vertex -26.51108772861486 20.155848285351727 5
    endloop
  endfacet
  facet normal 0 0 1
    outer loop
      vertex -27.97534852915723 -23.02962191529556 5
      vertex -27.901664203302126 -22.56439739132008 5
      vertex -28.25 26.75 5
    endloop
  endfacet
  facet normal 0 0 1
    outer loop
      vertex -27.901664203302126 -22.56439739132008 5
      vertex -27.77975432332819 -22.109423525312735 5
      vertex -28.25 26.75 5
    endloop
  endfacet
  facet normal 0 0 1
    outer loop
      vertex -27.77975432332819 -22.109423525312735 5
      vertex -27.610954559391704 -21.669685106158898 5
      vertex -28.25 26.75 5
    endloop
  endfacet
  facet normal 0 0 1
    outer loop
      vertex -27.610954559391704 -21.669685106158898 5
      vertex -27.397114317029974 -21.25 5
      vertex -28.25 26.75 5
    endloop
  endfacet
  facet normal 0 0 1
    outer loop
      vertex -26.844151714648273 -20.48891227138514 5
      vertex -26.51108772861486 -20.155848285351727 5
      vertex -26.51108772861486 20.155848285351727 5
    endloop
  endfacet
  facet normal 0 0 1
    outer loop
      vertex -27.397114317029974 -21.25 5
      vertex -27.140576474687265 -20.85496636468387 5
      vertex -28.25 26.75 5
    endloop
  endfacet
  facet normal 0 0 1
    outer loop
      vertex -26.51108772861486 -20.155848285351727 5
      vertex -26.14503363531613 -19.859423525312735 5
      vertex -26.14503363531613 19.859423525312735 5
    endloop
  endfacet
  facet normal 0 0 1
    outer loop
      vertex -26.14503363531613 -19.859423525312735 5
      vertex -25.75 -19.602885682970026 5
      vertex -25.75 19.602885682970026 5
    endloop
  endfacet
  facet normal 0 0 1
    outer loop
      vertex -25.75 -19.602885682970026 5
      vertex -25.330314893841102 -19.389045440608296 5
      vertex -25.330314893841102 19.389045440608296 5
    endloop
  endfacet
  facet normal 0 0 1
    outer loop
      vertex -25.330314893841102 -19.389045440608296 5
      vertex -24.890576474687265 -19.22024567667181 5
      vertex -24.890576474687265 19.22024567667181 5
    endloop
  endfacet
  facet normal 0 0 1
    outer loop
      vertex -24.890576474687265 -19.22024567667181 5
      vertex -24.43560260867992 -19.098335796697874 5
      vertex -24.43560260867992 19.098335796697874 5
    endloop
  endfacet
  facet normal 0 0 1
    outer loop
      vertex -24.43560260867992 -19.098335796697874 5
      vertex -23.97037808470444 -19.02465147084277 5
      vertex -23.97037808470444 19.02465147084277 5
    endloop
  endfacet
  facet normal 0 0 1
    outer loop
      vertex -23.97037808470444 -19.02465147084277 5
      vertex -23.5 -19 5
      vertex -23.5 19 5
    endloop
  endfacet
  facet normal 0 0 1
    outer loop
      vertex -23.5 -19 5
      vertex -23.02962191529556 -19.02465147084277 5
      vertex -23.02962191529556 19.02465147084277 5
    endloop
  endfacet
  facet normal 0 0 1
    outer loop
      vertex -23.02962191529556 -19.02465147084277 5
      vertex -22.56439739132008 -19.098335796697874 5
      vertex -22.56439739132008 19.098335796697874 5
    endloop
  endfacet
  facet normal 0 0 1
    outer loop
      vertex -22.56439739132008 -19.098335796697874 5
      vertex -22.109423525312735 -19.22024567667181 5
      vertex -22.109423525312735 19.22024567667181 5
    endloop
  endfacet
  facet normal 0 0 1
    outer loop
      vertex -22.109423525312735 -19.22024567667181 5
      vertex -21.669685106158898 -19.389045440608296 5
      vertex -21.669685106158898 19.389045440608296 5
    endloop
  endfacet
  facet normal 0 0 -1
    outer loop
      vertex -27.21352549156242 -28.17658477444273 0
      vertex -23.5 -28 0
      vertex 19.859423525312735 -26.14503363531613 0
    endloop
  endfacet
  facet normal 0 0 -1
    outer loop
      vertex -27.21352549156242 -28.17658477444273 0
      vertex 26.75 -28.25 0
      vertex -26.75 -28.25 0
    endloop
  endfacet
  facet normal 0 0 -1
    outer loop
      vertex -23.5 -28 0
      vertex -23.02962191529556 -27.97534852915723 0
      vertex 19.859423525312735 -26.14503363531613 0
    endloop
  endfacet
  facet normal 0 0 -1
    outer loop
      vertex -23.02962191529556 -27.97534852915723 0
      vertex -22.56439739132008 -27.901664203302126 0
      vertex 19.859423525312735 -26.14503363531613 0
    endloop
  endfacet
  facet normal 0 0 -1
    outer loop
      vertex -22.56439739132008 -27.901664203302126 0
      vertex -22.109423525312735 -27.77975432332819 0
      vertex 19.859423525312735 -26.14503363531613 0
    endloop
  endfacet
  facet normal 0 0 -1
    outer loop
      vertex -22.109423525312735 -27.77975432332819 0
      vertex -21.669685106158898 -27.610954559391704 0
      vertex 19.859423525312735 -26.14503363531613 0
    endloop
  endfacet
  facet normal 0 0 -1
    outer loop
      vertex -21.669685106158898 -27.610954559391704 0
      vertex -21.25 -27.397114317029974 0
      vertex 19.859423525312735 -26.14503363531613 0
    endloop
  endfacet
  facet normal 0 0 -1
    outer loop
      vertex -21.25 -27.397114317029974 0
      vertex -20.85496636468387 -27.140576474687265 0
      vertex 19.859423525312735 -26.14503363531613 0
    endloop
  endfacet
  facet normal 0 0 -1
    outer loop
      vertex -20.85496636468387 -27.140576474687265 0
      vertex -20.48891227138514 -26.844151714648273 0
      vertex 19.859423525312735 -26.14503363531613 0
    endloop
  endfacet
  facet normal 0 -1 0
    outer loop
      vertex -26.75 -28.25 0
      vertex 26.75 -28.25 0
      vertex -26.75 -28.25 5
    endloop
  endfacet
  facet normal 0 0 -1
    outer loop
      vertex -20.48891227138514 -26.844151714648273 0
      vertex -20.155848285351727 -26.51108772861486 0
      vertex 19.859423525312735 -26.14503363531613 0
    endloop
  endfacet
  facet normal 0 0 -1
    outer loop
      vertex -20.155848285351727 -26.51108772861486 0
      vertex -19.859423525312735 -26.14503363531613 0
      vertex 19.859423525312735 -26.14503363531613 0
    endloop
  endfacet
  facet normal 0 0 1
    outer loop
      vertex -26.90679269490148 -28.24178284305241 5
      vertex 19.389045440608296 -25.330314893841102 5
      vertex -23.02962191529556 -27.97534852915723 5
    endloop
  endfacet
  facet normal 0 0 1
    outer loop
      vertex -26.90679269490148 -28.24178284305241 5
      vertex -26.75 -28.25 5
      vertex 26.75 -28.25 5
    endloop
  endfacet
  facet normal 0 0 1
    outer loop
      vertex -23.02962191529556 -27.97534852915723 5
      vertex 19.389045440608296 -25.330314893841102 5
      vertex -22.56439739132008 -27.901664203302126 5
    endloop
  endfacet
  facet normal 0 0 1
    outer loop
      vertex -22.56439739132008 -27.901664203302126 5
      vertex 19.389045440608296 -25.330314893841102 5
      vertex -22.109423525312735 -27.77975432332819 5
    endloop
  endfacet
  facet normal 0 0 1
    outer loop
      vertex -22.109423525312735 -27.77975432332819 5
      vertex 19.389045440608296 -25.330314893841102 5
      vertex -21.669685106158898 -27.610954559391704 5
    endloop
  endfacet
  facet normal 0 0 1
    outer loop
      vertex -21.669685106158898 -27.610954559391704 5
      vertex 19.389045440608296 -25.330314893841102 5
      vertex -21.25 -27.397114317029974 5
    endloop
  endfacet
  facet normal 0 0 1
    outer loop
      vertex -21.25 -27.397114317029974 5
      vertex 19.389045440608296 -25.330314893841102 5
      vertex -20.85496636468387 -27.140576474687265 5
    endloop
  endfacet
  facet normal 0 0 1
    outer loop
      vertex -20.85496636468387 -27.140576474687265 5
      vertex 19.389045440608296 -25.330314893841102 5
      vertex -20.48891227138514 -26.844151714648273 5
    endloop
  endfacet
  facet normal 0 0 1
    outer loop
      vertex -20.48891227138514 -26.844151714648273 5
      vertex 19.389045440608296 -25.330314893841102 5
      vertex -20.155848285351727 -26.51108772861486 5
    endloop
  endfacet
  facet normal 0 0 1
    outer loop
      vertex -20.155848285351727 -26.51108772861486 5
      vertex 19.389045440608296 -25.330314893841102 5
      vertex -19.859423525312735 -26.14503363531613 5
    endloop
  endfacet
  facet normal 0 0 -1
    outer loop
      vertex -21.25 -19.602885682970026 0
      vertex 19.859423525312735 20.85496636468387 0
      vertex -20.85496636468387 -19.859423525312735 0
    endloop
  endfacet
  facet normal 0 0 -1
    outer loop
      vertex -20.85496636468387 -19.859423525312735 0
      vertex 19.859423525312735 20.85496636468387 0
      vertex -20.48891227138514 -20.155848285351727 0
    endloop
  endfacet
  facet normal 0 0 -1
    outer loop
      vertex -21.25 -19.602885682970026 0
      vertex -21.669685106158898 -19.389045440608296 0
      vertex 19.389045440608296 21.669685106158898 0
    endloop
  endfacet
  facet normal 0 0 -1
    outer loop
      vertex -19.859423525312735 -26.14503363531613 0
      vertex -19.602885682970026 -25.75 0
      vertex 25.75 19.602885682970026 0
    endloop
  endfacet
  facet normal 0 0 -1
    outer loop
      vertex -20.155848285351727 -20.48891227138514 0
      vertex 21.25 19.602885682970026 0
      vertex -19.859423525312735 -20.85496636468387 0
    endloop
  endfacet
  facet normal 0 0 -1
    outer loop
      vertex -19.098335796697874 -22.56439739132008 0
      vertex -19.22024567667181 -22.109423525312735 0
      vertex 22.109423525312735 19.22024567667181 0
    endloop
  endfacet
  facet normal 0 0 -1
    outer loop
      vertex -19.22024567667181 -22.109423525312735 0
      vertex -19.389045440608296 -21.669685106158898 0
      vertex 21.669685106158898 19.389045440608296 0
    endloop
  endfacet
  facet normal 0 0 -1
    outer loop
      vertex -19.602885682970026 -21.25 0
      vertex 21.25 19.602885682970026 0
      vertex -19.389045440608296 -21.669685106158898 0
    endloop
  endfacet
  facet normal 0 0 -1
    outer loop
      vertex -19.602885682970026 -21.25 0
      vertex -19.859423525312735 -20.85496636468387 0
      vertex 21.25 19.602885682970026 0
    endloop
  endfacet
  facet normal 0 0 -1
    outer loop
      vertex -19.602885682970026 -25.75 0
      vertex -19.389045440608296 -25.330314893841102 0
      vertex 25.330314893841102 19.389045440608296 0
    endloop
  endfacet
  facet normal 0 0 -1
    outer loop
      vertex -19.389045440608296 -25.330314893841102 0
      vertex -19.22024567667181 -24.890576474687265 0
      vertex 24.890576474687265 19.22024567667181 0
    endloop
  endfacet
  facet normal 0 0 -1
    outer loop
      vertex -19.098335796697874 -24.43560260867992 0
      vertex -19.02465147084277 -23.97037808470444 0
      vertex 23.97037808470444 19.02465147084277 0
    endloop
  endfacet
  facet normal 0 0 -1
    outer loop
      vertex -19.22024567667181 -24.890576474687265 0
      vertex -19.098335796697874 -24.43560260867992 0
      vertex 24.43560260867992 19.098335796697874 0
    endloop
  endfacet
  facet normal 0 0 -1
    outer loop
      vertex -19.02465147084277 -23.02962191529556 0
      vertex -19.098335796697874 -22.56439739132008 0
      vertex 22.56439739132008 19.098335796697874 0
    endloop
  endfacet
  facet normal 0 0 -1
    outer loop
      vertex -19 -23.5 0
      vertex -19.02465147084277 -23.02962191529556 0
      vertex 23.02962191529556 19.02465147084277 0
    endloop
  endfacet
  facet normal 0 0 -1
    outer loop
      vertex -19.02465147084277 -23.97037808470444 0
      vertex -19 -23.5 0
      vertex 23.5 19 0
    endloop
  endfacet
  facet normal 0 0 -1
    outer loop
      vertex -20.48891227138514 -20.155848285351727 0
      vertex 19.859423525312735 20.85496636468387 0
      vertex -20.155848285351727 -20.48891227138514 0
    endloop
  endfacet
  facet normal 0 0 1
    outer loop
      vertex -21.25 -19.602885682970026 5
      vertex -20.85496636468387 -19.859423525312735 5
      vertex 19.859423525312735 20.85496636468387 5
    endloop
  endfacet
  facet normal 0 0 1
    outer loop
      vertex -20.85496636468387 -19.859423525312735 5
      vertex -20.48891227138514 -20.155848285351727 5
      vertex 19.859423525312735 20.85496636468387 5
    endloop
  endfacet
  facet normal 0 0 1
    outer loop
      vertex -21.25 -19.602885682970026 5
      vertex 19.602885682970026 21.25 5
      vertex -21.669685106158898 -19.389045440608296 5
    endloop
  endfacet
  facet normal 0 0 1
    outer loop
      vertex -19.859423525312735 -26.14503363531613 5
      vertex 26.14503363531613 19.859423525312735 5
      vertex -19.602885682970026 -25.75 5
    endloop
  endfacet
  facet normal 0 0 1
    outer loop
      vertex -19.22024567667181 -22.109423525312735 5
      vertex 22.109423525312735 19.22024567667181 5
      vertex -19.389045440608296 -21.669685106158898 5
    endloop
  endfacet
  facet normal 0 0 1
    outer loop
      vertex -19.602885682970026 -21.25 5
      vertex -19.389045440608296 -21.669685106158898 5
      vertex 21.669685106158898 19.389045440608296 5
    endloop
  endfacet
  facet normal 0 0 1
    outer loop
      vertex -19.602885682970026 -21.25 5
      vertex 21.25 19.602885682970026 5
      vertex -19.859423525312735 -20.85496636468387 5
    endloop
  endfacet
  facet normal 0 0 1
    outer loop
      vertex -19.389045440608296 -25.330314893841102 5
      vertex 25.330314893841102 19.389045440608296 5
      vertex -19.22024567667181 -24.890576474687265 5
    endloop
  endfacet
  facet normal 0 0 1
    outer loop
      vertex -19.22024567667181 -24.890576474687265 5
      vertex 24.890576474687265 19.22024567667181 5
      vertex -19.098335796697874 -24.43560260867992 5
    endloop
  endfacet
  facet normal 0 0 1
    outer loop
      vertex -19.098335796697874 -24.43560260867992 5
      vertex 24.43560260867992 19.098335796697874 5
      vertex -19.02465147084277 -23.97037808470444 5
    endloop
  endfacet
  facet normal 0 0 1
    outer loop
      vertex -19.02465147084277 -23.02962191529556 5
      vertex 23.02962191529556 19.02465147084277 5
      vertex -19.098335796697874 -22.56439739132008 5
    endloop
  endfacet
  facet normal 0 0 1
    outer loop
      vertex -19.02465147084277 -23.97037808470444 5
      vertex 23.97037808470444 19.02465147084277 5
      vertex -19 -23.5 5
    endloop
  endfacet
  facet normal 0 0 1
    outer loop
      vertex -19 -23.5 5
      vertex 23.5 19 5
      vertex -19.02465147084277 -23.02962191529556 5
    endloop
  endfacet
  facet normal 0 0 1
    outer loop
      vertex -19.602885682970026 -25.75 5
      vertex 25.75 19.602885682970026 5
      vertex -19.389045440608296 -25.330314893841102 5
    endloop
  endfacet
  facet normal 0 0 1
    outer loop
      vertex -19.098335796697874 -22.56439739132008 5
      vertex 22.56439739132008 19.098335796697874 5
      vertex -19.22024567667181 -22.109423525312735 5
    endloop
  endfacet
  facet normal 0 0 1
    outer loop
      vertex -20.48891227138514 -20.155848285351727 5
      vertex -20.155848285351727 -20.48891227138514 5
      vertex 19.859423525312735 20.85496636468387 5
    endloop
  endfacet
  facet normal 0 0 1
    outer loop
      vertex -20.155848285351727 -20.48891227138514 5
      vertex -19.859423525312735 -20.85496636468387 5
      vertex 20.155848285351727 20.48891227138514 5
    endloop
  endfacet
  facet normal 0 0 -1
    outer loop
      vertex -27.397114317029974 -21.25 0
      vertex -27.397114317029974 21.25 0
      vertex -27.140576474687265 20.85496636468387 0
    endloop
  endfacet
  facet normal 0 0 -1
    outer loop
      vertex -27.397114317029974 -21.25 0
      vertex -27.140576474687265 20.85496636468387 0
      vertex -26.844151714648273 20.48891227138514 0
    endloop
  endfacet
  facet normal 0 0 -1
    outer loop
      vertex -26.51108772861486 -20.155848285351727 0
      vertex -26.844151714648273 20.48891227138514 0
      vertex -26.51108772861486 20.155848285351727 0
    endloop
  endfacet
  facet normal 0 0 -1
    outer loop
      vertex -26.14503363531613 -19.859423525312735 0
      vertex -26.51108772861486 20.155848285351727 0
      vertex -26.14503363531613 19.859423525312735 0
    endloop
  endfacet
  facet normal 0 0 -1
    outer loop
      vertex -25.75 -19.602885682970026 0
      vertex -26.14503363531613 19.859423525312735 0
      vertex -25.75 19.602885682970026 0
    endloop
  endfacet
  facet normal 0 0 -1
    outer loop
      vertex -25.330314893841102 -19.389045440608296 0
      vertex -25.75 19.602885682970026 0
      vertex -25.330314893841102 19.389045440608296 0
    endloop
  endfacet
  facet normal 0 0 -1
    outer loop
      vertex -24.890576474687265 -19.22024567667181 0
      vertex -25.330314893841102 19.389045440608296 0
      vertex -24.890576474687265 19.22024567667181 0
    endloop
  endfacet
  facet normal 0 0 -1
    outer loop
      vertex -24.43560260867992 -19.098335796697874 0
      vertex -24.890576474687265 19.22024567667181 0
      vertex -24.43560260867992 19.098335796697874 0
    endloop
  endfacet
  facet normal 0 0 -1
    outer loop
      vertex -23.97037808470444 -19.02465147084277 0
      vertex -24.43560260867992 19.098335796697874 0
      vertex -23.97037808470444 19.02465147084277 0
    endloop
  endfacet
  facet normal 0 0 -1
    outer loop
      vertex -23.5 -19 0
      vertex -23.97037808470444 19.02465147084277 0
      vertex -23.5 19 0
    endloop
  endfacet
  facet normal 0 0 -1
    outer loop
      vertex -23.02962191529556 -19.02465147084277 0
      vertex -23.5 19 0
      vertex -23.02962191529556 19.02465147084277 0
    endloop
  endfacet
  facet normal 0 0 -1
    outer loop
      vertex -22.56439739132008 -19.098335796697874 0
      vertex -23.02962191529556 19.02465147084277 0
      vertex -22.56439739132008 19.098335796697874 0
    endloop
  endfacet
  facet normal 0 0 -1
    outer loop
      vertex -22.109423525312735 -19.22024567667181 0
      vertex -22.56439739132008 19.098335796697874 0
      vertex -22.109423525312735 19.22024567667181 0
    endloop
  endfacet
  facet normal 0 0 -1
    outer loop
      vertex -27.397114317029974 -21.25 0
      vertex -27.610954559391704 21.669685106158898 0
      vertex -27.397114317029974 21.25 0
    endloop
  endfacet
  facet normal 0 0 -1
    outer loop
      vertex -27.397114317029974 -21.25 0
      vertex -27.77975432332819 22.109423525312735 0
      vertex -27.610954559391704 21.669685106158898 0
    endloop
  endfacet
  facet normal 0 0 -1
    outer loop
      vertex -27.397114317029974 -21.25 0
      vertex -27.901664203302126 22.56439739132008 0
      vertex -27.77975432332819 22.109423525312735 0
    endloop
  endfacet
  facet normal 0 0 -1
    outer loop
      vertex -27.397114317029974 -21.25 0
      vertex -27.97534852915723 23.02962191529556 0
      vertex -27.901664203302126 22.56439739132008 0
    endloop
  endfacet
  facet normal 0 0 -1
    outer loop
      vertex -27.397114317029974 -21.25 0
      vertex -28 23.5 0
      vertex -27.97534852915723 23.02962191529556 0
    endloop
  endfacet
  facet normal 0 0 -1
    outer loop
      vertex -27.397114317029974 -21.25 0
      vertex -28.1203181864639 27.3601049646137 0
      vertex -28 23.5 0
    endloop
  endfacet
  facet normal 0 0 -1
    outer loop
      vertex -27.397114317029974 -21.25 0
      vertex -28.25 26.75 0
      vertex -28.24178284305241 26.90679269490148 0
    endloop
  endfacet
  facet normal 0 0 -1
    outer loop
      vertex -27.397114317029974 -21.25 0
      vertex -28.24178284305241 26.90679269490148 0
      vertex -28.21722140110071 27.06186753622664 0
    endloop
  endfacet
  facet normal 0 0 -1
    outer loop
      vertex -27.397114317029974 -21.25 0
      vertex -28.21722140110071 27.06186753622664 0
      vertex -28.17658477444273 27.21352549156242 0
    endloop
  endfacet
  facet normal 0 0 -1
    outer loop
      vertex -27.397114317029974 -21.25 0
      vertex -28.17658477444273 27.21352549156242 0
      vertex -28.1203181864639 27.3601049646137 0
    endloop
  endfacet
  facet normal -1 0 0
    outer loop
      vertex -28.25 -26.75 5
      vertex -28.25 26.75 5
      vertex -28.25 26.75 0
    endloop
  endfacet
  facet normal 0 0 1
    outer loop
      vertex -27.140576474687265 -20.85496636468387 5
      vertex -26.844151714648273 20.48891227138514 5
      vertex -27.140576474687265 20.85496636468387 5
    endloop
  endfacet
  facet normal 0 0 1
    outer loop
      vertex -27.140576474687265 -20.85496636468387 5
      vertex -26.51108772861486 20.155848285351727 5
      vertex -26.844151714648273 20.48891227138514 5
    endloop
  endfacet
  facet normal 0 0 1
    outer loop
      vertex -26.51108772861486 -20.155848285351727 5
      vertex -26.14503363531613 19.859423525312735 5
      vertex -26.51108772861486 20.155848285351727 5
    endloop
  endfacet
  facet normal 0 0 1
    outer loop
      vertex -26.14503363531613 -19.859423525312735 5
      vertex -25.75 19.602885682970026 5
      vertex -26.14503363531613 19.859423525312735 5
    endloop
  endfacet
  facet normal 0 0 1
    outer loop
      vertex -25.75 -19.602885682970026 5
      vertex -25.330314893841102 19.389045440608296 5
      vertex -25.75 19.602885682970026 5
    endloop
  endfacet
  facet normal 0 0 1
    outer loop
      vertex -25.330314893841102 -19.389045440608296 5
      vertex -24.890576474687265 19.22024567667181 5
      vertex -25.330314893841102 19.389045440608296 5
    endloop
  endfacet
  facet normal 0 0 1
    outer loop
      vertex -24.890576474687265 -19.22024567667181 5
      vertex -24.43560260867992 19.098335796697874 5
      vertex -24.890576474687265 19.22024567667181 5
    endloop
  endfacet
  facet normal 0 0 1
    outer loop
      vertex -24.43560260867992 -19.098335796697874 5
      vertex -23.97037808470444 19.02465147084277 5
      vertex -24.43560260867992 19.098335796697874 5
    endloop
  endfacet
  facet normal 0 0 1
    outer loop
      vertex -23.97037808470444 -19.02465147084277 5
      vertex -23.5 19 5
      vertex -23.97037808470444 19.02465147084277 5
    endloop
  endfacet
  facet normal 0 0 1
    outer loop
      vertex -23.5 -19 5
      vertex -23.02962191529556 19.02465147084277 5
      vertex -23.5 19 5
    endloop
  endfacet
  facet normal 0 0 1
    outer loop
      vertex -23.02962191529556 -19.02465147084277 5
      vertex -22.56439739132008 19.098335796697874 5
      vertex -23.02962191529556 19.02465147084277 5
    endloop
  endfacet
  facet normal 0 0 1
    outer loop
      vertex -22.56439739132008 -19.098335796697874 5
      vertex -22.109423525312735 19.22024567667181 5
      vertex -22.56439739132008 19.098335796697874 5
    endloop
  endfacet
  facet normal 0 0 1
    outer loop
      vertex -22.109423525312735 -19.22024567667181 5
      vertex -21.669685106158898 19.389045440608296 5
      vertex -22.109423525312735 19.22024567667181 5
    endloop
  endfacet
  facet normal 0 0 1
    outer loop
      vertex -27.140576474687265 -20.85496636468387 5
      vertex -27.397114317029974 21.25 5
      vertex -27.610954559391704 21.669685106158898 5
    endloop
  endfacet
  facet normal 0 0 1
    outer loop
      vertex -27.140576474687265 -20.85496636468387 5
      vertex -27.77975432332819 22.109423525312735 5
      vertex -27.901664203302126 22.56439739132008 5
    endloop
  endfacet
  facet normal 0 0 1
    outer loop
      vertex -27.140576474687265 -20.85496636468387 5
      vertex -27.610954559391704 21.669685106158898 5
      vertex -27.77975432332819 22.109423525312735 5
    endloop
  endfacet
  facet normal 0 0 1
    outer loop
      vertex -27.140576474687265 -20.85496636468387 5
      vertex -27.901664203302126 22.56439739132008 5
      vertex -27.97534852915723 23.02962191529556 5
    endloop
  endfacet
  facet normal 0 0 1
    outer loop
      vertex -27.140576474687265 -20.85496636468387 5
      vertex -27.97534852915723 23.02962191529556 5
      vertex -28 23.5 5
    endloop
  endfacet
  facet normal 0 0 1
    outer loop
      vertex -27.140576474687265 -20.85496636468387 5
      vertex -27.140576474687265 20.85496636468387 5
      vertex -27.397114317029974 21.25 5
    endloop
  endfacet
  facet normal 0 0 1
    outer loop
      vertex -27.140576474687265 -20.85496636468387 5
      vertex -28 23.5 5
      vertex -28.1203181864639 27.3601049646137 5
    endloop
  endfacet
  facet normal 0 0 1
    outer loop
      vertex -27.140576474687265 -20.85496636468387 5
      vertex -28.24178284305241 26.90679269490148 5
      vertex -28.25 26.75 5
    endloop
  endfacet
  facet normal 0 0 1
    outer loop
      vertex -27.140576474687265 -20.85496636468387 5
      vertex -28.21722140110071 27.06186753622664 5
      vertex -28.24178284305241 26.90679269490148 5
    endloop
  endfacet
  facet normal 0 0 1
    outer loop
      vertex -27.140576474687265 -20.85496636468387 5
      vertex -28.17658477444273 27.21352549156242 5
      vertex -28.21722140110071 27.06186753622664 5
    endloop
  endfacet
  facet normal 0 0 1
    outer loop
      vertex -27.140576474687265 -20.85496636468387 5
      vertex -28.1203181864639 27.3601049646137 5
      vertex -28.17658477444273 27.21352549156242 5
    endloop
  endfacet
  facet normal 0 0 -1
    outer loop
      vertex -28 23.5 0
      vertex -28.1203181864639 27.3601049646137 0
      vertex -27.97534852915723 23.97037808470444 0
    endloop
  endfacet
  facet normal 0 0 -1
    outer loop
      vertex -27.97534852915723 23.97037808470444 0
      vertex -28.049038105676658 27.5 0
      vertex -27.901664203302126 24.43560260867992 0
    endloop
  endfacet
  facet normal 0 0 -1
    outer loop
      vertex -27.901664203302126 24.43560260867992 0
      vertex -27.96352549156242 27.63167787843871 0
      vertex -27.77975432332819 24.890576474687265 0
    endloop
  endfacet
  facet normal 0 0 -1
    outer loop
      vertex -27.97534852915723 23.97037808470444 0
      vertex -28.1203181864639 27.3601049646137 0
      vertex -28.049038105676658 27.5 0
    endloop
  endfacet
  facet normal 0 0 -1
    outer loop
      vertex -27.77975432332819 24.890576474687265 0
      vertex -27.63167787843871 27.96352549156242 0
      vertex -27.610954559391704 25.330314893841102 0
    endloop
  endfacet
  facet normal 0 0 -1
    outer loop
      vertex -27.610954559391704 25.330314893841102 0
      vertex -27.63167787843871 27.96352549156242 0
      vertex -27.397114317029974 25.75 0
    endloop
  endfacet
  facet normal 0 0 -1
    outer loop
      vertex -27.901664203302126 24.43560260867992 0
      vertex -28.049038105676658 27.5 0
      vertex -27.96352549156242 27.63167787843871 0
    endloop
  endfacet
  facet normal 0 0 -1
    outer loop
      vertex -27.77975432332819 24.890576474687265 0
      vertex -27.96352549156242 27.63167787843871 0
      vertex -27.86471723821609 27.753695909538287 0
    endloop
  endfacet
  facet normal 0 0 -1
    outer loop
      vertex -27.77975432332819 24.890576474687265 0
      vertex -27.86471723821609 27.753695909538287 0
      vertex -27.753695909538287 27.86471723821609 0
    endloop
  endfacet
  facet normal 0 0 -1
    outer loop
      vertex -27.77975432332819 24.890576474687265 0
      vertex -27.753695909538287 27.86471723821609 0
      vertex -27.63167787843871 27.96352549156242 0
    endloop
  endfacet
  facet normal 0 0 -1
    outer loop
      vertex -27.397114317029974 25.75 0
      vertex -27.63167787843871 27.96352549156242 0
      vertex -27.5 28.049038105676658 0
    endloop
  endfacet
  facet normal 0 0 -1
    outer loop
      vertex -27.397114317029974 25.75 0
      vertex -27.5 28.049038105676658 0
      vertex -27.3601049646137 28.1203181864639 0
    endloop
  endfacet
  facet normal 0 0 -1
    outer loop
      vertex -27.397114317029974 25.75 0
      vertex -27.21352549156242 28.17658477444273 0
      vertex -27.140576474687265 26.14503363531613 0
    endloop
  endfacet
  facet normal 0 0 -1
    outer loop
      vertex -27.397114317029974 25.75 0
      vertex -27.3601049646137 28.1203181864639 0
      vertex -27.21352549156242 28.17658477444273 0
    endloop
  endfacet
  facet normal 0 0 -1
    outer loop
      vertex -27.140576474687265 26.14503363531613 0
      vertex -26.90679269490148 28.24178284305241 0
      vertex -26.844151714648273 26.51108772861486 0
    endloop
  endfacet
  facet normal 0 0 -1
    outer loop
      vertex -26.844151714648273 26.51108772861486 0
      vertex -26.90679269490148 28.24178284305241 0
      vertex -26.51108772861486 26.844151714648273 0
    endloop
  endfacet
  facet normal 0 0 -1
    outer loop
      vertex -27.140576474687265 26.14503363531613 0
      vertex -27.21352549156242 28.17658477444273 0
      vertex -27.06186753622664 28.21722140110071 0
    endloop
  endfacet
  facet normal 0 0 -1
    outer loop
      vertex -27.140576474687265 26.14503363531613 0
      vertex -27.06186753622664 28.21722140110071 0
      vertex -26.90679269490148 28.24178284305241 0
    endloop
  endfacet
  facet normal 0 0 -1
    outer loop
      vertex -26.51108772861486 26.844151714648273 0
      vertex -26.90679269490148 28.24178284305241 0
      vertex -26.75 28.25 0
    endloop
  endfacet
  facet normal 0 0 -1
    outer loop
      vertex -26.51108772861486 26.844151714648273 0
      vertex -26.75 28.25 0
      vertex -26.14503363531613 27.140576474687265 0
    endloop
  endfacet
  facet normal 0 0 -1
    outer loop
      vertex -26.75 28.25 0
      vertex -25.75 27.397114317029974 0
      vertex -26.14503363531613 27.140576474687265 0
    endloop
  endfacet
  facet normal 0 0 -1
    outer loop
      vertex -26.75 28.25 0
      vertex -25.330314893841102 27.610954559391704 0
      vertex -25.75 27.397114317029974 0
    endloop
  endfacet
  facet normal 0 0 -1
    outer loop
      vertex -26.75 28.25 0
      vertex -24.890576474687265 27.77975432332819 0
      vertex -25.330314893841102 27.610954559391704 0
    endloop
  endfacet
  facet normal 0 0 -1
    outer loop
      vertex -26.75 28.25 0
      vertex -24.43560260867992 27.901664203302126 0
      vertex -24.890576474687265 27.77975432332819 0
    endloop
  endfacet
  facet normal 0 0 -1
    outer loop
      vertex -26.75 28.25 0
      vertex -23.97037808470444 27.97534852915723 0
      vertex -24.43560260867992 27.901664203302126 0
    endloop
  endfacet
  facet normal 0 0 -1
    outer loop
      vertex -26.75 28.25 0
      vertex -23.5 28 0
      vertex -23.97037808470444 27.97534852915723 0
    endloop
  endfacet
  facet normal -0.9986295347545735 0.05233595624295079 0
    outer loop
      vertex -28.25 26.75 0
      vertex -28.24178284305241 26.90679269490148 5
      vertex -28.24178284305241 26.90679269490148 0
    endloop
  endfacet
  facet normal -0.987688340595139 0.15643446504022285 0
    outer loop
      vertex -28.24178284305241 26.90679269490148 0
      vertex -28.24178284305241 26.90679269490148 5
      vertex -28.21722140110071 27.06186753622664 0
    endloop
  endfacet
  facet normal -0.9659258262890684 0.2588190451025205 0
    outer loop
      vertex -28.21722140110071 27.06186753622664 0
      vertex -28.21722140110071 27.06186753622664 5
      vertex -28.17658477444273 27.21352549156242 0
    endloop
  endfacet
  facet normal -0.9335804264972015 0.35836794954530105 0
    outer loop
      vertex -28.17658477444273 27.21352549156242 0
      vertex -28.1203181864639 27.3601049646137 5
      vertex -28.1203181864639 27.3601049646137 0
    endloop
  endfacet
  facet normal -0.8910065241883675 0.4539904997395476 0
    outer loop
      vertex -28.1203181864639 27.3601049646137 0
      vertex -28.1203181864639 27.3601049646137 5
      vertex -28.049038105676658 27.5 0
    endloop
  endfacet
  facet normal -0.8386705679454226 0.5446390350150292 0
    outer loop
      vertex -28.049038105676658 27.5 0
      vertex -27.96352549156242 27.63167787843871 5
      vertex -27.96352549156242 27.63167787843871 0
    endloop
  endfacet
  facet normal -0.777145961456971 0.6293203910498374 0
    outer loop
      vertex -27.96352549156242 27.63167787843871 0
      vertex -27.96352549156242 27.63167787843871 5
      vertex -27.86471723821609 27.753695909538287 0
    endloop
  endfacet
  facet normal -0.7071067811865476 0.7071067811865476 0
    outer loop
      vertex -27.86471723821609 27.753695909538287 0
      vertex -27.753695909538287 27.86471723821609 5
      vertex -27.753695909538287 27.86471723821609 0
    endloop
  endfacet
  facet normal -0.6293203910498374 0.777145961456971 0
    outer loop
      vertex -27.753695909538287 27.86471723821609 0
      vertex -27.63167787843871 27.96352549156242 5
      vertex -27.63167787843871 27.96352549156242 0
    endloop
  endfacet
  facet normal -0.5446390350150292 0.8386705679454226 0
    outer loop
      vertex -27.63167787843871 27.96352549156242 0
      vertex -27.63167787843871 27.96352549156242 5
      vertex -27.5 28.049038105676658 0
    endloop
  endfacet
  facet normal -0.4539904997395476 0.8910065241883675 0
    outer loop
      vertex -27.5 28.049038105676658 0
      vertex -27.3601049646137 28.1203181864639 5
      vertex -27.3601049646137 28.1203181864639 0
    endloop
  endfacet
  facet normal -0.35836794954530105 0.9335804264972015 0
    outer loop
      vertex -27.3601049646137 28.1203181864639 0
      vertex -27.3601049646137 28.1203181864639 5
      vertex -27.21352549156242 28.17658477444273 0
    endloop
  endfacet
  facet normal -0.2588190451025205 0.9659258262890684 0
    outer loop
      vertex -27.21352549156242 28.17658477444273 0
      vertex -27.21352549156242 28.17658477444273 5
      vertex -27.06186753622664 28.21722140110071 0
    endloop
  endfacet
  facet normal -0.15643446504022285 0.987688340595139 0
    outer loop
      vertex -27.06186753622664 28.21722140110071 0
      vertex -27.06186753622664 28.21722140110071 5
      vertex -26.90679269490148 28.24178284305241 0
    endloop
  endfacet
  facet normal -0.05233595624295079 0.9986295347545735 0
    outer loop
      vertex -26.90679269490148 28.24178284305241 0
      vertex -26.75 28.25 5
      vertex -26.75 28.25 0
    endloop
  endfacet
  facet normal 0 0 -1
    outer loop
      vertex -26.75 28.25 0
      vertex -23.02962191529556 27.97534852915723 0
      vertex -23.5 28 0
    endloop
  endfacet
  facet normal -0.9986295347545735 0.05233595624295079 0
    outer loop
      vertex -28.25 26.75 0
      vertex -28.25 26.75 5
      vertex -28.24178284305241 26.90679269490148 5
    endloop
  endfacet
  facet normal -0.987688340595139 0.15643446504022285 0
    outer loop
      vertex -28.21722140110071 27.06186753622664 0
      vertex -28.24178284305241 26.90679269490148 5
      vertex -28.21722140110071 27.06186753622664 5
    endloop
  endfacet
  facet normal -0.9659258262890684 0.2588190451025205 0
    outer loop
      vertex -28.17658477444273 27.21352549156242 0
      vertex -28.21722140110071 27.06186753622664 5
      vertex -28.17658477444273 27.21352549156242 5
    endloop
  endfacet
  facet normal -0.9335804264972015 0.35836794954530105 0
    outer loop
      vertex -28.17658477444273 27.21352549156242 0
      vertex -28.17658477444273 27.21352549156242 5
      vertex -28.1203181864639 27.3601049646137 5
    endloop
  endfacet
  facet normal -0.8910065241883675 0.4539904997395476 0
    outer loop
      vertex -28.049038105676658 27.5 0
      vertex -28.1203181864639 27.3601049646137 5
      vertex -28.049038105676658 27.5 5
    endloop
  endfacet
  facet normal -0.8386705679454226 0.5446390350150292 0
    outer loop
      vertex -28.049038105676658 27.5 0
      vertex -28.049038105676658 27.5 5
      vertex -27.96352549156242 27.63167787843871 5
    endloop
  endfacet
  facet normal -0.777145961456971 0.6293203910498374 0
    outer loop
      vertex -27.86471723821609 27.753695909538287 0
      vertex -27.96352549156242 27.63167787843871 5
      vertex -27.86471723821609 27.753695909538287 5
    endloop
  endfacet
  facet normal -0.7071067811865476 0.7071067811865476 0
    outer loop
      vertex -27.86471723821609 27.753695909538287 0
      vertex -27.86471723821609 27.753695909538287 5
      vertex -27.753695909538287 27.86471723821609 5
    endloop
  endfacet
  facet normal -0.6293203910498374 0.777145961456971 0
    outer loop
      vertex -27.753695909538287 27.86471723821609 0
      vertex -27.753695909538287 27.86471723821609 5
      vertex -27.63167787843871 27.96352549156242 5
    endloop
  endfacet
  facet normal -0.5446390350150292 0.8386705679454226 0
    outer loop
      vertex -27.5 28.049038105676658 0
      vertex -27.63167787843871 27.96352549156242 5
      vertex -27.5 28.049038105676658 5
    endloop
  endfacet
  facet normal -0.4539904997395476 0.8910065241883675 0
    outer loop
      vertex -27.5 28.049038105676658 0
      vertex -27.5 28.049038105676658 5
      vertex -27.3601049646137 28.1203181864639 5
    endloop
  endfacet
  facet normal -0.35836794954530105 0.9335804264972015 0
    outer loop
      vertex -27.21352549156242 28.17658477444273 0
      vertex -27.3601049646137 28.1203181864639 5
      vertex -27.21352549156242 28.17658477444273 5
    endloop
  endfacet
  facet normal -0.2588190451025205 0.9659258262890684 0
    outer loop
      vertex -27.06186753622664 28.21722140110071 0
      vertex -27.21352549156242 28.17658477444273 5
      vertex -27.06186753622664 28.21722140110071 5
    endloop
  endfacet
  facet normal -0.15643446504022285 0.987688340595139 0
    outer loop
      vertex -26.90679269490148 28.24178284305241 0
      vertex -27.06186753622664 28.21722140110071 5
      vertex -26.90679269490148 28.24178284305241 5
    endloop
  endfacet
  facet normal -0.05233595624295079 0.9986295347545735 0
    outer loop
      vertex -26.90679269490148 28.24178284305241 0
      vertex -26.90679269490148 28.24178284305241 5
      vertex -26.75 28.25 5
    endloop
  endfacet
  facet normal 0 0 1
    outer loop
      vertex -28 23.5 5
      vertex -27.97534852915723 23.97037808470444 5
      vertex -28.049038105676658 27.5 5
    endloop
  endfacet
  facet normal 0 0 1
    outer loop
      vertex -27.97534852915723 23.97037808470444 5
      vertex -27.901664203302126 24.43560260867992 5
      vertex -27.96352549156242 27.63167787843871 5
    endloop
  endfacet
  facet normal 0 0 1
    outer loop
      vertex -27.901664203302126 24.43560260867992 5
      vertex -27.77975432332819 24.890576474687265 5
      vertex -27.86471723821609 27.753695909538287 5
    endloop
  endfacet
  facet normal 0 0 1
    outer loop
      vertex -28 23.5 5
      vertex -28.049038105676658 27.5 5
      vertex -28.1203181864639 27.3601049646137 5
    endloop
  endfacet
  facet normal 0 0 1
    outer loop
      vertex -27.97534852915723 23.97037808470444 5
      vertex -27.96352549156242 27.63167787843871 5
      vertex -28.049038105676658 27.5 5
    endloop
  endfacet
  facet normal 0 0 1
    outer loop
      vertex -27.77975432332819 24.890576474687265 5
      vertex -27.610954559391704 25.330314893841102 5
      vertex -27.753695909538287 27.86471723821609 5
    endloop
  endfacet
  facet normal 0 0 1
    outer loop
      vertex -27.610954559391704 25.330314893841102 5
      vertex -27.397114317029974 25.75 5
      vertex -27.5 28.049038105676658 5
    endloop
  endfacet
  facet normal 0 0 1
    outer loop
      vertex -27.901664203302126 24.43560260867992 5
      vertex -27.86471723821609 27.753695909538287 5
      vertex -27.96352549156242 27.63167787843871 5
    endloop
  endfacet
  facet normal 0 0 1
    outer loop
      vertex -27.77975432332819 24.890576474687265 5
      vertex -27.753695909538287 27.86471723821609 5
      vertex -27.86471723821609 27.753695909538287 5
    endloop
  endfacet
  facet normal 0 0 1
    outer loop
      vertex -27.610954559391704 25.330314893841102 5
      vertex -27.63167787843871 27.96352549156242 5
      vertex -27.753695909538287 27.86471723821609 5
    endloop
  endfacet
  facet normal 0 0 1
    outer loop
      vertex -27.610954559391704 25.330314893841102 5
      vertex -27.5 28.049038105676658 5
      vertex -27.63167787843871 27.96352549156242 5
    endloop
  endfacet
  facet normal 0 0 1
    outer loop
      vertex -27.397114317029974 25.75 5
      vertex -27.3601049646137 28.1203181864639 5
      vertex -27.5 28.049038105676658 5
    endloop
  endfacet
  facet normal 0 0 1
    outer loop
      vertex -27.397114317029974 25.75 5
      vertex -27.140576474687265 26.14503363531613 5
      vertex -27.21352549156242 28.17658477444273 5
    endloop
  endfacet
  facet normal 0 0 1
    outer loop
      vertex -27.397114317029974 25.75 5
      vertex -27.21352549156242 28.17658477444273 5
      vertex -27.3601049646137 28.1203181864639 5
    endloop
  endfacet
  facet normal 0 0 1
    outer loop
      vertex -27.140576474687265 26.14503363531613 5
      vertex -26.844151714648273 26.51108772861486 5
      vertex -26.90679269490148 28.24178284305241 5
    endloop
  endfacet
  facet normal 0 0 1
    outer loop
      vertex -26.844151714648273 26.51108772861486 5
      vertex -26.51108772861486 26.844151714648273 5
      vertex -26.75 28.25 5
    endloop
  endfacet
  facet normal 0 0 1
    outer loop
      vertex -27.140576474687265 26.14503363531613 5
      vertex -27.06186753622664 28.21722140110071 5
      vertex -27.21352549156242 28.17658477444273 5
    endloop
  endfacet
  facet normal 0 0 1
    outer loop
      vertex -27.140576474687265 26.14503363531613 5
      vertex -26.90679269490148 28.24178284305241 5
      vertex -27.06186753622664 28.21722140110071 5
    endloop
  endfacet
  facet normal 0 0 1
    outer loop
      vertex -26.844151714648273 26.51108772861486 5
      vertex -26.75 28.25 5
      vertex -26.90679269490148 28.24178284305241 5
    endloop
  endfacet
  facet normal 0 0 1
    outer loop
      vertex -26.51108772861486 26.844151714648273 5
      vertex -26.14503363531613 27.140576474687265 5
      vertex -26.75 28.25 5
    endloop
  endfacet
  facet normal 0 0 1
    outer loop
      vertex -26.75 28.25 5
      vertex -26.14503363531613 27.140576474687265 5
      vertex -25.75 27.397114317029974 5
    endloop
  endfacet
  facet normal 0 0 1
    outer loop
      vertex -26.75 28.25 5
      vertex -25.75 27.397114317029974 5
      vertex -25.330314893841102 27.610954559391704 5
    endloop
  endfacet
  facet normal 0 0 1
    outer loop
      vertex -26.75 28.25 5
      vertex -25.330314893841102 27.610954559391704 5
      vertex -24.890576474687265 27.77975432332819 5
    endloop
  endfacet
  facet normal 0 0 1
    outer loop
      vertex -26.75 28.25 5
      vertex -24.890576474687265 27.77975432332819 5
      vertex -24.43560260867992 27.901664203302126 5
    endloop
  endfacet
  facet normal 0 0 1
    outer loop
      vertex -26.75 28.25 5
      vertex -24.43560260867992 27.901664203302126 5
      vertex -23.97037808470444 27.97534852915723 5
    endloop
  endfacet
  facet normal 0 0 1
    outer loop
      vertex -26.75 28.25 5
      vertex -23.97037808470444 27.97534852915723 5
      vertex -23.5 28 5
    endloop
  endfacet
  facet normal 0 0 1
    outer loop
      vertex -26.75 28.25 5
      vertex -23.5 28 5
      vertex -23.02962191529556 27.97534852915723 5
    endloop
  endfacet
  facet normal 0 0 -1
    outer loop
      vertex -21.669685106158898 -19.389045440608296 0
      vertex -22.109423525312735 19.22024567667181 0
      vertex 19.389045440608296 21.669685106158898 0
    endloop
  endfacet
  facet normal 0 0 1
    outer loop
      vertex -21.669685106158898 -19.389045440608296 5
      vertex 19.389045440608296 21.669685106158898 5
      vertex -21.669685106158898 19.389045440608296 5
    endloop
  endfacet
  facet normal 0 0 -1
    outer loop
      vertex -22.109423525312735 19.22024567667181 0
      vertex -21.669685106158898 19.389045440608296 0
      vertex 19.389045440608296 21.669685106158898 0
    endloop
  endfacet
  facet normal 0 0 -1
    outer loop
      vertex -21.669685106158898 19.389045440608296 0
      vertex -21.25 19.602885682970026 0
      vertex 19.389045440608296 21.669685106158898 0
    endloop
  endfacet
  facet normal 0 0 -1
    outer loop
      vertex -21.25 19.602885682970026 0
      vertex -20.85496636468387 19.859423525312735 0
      vertex 19.389045440608296 21.669685106158898 0
    endloop
  endfacet
  facet normal 0 0 -1
    outer loop
      vertex -20.85496636468387 19.859423525312735 0
      vertex -20.48891227138514 20.155848285351727 0
      vertex 19.389045440608296 21.669685106158898 0
    endloop
  endfacet
  facet normal 0 0 -1
    outer loop
      vertex -20.48891227138514 20.155848285351727 0
      vertex -20.155848285351727 20.48891227138514 0
      vertex 19.389045440608296 21.669685106158898 0
    endloop
  endfacet
  facet normal 0 0 -1
    outer loop
      vertex -26.75 28.25 0
      vertex 23.02962191529556 27.97534852915723 0
      vertex -23.02962191529556 27.97534852915723 0
    endloop
  endfacet
  facet normal 0 0 -1
    outer loop
      vertex -23.02962191529556 27.97534852915723 0
      vertex 23.02962191529556 27.97534852915723 0
      vertex -22.56439739132008 27.901664203302126 0
    endloop
  endfacet
  facet normal 0 0 -1
    outer loop
      vertex -21.669685106158898 27.610954559391704 0
      vertex 21.669685106158898 27.610954559391704 0
      vertex -21.25 27.397114317029974 0
    endloop
  endfacet
  facet normal 0 0 -1
    outer loop
      vertex -22.109423525312735 27.77975432332819 0
      vertex 22.109423525312735 27.77975432332819 0
      vertex -21.669685106158898 27.610954559391704 0
    endloop
  endfacet
  facet normal 0 0 -1
    outer loop
      vertex -22.56439739132008 27.901664203302126 0
      vertex 22.56439739132008 27.901664203302126 0
      vertex -22.109423525312735 27.77975432332819 0
    endloop
  endfacet
  facet normal 0 1 0
    outer loop
      vertex -26.75 28.25 0
      vertex -26.75 28.25 5
      vertex 26.75 28.25 5
    endloop
  endfacet
  facet normal 0 0 -1
    outer loop
      vertex -20.155848285351727 20.48891227138514 0
      vertex -19.859423525312735 20.85496636468387 0
      vertex 19.389045440608296 21.669685106158898 0
    endloop
  endfacet
  facet normal 0 0 -1
    outer loop
      vertex -19.859423525312735 20.85496636468387 0
      vertex -19.602885682970026 21.25 0
      vertex 19.389045440608296 21.669685106158898 0
    endloop
  endfacet
  facet normal 0 0 -1
    outer loop
      vertex -19.602885682970026 21.25 0
      vertex -19.389045440608296 21.669685106158898 0
      vertex 19.389045440608296 21.669685106158898 0
    endloop
  endfacet
  facet normal 0 0 -1
    outer loop
      vertex -19.389045440608296 21.669685106158898 0
      vertex -19.22024567667181 22.109423525312735 0
      vertex 19.22024567667181 22.109423525312735 0
    endloop
  endfacet
  facet normal 0 0 -1
    outer loop
      vertex -19.22024567667181 22.109423525312735 0
      vertex -19.098335796697874 22.56439739132008 0
      vertex 19.098335796697874 22.56439739132008 0
    endloop
  endfacet
  facet normal 0 0 -1
    outer loop
      vertex -19.098335796697874 22.56439739132008 0
      vertex -19.02465147084277 23.02962191529556 0
      vertex 19.02465147084277 23.02962191529556 0
    endloop
  endfacet
  facet normal 0 0 -1
    outer loop
      vertex -19.02465147084277 23.02962191529556 0
      vertex -19 23.5 0
      vertex 19 23.5 0
    endloop
  endfacet
  facet normal 0 0 -1
    outer loop
      vertex -19 23.5 0
      vertex -19.02465147084277 23.97037808470444 0
      vertex 19.02465147084277 23.97037808470444 0
    endloop
  endfacet
  facet normal 0 0 -1
    outer loop
      vertex -19.02465147084277 23.97037808470444 0
      vertex -19.098335796697874 24.43560260867992 0
      vertex 19.098335796697874 24.43560260867992 0
    endloop
  endfacet
  facet normal 0 0 -1
    outer loop
      vertex -19.098335796697874 24.43560260867992 0
      vertex -19.22024567667181 24.890576474687265 0
      vertex 19.22024567667181 24.890576474687265 0
    endloop
  endfacet
  facet normal 0 0 -1
    outer loop
      vertex -19.22024567667181 24.890576474687265 0
      vertex -19.389045440608296 25.330314893841102 0
      vertex 19.389045440608296 25.330314893841102 0
    endloop
  endfacet
  facet normal 0 0 -1
    outer loop
      vertex -19.602885682970026 25.75 0
      vertex 19.602885682970026 25.75 0
      vertex -19.389045440608296 25.330314893841102 0
    endloop
  endfacet
  facet normal 0 0 -1
    outer loop
      vertex -19.602885682970026 25.75 0
      vertex -19.859423525312735 26.14503363531613 0
      vertex 19.859423525312735 26.14503363531613 0
    endloop
  endfacet
  facet normal 0 0 -1
    outer loop
      vertex -19.859423525312735 26.14503363531613 0
      vertex -20.155848285351727 26.51108772861486 0
      vertex 20.155848285351727 26.51108772861486 0
    endloop
  endfacet
  facet normal 0 0 -1
    outer loop
      vertex -20.48891227138514 26.844151714648273 0
      vertex 20.48891227138514 26.844151714648273 0
      vertex -20.155848285351727 26.51108772861486 0
    endloop
  endfacet
  facet normal 0 0 -1
    outer loop
      vertex -21.25 27.397114317029974 0
      vertex 21.25 27.397114317029974 0
      vertex -20.85496636468387 27.140576474687265 0
    endloop
  endfacet
  facet normal 0 0 -1
    outer loop
      vertex -20.85496636468387 27.140576474687265 0
      vertex 20.85496636468387 27.140576474687265 0
      vertex -20.48891227138514 26.844151714648273 0
    endloop
  endfacet
  facet normal 0 0 1
    outer loop
      vertex -21.669685106158898 19.389045440608296 5
      vertex 19.389045440608296 21.669685106158898 5
      vertex -21.25 19.602885682970026 5
    endloop
  endfacet
  facet normal 0 0 1
    outer loop
      vertex -21.25 19.602885682970026 5
      vertex 19.389045440608296 21.669685106158898 5
      vertex -20.85496636468387 19.859423525312735 5
    endloop
  endfacet
  facet normal 0 0 1
    outer loop
      vertex -20.85496636468387 19.859423525312735 5
      vertex 19.389045440608296 21.669685106158898 5
      vertex -20.48891227138514 20.155848285351727 5
    endloop
  endfacet
  facet normal 0 0 1
    outer loop
      vertex -20.48891227138514 20.155848285351727 5
      vertex 19.389045440608296 21.669685106158898 5
      vertex -20.155848285351727 20.48891227138514 5
    endloop
  endfacet
  facet normal 0 0 1
    outer loop
      vertex -26.75 28.25 5
      vertex -23.02962191529556 27.97534852915723 5
      vertex 23.02962191529556 27.97534852915723 5
    endloop
  endfacet
  facet normal 0 0 1
    outer loop
      vertex -21.25 27.397114317029974 5
      vertex -20.85496636468387 27.140576474687265 5
      vertex 20.85496636468387 27.140576474687265 5
    endloop
  endfacet
  facet normal 0 0 1
    outer loop
      vertex -23.02962191529556 27.97534852915723 5
      vertex -22.56439739132008 27.901664203302126 5
      vertex 22.56439739132008 27.901664203302126 5
    endloop
  endfacet
  facet normal 0 0 1
    outer loop
      vertex -22.56439739132008 27.901664203302126 5
      vertex -22.109423525312735 27.77975432332819 5
      vertex 22.109423525312735 27.77975432332819 5
    endloop
  endfacet
  facet normal 0 0 1
    outer loop
      vertex -22.109423525312735 27.77975432332819 5
      vertex -21.669685106158898 27.610954559391704 5
      vertex 21.669685106158898 27.610954559391704 5
    endloop
  endfacet
  facet normal 0 0 1
    outer loop
      vertex -21.669685106158898 27.610954559391704 5
      vertex -21.25 27.397114317029974 5
      vertex 21.25 27.397114317029974 5
    endloop
  endfacet
  facet normal 0 0 1
    outer loop
      vertex -20.155848285351727 20.48891227138514 5
      vertex 19.389045440608296 21.669685106158898 5
      vertex -19.859423525312735 20.85496636468387 5
    endloop
  endfacet
  facet normal 0 0 1
    outer loop
      vertex -19.859423525312735 20.85496636468387 5
      vertex 19.389045440608296 21.669685106158898 5
      vertex -19.602885682970026 21.25 5
    endloop
  endfacet
  facet normal 0 0 1
    outer loop
      vertex -19.602885682970026 21.25 5
      vertex 19.389045440608296 21.669685106158898 5
      vertex -19.389045440608296 21.669685106158898 5
    endloop
  endfacet
  facet normal 0 0 1
    outer loop
      vertex -19.389045440608296 21.669685106158898 5
      vertex 19.389045440608296 21.669685106158898 5
      vertex -19.22024567667181 22.109423525312735 5
    endloop
  endfacet
  facet normal 0 0 1
    outer loop
      vertex -19.22024567667181 22.109423525312735 5
      vertex 19.22024567667181 22.109423525312735 5
      vertex -19.098335796697874 22.56439739132008 5
    endloop
  endfacet
  facet normal 0 0 1
    outer loop
      vertex -19.098335796697874 22.56439739132008 5
      vertex 19.098335796697874 22.56439739132008 5
      vertex -19.02465147084277 23.02962191529556 5
    endloop
  endfacet
  facet normal 0 0 1
    outer loop
      vertex -19.02465147084277 23.02962191529556 5
      vertex 19.02465147084277 23.02962191529556 5
      vertex -19 23.5 5
    endloop
  endfacet
  facet normal 0 0 1
    outer loop
      vertex -19 23.5 5
      vertex 19 23.5 5
      vertex -19.02465147084277 23.97037808470444 5
    endloop
  endfacet
  facet normal 0 0 1
    outer loop
      vertex -19.02465147084277 23.97037808470444 5
      vertex 19.02465147084277 23.97037808470444 5
      vertex -19.098335796697874 24.43560260867992 5
    endloop
  endfacet
  facet normal 0 0 1
    outer loop
      vertex -19.098335796697874 24.43560260867992 5
      vertex 19.098335796697874 24.43560260867992 5
      vertex -19.22024567667181 24.890576474687265 5
    endloop
  endfacet
  facet normal 0 0 1
    outer loop
      vertex -19.22024567667181 24.890576474687265 5
      vertex 19.22024567667181 24.890576474687265 5
      vertex -19.389045440608296 25.330314893841102 5
    endloop
  endfacet
  facet normal 0 0 1
    outer loop
      vertex -19.602885682970026 25.75 5
      vertex -19.389045440608296 25.330314893841102 5
      vertex 19.389045440608296 25.330314893841102 5
    endloop
  endfacet
  facet normal 0 0 1
    outer loop
      vertex -19.859423525312735 26.14503363531613 5
      vertex 19.859423525312735 26.14503363531613 5
      vertex -20.155848285351727 26.51108772861486 5
    endloop
  endfacet
  facet normal 0 0 1
    outer loop
      vertex -19.602885682970026 25.75 5
      vertex 19.602885682970026 25.75 5
      vertex -19.859423525312735 26.14503363531613 5
    endloop
  endfacet
  facet normal 0 0 1
    outer loop
      vertex -20.48891227138514 26.844151714648273 5
      vertex -20.155848285351727 26.51108772861486 5
      vertex 20.155848285351727 26.51108772861486 5
    endloop
  endfacet
  facet normal 0 0 1
    outer loop
      vertex -20.85496636468387 27.140576474687265 5
      vertex -20.48891227138514 26.844151714648273 5
      vertex 20.48891227138514 26.844151714648273 5
    endloop
  endfacet
  facet normal 0 0 -1
    outer loop
      vertex -27.21352549156242 -28.17658477444273 0
      vertex 19.859423525312735 -26.14503363531613 0
      vertex 20.155848285351727 -26.51108772861486 0
    endloop
  endfacet
  facet normal 0 0 -1
    outer loop
      vertex -27.21352549156242 -28.17658477444273 0
      vertex 20.48891227138514 -26.844151714648273 0
      vertex 20.85496636468387 -27.140576474687265 0
    endloop
  endfacet
  facet normal 0 0 -1
    outer loop
      vertex -27.21352549156242 -28.17658477444273 0
      vertex 20.85496636468387 -27.140576474687265 0
      vertex 21.25 -27.397114317029974 0
    endloop
  endfacet
  facet normal 0 0 -1
    outer loop
      vertex -27.21352549156242 -28.17658477444273 0
      vertex 21.25 -27.397114317029974 0
      vertex 21.669685106158898 -27.610954559391704 0
    endloop
  endfacet
  facet normal 0 0 -1
    outer loop
      vertex -27.21352549156242 -28.17658477444273 0
      vertex 20.155848285351727 -26.51108772861486 0
      vertex 20.48891227138514 -26.844151714648273 0
    endloop
  endfacet
  facet normal 0 0 -1
    outer loop
      vertex -27.21352549156242 -28.17658477444273 0
      vertex 21.669685106158898 -27.610954559391704 0
      vertex 22.109423525312735 -27.77975432332819 0
    endloop
  endfacet
  facet normal 0 0 -1
    outer loop
      vertex -27.21352549156242 -28.17658477444273 0
      vertex 22.109423525312735 -27.77975432332819 0
      vertex 22.56439739132008 -27.901664203302126 0
    endloop
  endfacet
  facet normal 0 0 -1
    outer loop
      vertex -27.21352549156242 -28.17658477444273 0
      vertex 22.56439739132008 -27.901664203302126 0
      vertex 23.02962191529556 -27.97534852915723 0
    endloop
  endfacet
  facet normal 0 0 -1
    outer loop
      vertex -27.21352549156242 -28.17658477444273 0
      vertex 23.02962191529556 -27.97534852915723 0
      vertex 23.5 -28 0
    endloop
  endfacet
  facet normal 0 0 -1
    outer loop
      vertex -19.859423525312735 -26.14503363531613 0
      vertex 19.098335796697874 -24.43560260867992 0
      vertex 19.22024567667181 -24.890576474687265 0
    endloop
  endfacet
  facet normal 0 0 -1
    outer loop
      vertex -19.859423525312735 -26.14503363531613 0
      vertex 19.02465147084277 -23.97037808470444 0
      vertex 19.098335796697874 -24.43560260867992 0
    endloop
  endfacet
  facet normal 0 0 -1
    outer loop
      vertex -19.859423525312735 -26.14503363531613 0
      vertex 19.389045440608296 -25.330314893841102 0
      vertex 19.602885682970026 -25.75 0
    endloop
  endfacet
  facet normal 0 0 -1
    outer loop
      vertex -19.859423525312735 -26.14503363531613 0
      vertex 19.602885682970026 -25.75 0
      vertex 19.859423525312735 -26.14503363531613 0
    endloop
  endfacet
  facet normal 0 0 -1
    outer loop
      vertex -19.859423525312735 -26.14503363531613 0
      vertex 19.22024567667181 -24.890576474687265 0
      vertex 19.389045440608296 -25.330314893841102 0
    endloop
  endfacet
  facet normal 0 0 -1
    outer loop
      vertex -19.859423525312735 -26.14503363531613 0
      vertex 19 -23.5 0
      vertex 19.02465147084277 -23.97037808470444 0
    endloop
  endfacet
  facet normal 0 0 -1
    outer loop
      vertex -19.859423525312735 -26.14503363531613 0
      vertex 19.02465147084277 -23.02962191529556 0
      vertex 19 -23.5 0
    endloop
  endfacet
  facet normal 0 0 -1
    outer loop
      vertex -19.859423525312735 -26.14503363531613 0
      vertex 19.098335796697874 -22.56439739132008 0
      vertex 19.02465147084277 -23.02962191529556 0
    endloop
  endfacet
  facet normal 0 0 -1
    outer loop
      vertex -19.859423525312735 -26.14503363531613 0
      vertex 19.22024567667181 -22.109423525312735 0
      vertex 19.098335796697874 -22.56439739132008 0
    endloop
  endfacet
  facet normal 0 0 -1
    outer loop
      vertex -19.859423525312735 -26.14503363531613 0
      vertex 19.389045440608296 -21.669685106158898 0
      vertex 19.22024567667181 -22.109423525312735 0
    endloop
  endfacet
  facet normal 0 0 -1
    outer loop
      vertex -19.859423525312735 -26.14503363531613 0
      vertex 19.602885682970026 -21.25 0
      vertex 19.389045440608296 -21.669685106158898 0
    endloop
  endfacet
  facet normal 0 0 -1
    outer loop
      vertex -19.859423525312735 -26.14503363531613 0
      vertex 19.859423525312735 -20.85496636468387 0
      vertex 19.602885682970026 -21.25 0
    endloop
  endfacet
  facet normal 0 0 -1
    outer loop
      vertex -19.859423525312735 -26.14503363531613 0
      vertex 20.155848285351727 -20.48891227138514 0
      vertex 19.859423525312735 -20.85496636468387 0
    endloop
  endfacet
  facet normal 0 0 -1
    outer loop
      vertex -19.859423525312735 -26.14503363531613 0
      vertex 20.48891227138514 -20.155848285351727 0
      vertex 20.155848285351727 -20.48891227138514 0
    endloop
  endfacet
  facet normal 0 0 -1
    outer loop
      vertex -27.21352549156242 -28.17658477444273 0
      vertex 23.5 -28 0
      vertex 27.5 -28.049038105676658 0
    endloop
  endfacet
  facet normal 0 0 -1
    outer loop
      vertex -27.21352549156242 -28.17658477444273 0
      vertex 26.90679269490148 -28.24178284305241 0
      vertex 26.75 -28.25 0
    endloop
  endfacet
  facet normal 0 0 -1
    outer loop
      vertex -27.21352549156242 -28.17658477444273 0
      vertex 27.06186753622664 -28.21722140110071 0
      vertex 26.90679269490148 -28.24178284305241 0
    endloop
  endfacet
  facet normal 0 0 -1
    outer loop
      vertex -27.21352549156242 -28.17658477444273 0
      vertex 27.21352549156242 -28.17658477444273 0
      vertex 27.06186753622664 -28.21722140110071 0
    endloop
  endfacet
  facet normal 0 0 -1
    outer loop
      vertex -27.21352549156242 -28.17658477444273 0
      vertex 27.3601049646137 -28.1203181864639 0
      vertex 27.21352549156242 -28.17658477444273 0
    endloop
  endfacet
  facet normal 0 0 -1
    outer loop
      vertex -27.21352549156242 -28.17658477444273 0
      vertex 27.5 -28.049038105676658 0
      vertex 27.3601049646137 -28.1203181864639 0
    endloop
  endfacet
  facet normal 0 0 -1
    outer loop
      vertex -19.859423525312735 -26.14503363531613 0
      vertex 20.85496636468387 -19.859423525312735 0
      vertex 20.48891227138514 -20.155848285351727 0
    endloop
  endfacet
  facet normal 0 0 -1
    outer loop
      vertex -19.859423525312735 -26.14503363531613 0
      vertex 21.25 -19.602885682970026 0
      vertex 20.85496636468387 -19.859423525312735 0
    endloop
  endfacet
  facet normal 0 0 -1
    outer loop
      vertex -19.859423525312735 -26.14503363531613 0
      vertex 21.669685106158898 -19.389045440608296 0
      vertex 21.25 -19.602885682970026 0
    endloop
  endfacet
  facet normal 0 0 -1
    outer loop
      vertex -19.859423525312735 -26.14503363531613 0
      vertex 22.109423525312735 -19.22024567667181 0
      vertex 21.669685106158898 -19.389045440608296 0
    endloop
  endfacet
  facet normal 0 0 -1
    outer loop
      vertex -19.859423525312735 -26.14503363531613 0
      vertex 22.56439739132008 -19.098335796697874 0
      vertex 22.109423525312735 -19.22024567667181 0
    endloop
  endfacet
  facet normal 0 -1 0
    outer loop
      vertex -26.75 -28.25 5
      vertex 26.75 -28.25 0
      vertex 26.75 -28.25 5
    endloop
  endfacet
  facet normal 0 0 1
    outer loop
      vertex -26.90679269490148 -28.24178284305241 5
      vertex 20.155848285351727 -26.51108772861486 5
      vertex 19.859423525312735 -26.14503363531613 5
    endloop
  endfacet
  facet normal 0 0 1
    outer loop
      vertex -26.90679269490148 -28.24178284305241 5
      vertex 19.859423525312735 -26.14503363531613 5
      vertex 19.602885682970026 -25.75 5
    endloop
  endfacet
  facet normal 0 0 1
    outer loop
      vertex -26.90679269490148 -28.24178284305241 5
      vertex 20.85496636468387 -27.140576474687265 5
      vertex 20.48891227138514 -26.844151714648273 5
    endloop
  endfacet
  facet normal 0 0 1
    outer loop
      vertex -26.90679269490148 -28.24178284305241 5
      vertex 21.25 -27.397114317029974 5
      vertex 20.85496636468387 -27.140576474687265 5
    endloop
  endfacet
  facet normal 0 0 1
    outer loop
      vertex -26.90679269490148 -28.24178284305241 5
      vertex 20.48891227138514 -26.844151714648273 5
      vertex 20.155848285351727 -26.51108772861486 5
    endloop
  endfacet
  facet normal 0 0 1
    outer loop
      vertex -26.90679269490148 -28.24178284305241 5
      vertex 19.602885682970026 -25.75 5
      vertex 19.389045440608296 -25.330314893841102 5
    endloop
  endfacet
  facet normal 0 0 1
    outer loop
      vertex -26.90679269490148 -28.24178284305241 5
      vertex 22.109423525312735 -27.77975432332819 5
      vertex 21.669685106158898 -27.610954559391704 5
    endloop
  endfacet
  facet normal 0 0 1
    outer loop
      vertex -26.90679269490148 -28.24178284305241 5
      vertex 21.669685106158898 -27.610954559391704 5
      vertex 21.25 -27.397114317029974 5
    endloop
  endfacet
  facet normal 0 0 1
    outer loop
      vertex -26.90679269490148 -28.24178284305241 5
      vertex 22.56439739132008 -27.901664203302126 5
      vertex 22.109423525312735 -27.77975432332819 5
    endloop
  endfacet
  facet normal 0 0 1
    outer loop
      vertex -26.90679269490148 -28.24178284305241 5
      vertex 23.02962191529556 -27.97534852915723 5
      vertex 22.56439739132008 -27.901664203302126 5
    endloop
  endfacet
  facet normal 0 0 1
    outer loop
      vertex -26.90679269490148 -28.24178284305241 5
      vertex 23.5 -28 5
      vertex 23.02962191529556 -27.97534852915723 5
    endloop
  endfacet
  facet normal 0 0 1
    outer loop
      vertex -19.859423525312735 -26.14503363531613 5
      vertex 19.22024567667181 -24.890576474687265 5
      vertex 19.098335796697874 -24.43560260867992 5
    endloop
  endfacet
  facet normal 0 0 1
    outer loop
      vertex -19.859423525312735 -26.14503363531613 5
      vertex 19.098335796697874 -24.43560260867992 5
      vertex 19.02465147084277 -23.97037808470444 5
    endloop
  endfacet
  facet normal 0 0 1
    outer loop
      vertex -19.859423525312735 -26.14503363531613 5
      vertex 19.389045440608296 -25.330314893841102 5
      vertex 19.22024567667181 -24.890576474687265 5
    endloop
  endfacet
  facet normal 0 0 1
    outer loop
      vertex -19.859423525312735 -26.14503363531613 5
      vertex 19.02465147084277 -23.97037808470444 5
      vertex 19 -23.5 5
    endloop
  endfacet
  facet normal 0 0 1
    outer loop
      vertex -19.859423525312735 -26.14503363531613 5
      vertex 19 -23.5 5
      vertex 19.02465147084277 -23.02962191529556 5
    endloop
  endfacet
  facet normal 0 0 1
    outer loop
      vertex -19.859423525312735 -26.14503363531613 5
      vertex 19.02465147084277 -23.02962191529556 5
      vertex 19.098335796697874 -22.56439739132008 5
    endloop
  endfacet
  facet normal 0 0 1
    outer loop
      vertex -19.859423525312735 -26.14503363531613 5
      vertex 19.098335796697874 -22.56439739132008 5
      vertex 19.22024567667181 -22.109423525312735 5
    endloop
  endfacet
  facet normal 0 0 1
    outer loop
      vertex -19.859423525312735 -26.14503363531613 5
      vertex 19.22024567667181 -22.109423525312735 5
      vertex 19.389045440608296 -21.669685106158898 5
    endloop
  endfacet
  facet normal 0 0 1
    outer loop
      vertex -19.859423525312735 -26.14503363531613 5
      vertex 19.389045440608296 -21.669685106158898 5
      vertex 19.602885682970026 -21.25 5
    endloop
  endfacet
  facet normal 0 0 1
    outer loop
      vertex -19.859423525312735 -26.14503363531613 5
      vertex 19.602885682970026 -21.25 5
      vertex 19.859423525312735 -20.85496636468387 5
    endloop
  endfacet
  facet normal 0 0 1
    outer loop
      vertex -19.859423525312735 -26.14503363531613 5
      vertex 19.859423525312735 -20.85496636468387 5
      vertex 20.155848285351727 -20.48891227138514 5
    endloop
  endfacet
  facet normal 0 0 1
    outer loop
      vertex -19.859423525312735 -26.14503363531613 5
      vertex 20.155848285351727 -20.48891227138514 5
      vertex 20.48891227138514 -20.155848285351727 5
    endloop
  endfacet
  facet normal 0 0 1
    outer loop
      vertex -26.90679269490148 -28.24178284305241 5
      vertex 27.5 -28.049038105676658 5
      vertex 23.5 -28 5
    endloop
  endfacet
  facet normal 0 0 1
    outer loop
      vertex -26.90679269490148 -28.24178284305241 5
      vertex 26.75 -28.25 5
      vertex 26.90679269490148 -28.24178284305241 5
    endloop
  endfacet
  facet normal 0 0 1
    outer loop
      vertex -26.90679269490148 -28.24178284305241 5
      vertex 26.90679269490148 -28.24178284305241 5
      vertex 27.06186753622664 -28.21722140110071 5
    endloop
  endfacet
  facet normal 0 0 1
    outer loop
      vertex -26.90679269490148 -28.24178284305241 5
      vertex 27.06186753622664 -28.21722140110071 5
      vertex 27.21352549156242 -28.17658477444273 5
    endloop
  endfacet
  facet normal 0 0 1
    outer loop
      vertex -26.90679269490148 -28.24178284305241 5
      vertex 27.21352549156242 -28.17658477444273 5
      vertex 27.3601049646137 -28.1203181864639 5
    endloop
  endfacet
  facet normal 0 0 1
    outer loop
      vertex -26.90679269490148 -28.24178284305241 5
      vertex 27.3601049646137 -28.1203181864639 5
      vertex 27.5 -28.049038105676658 5
    endloop
  endfacet
  facet normal 0 0 1
    outer loop
      vertex -19.859423525312735 -26.14503363531613 5
      vertex 20.48891227138514 -20.155848285351727 5
      vertex 20.85496636468387 -19.859423525312735 5
    endloop
  endfacet
  facet normal 0 0 1
    outer loop
      vertex -19.859423525312735 -26.14503363531613 5
      vertex 20.85496636468387 -19.859423525312735 5
      vertex 21.25 -19.602885682970026 5
    endloop
  endfacet
  facet normal 0 0 1
    outer loop
      vertex -19.859423525312735 -26.14503363531613 5
      vertex 21.25 -19.602885682970026 5
      vertex 21.669685106158898 -19.389045440608296 5
    endloop
  endfacet
  facet normal 0 0 1
    outer loop
      vertex -19.859423525312735 -26.14503363531613 5
      vertex 21.669685106158898 -19.389045440608296 5
      vertex 22.109423525312735 -19.22024567667181 5
    endloop
  endfacet
  facet normal 0 0 1
    outer loop
      vertex -19.859423525312735 -26.14503363531613 5
      vertex 22.109423525312735 -19.22024567667181 5
      vertex 22.56439739132008 -19.098335796697874 5
    endloop
  endfacet
  facet normal 0 0 -1
    outer loop
      vertex -19.859423525312735 -26.14503363531613 0
      vertex 26.14503363531613 19.859423525312735 0
      vertex 22.56439739132008 -19.098335796697874 0
    endloop
  endfacet
  facet normal 0 0 1
    outer loop
      vertex -19.859423525312735 -26.14503363531613 5
      vertex 22.56439739132008 -19.098335796697874 5
      vertex 26.14503363531613 19.859423525312735 5
    endloop
  endfacet
  facet normal 0 0 -1
    outer loop
      vertex 23.5 -28 0
      vertex 23.97037808470444 -27.97534852915723 0
      vertex 27.63167787843871 -27.96352549156242 0
    endloop
  endfacet
  facet normal 0 0 -1
    outer loop
      vertex 23.97037808470444 -27.97534852915723 0
      vertex 24.43560260867992 -27.901664203302126 0
      vertex 27.63167787843871 -27.96352549156242 0
    endloop
  endfacet
  facet normal 0 0 -1
    outer loop
      vertex 24.43560260867992 -27.901664203302126 0
      vertex 24.890576474687265 -27.77975432332819 0
      vertex 27.753695909538287 -27.86471723821609 0
    endloop
  endfacet
  facet normal 0 0 -1
    outer loop
      vertex 24.890576474687265 -27.77975432332819 0
      vertex 25.330314893841102 -27.610954559391704 0
      vertex 27.753695909538287 -27.86471723821609 0
    endloop
  endfacet
  facet normal 0 0 -1
    outer loop
      vertex 23.5 -28 0
      vertex 27.63167787843871 -27.96352549156242 0
      vertex 27.5 -28.049038105676658 0
    endloop
  endfacet
  facet normal 0 0 -1
    outer loop
      vertex 25.330314893841102 -27.610954559391704 0
      vertex 25.75 -27.397114317029974 0
      vertex 28.049038105676658 -27.5 0
    endloop
  endfacet
  facet normal 0 0 -1
    outer loop
      vertex 24.43560260867992 -27.901664203302126 0
      vertex 27.753695909538287 -27.86471723821609 0
      vertex 27.63167787843871 -27.96352549156242 0
    endloop
  endfacet
  facet normal 0 0 -1
    outer loop
      vertex 25.330314893841102 -27.610954559391704 0
      vertex 27.86471723821609 -27.753695909538287 0
      vertex 27.753695909538287 -27.86471723821609 0
    endloop
  endfacet
  facet normal 0 0 -1
    outer loop
      vertex 25.330314893841102 -27.610954559391704 0
      vertex 27.96352549156242 -27.63167787843871 0
      vertex 27.86471723821609 -27.753695909538287 0
    endloop
  endfacet
  facet normal 0 0 -1
    outer loop
      vertex 25.330314893841102 -27.610954559391704 0
      vertex 28.049038105676658 -27.5 0
      vertex 27.96352549156242 -27.63167787843871 0
    endloop
  endfacet
  facet normal 0 0 -1
    outer loop
      vertex 25.75 -27.397114317029974 0
      vertex 26.14503363531613 -27.140576474687265 0
      vertex 28.049038105676658 -27.5 0
    endloop
  endfacet
  facet normal 0 0 -1
    outer loop
      vertex 26.14503363531613 -27.140576474687265 0
      vertex 26.51108772861486 -26.844151714648273 0
      vertex 28.17658477444273 -27.21352549156242 0
    endloop
  endfacet
  facet normal 0 0 -1
    outer loop
      vertex 26.51108772861486 -26.844151714648273 0
      vertex 26.844151714648273 -26.51108772861486 0
      vertex 28.25 -26.75 0
    endloop
  endfacet
  facet normal 0 0 -1
    outer loop
      vertex 26.14503363531613 -27.140576474687265 0
      vertex 28.1203181864639 -27.3601049646137 0
      vertex 28.049038105676658 -27.5 0
    endloop
  endfacet
  facet normal 0 0 -1
    outer loop
      vertex 26.14503363531613 -27.140576474687265 0
      vertex 28.17658477444273 -27.21352549156242 0
      vertex 28.1203181864639 -27.3601049646137 0
    endloop
  endfacet
  facet normal 0 0 -1
    outer loop
      vertex 26.51108772861486 -26.844151714648273 0
      vertex 28.21722140110071 -27.06186753622664 0
      vertex 28.17658477444273 -27.21352549156242 0
    endloop
  endfacet
  facet normal 0 0 -1
    outer loop
      vertex 26.51108772861486 -26.844151714648273 0
      vertex 28.24178284305241 -26.90679269490148 0
      vertex 28.21722140110071 -27.06186753622664 0
    endloop
  endfacet
  facet normal 0 0 -1
    outer loop
      vertex 26.51108772861486 -26.844151714648273 0
      vertex 28.25 -26.75 0
      vertex 28.24178284305241 -26.90679269490148 0
    endloop
  endfacet
  facet normal 0 0 -1
    outer loop
      vertex 26.844151714648273 -26.51108772861486 0
      vertex 27.140576474687265 -26.14503363531613 0
      vertex 28.25 -26.75 0
    endloop
  endfacet
  facet normal 0 0 -1
    outer loop
      vertex 28.25 -26.75 0
      vertex 27.140576474687265 -26.14503363531613 0
      vertex 27.397114317029974 -25.75 0
    endloop
  endfacet
  facet normal 0 0 -1
    outer loop
      vertex 28.25 -26.75 0
      vertex 27.397114317029974 -25.75 0
      vertex 27.610954559391704 -25.330314893841102 0
    endloop
  endfacet
  facet normal 0 0 -1
    outer loop
      vertex 28.25 -26.75 0
      vertex 27.610954559391704 -25.330314893841102 0
      vertex 27.77975432332819 -24.890576474687265 0
    endloop
  endfacet
  facet normal 0 0 -1
    outer loop
      vertex 28.25 -26.75 0
      vertex 27.77975432332819 -24.890576474687265 0
      vertex 27.901664203302126 -24.43560260867992 0
    endloop
  endfacet
  facet normal 0 0 -1
    outer loop
      vertex 28.25 -26.75 0
      vertex 27.901664203302126 -24.43560260867992 0
      vertex 27.97534852915723 -23.97037808470444 0
    endloop
  endfacet
  facet normal 0 0 -1
    outer loop
      vertex 28.25 -26.75 0
      vertex 27.97534852915723 -23.97037808470444 0
      vertex 28 -23.5 0
    endloop
  endfacet
  facet normal 0.05233595624295079 -0.9986295347545735 0
    outer loop
      vertex 26.75 -28.25 0
      vertex 26.90679269490148 -28.24178284305241 0
      vertex 26.90679269490148 -28.24178284305241 5
    endloop
  endfacet
  facet normal 0.15643446504022285 -0.987688340595139 0
    outer loop
      vertex 26.90679269490148 -28.24178284305241 0
      vertex 27.06186753622664 -28.21722140110071 0
      vertex 26.90679269490148 -28.24178284305241 5
    endloop
  endfacet
  facet normal 0.2588190451025205 -0.9659258262890684 0
    outer loop
      vertex 27.06186753622664 -28.21722140110071 0
      vertex 27.21352549156242 -28.17658477444273 0
      vertex 27.06186753622664 -28.21722140110071 5
    endloop
  endfacet
  facet normal 0.35836794954530105 -0.9335804264972015 0
    outer loop
      vertex 27.21352549156242 -28.17658477444273 0
      vertex 27.3601049646137 -28.1203181864639 0
      vertex 27.3601049646137 -28.1203181864639 5
    endloop
  endfacet
  facet normal 0.4539904997395476 -0.8910065241883675 0
    outer loop
      vertex 27.3601049646137 -28.1203181864639 0
      vertex 27.5 -28.049038105676658 0
      vertex 27.3601049646137 -28.1203181864639 5
    endloop
  endfacet
  facet normal 0.5446390350150292 -0.8386705679454226 0
    outer loop
      vertex 27.5 -28.049038105676658 0
      vertex 27.63167787843871 -27.96352549156242 0
      vertex 27.63167787843871 -27.96352549156242 5
    endloop
  endfacet
  facet normal 0.6293203910498374 -0.777145961456971 0
    outer loop
      vertex 27.63167787843871 -27.96352549156242 0
      vertex 27.753695909538287 -27.86471723821609 0
      vertex 27.63167787843871 -27.96352549156242 5
    endloop
  endfacet
  facet normal 0.7071067811865476 -0.7071067811865476 0
    outer loop
      vertex 27.753695909538287 -27.86471723821609 0
      vertex 27.86471723821609 -27.753695909538287 0
      vertex 27.753695909538287 -27.86471723821609 5
    endloop
  endfacet
  facet normal 0.777145961456971 -0.6293203910498374 0
    outer loop
      vertex 27.86471723821609 -27.753695909538287 0
      vertex 27.96352549156242 -27.63167787843871 0
      vertex 27.96352549156242 -27.63167787843871 5
    endloop
  endfacet
  facet normal 0.8386705679454226 -0.5446390350150292 0
    outer loop
      vertex 27.96352549156242 -27.63167787843871 0
      vertex 28.049038105676658 -27.5 0
      vertex 27.96352549156242 -27.63167787843871 5
    endloop
  endfacet
  facet normal 0.8910065241883675 -0.4539904997395476 0
    outer loop
      vertex 28.049038105676658 -27.5 0
      vertex 28.1203181864639 -27.3601049646137 0
      vertex 28.1203181864639 -27.3601049646137 5
    endloop
  endfacet
  facet normal 0.9335804264972015 -0.35836794954530105 0
    outer loop
      vertex 28.1203181864639 -27.3601049646137 0
      vertex 28.17658477444273 -27.21352549156242 0
      vertex 28.17658477444273 -27.21352549156242 5
    endloop
  endfacet
  facet normal 0.9659258262890684 -0.2588190451025205 0
    outer loop
      vertex 28.17658477444273 -27.21352549156242 0
      vertex 28.21722140110071 -27.06186753622664 0
      vertex 28.17658477444273 -27.21352549156242 5
    endloop
  endfacet
  facet normal 0.987688340595139 -0.15643446504022285 0
    outer loop
      vertex 28.21722140110071 -27.06186753622664 0
      vertex 28.24178284305241 -26.90679269490148 0
      vertex 28.21722140110071 -27.06186753622664 5
    endloop
  endfacet
  facet normal 0.9986295347545735 -0.05233595624295079 0
    outer loop
      vertex 28.24178284305241 -26.90679269490148 0
      vertex 28.25 -26.75 0
      vertex 28.25 -26.75 5
    endloop
  endfacet
  facet normal 0.05233595624295079 -0.9986295347545735 0
    outer loop
      vertex 26.75 -28.25 0
      vertex 26.90679269490148 -28.24178284305241 5
      vertex 26.75 -28.25 5
    endloop
  endfacet
  facet normal 0.15643446504022285 -0.987688340595139 0
    outer loop
      vertex 27.06186753622664 -28.21722140110071 0
      vertex 27.06186753622664 -28.21722140110071 5
      vertex 26.90679269490148 -28.24178284305241 5
    endloop
  endfacet
  facet normal 0.2588190451025205 -0.9659258262890684 0
    outer loop
      vertex 27.21352549156242 -28.17658477444273 0
      vertex 27.21352549156242 -28.17658477444273 5
      vertex 27.06186753622664 -28.21722140110071 5
    endloop
  endfacet
  facet normal 0.35836794954530105 -0.9335804264972015 0
    outer loop
      vertex 27.21352549156242 -28.17658477444273 0
      vertex 27.3601049646137 -28.1203181864639 5
      vertex 27.21352549156242 -28.17658477444273 5
    endloop
  endfacet
  facet normal 0.4539904997395476 -0.8910065241883675 0
    outer loop
      vertex 27.5 -28.049038105676658 0
      vertex 27.5 -28.049038105676658 5
      vertex 27.3601049646137 -28.1203181864639 5
    endloop
  endfacet
  facet normal 0.5446390350150292 -0.8386705679454226 0
    outer loop
      vertex 27.5 -28.049038105676658 0
      vertex 27.63167787843871 -27.96352549156242 5
      vertex 27.5 -28.049038105676658 5
    endloop
  endfacet
  facet normal 0.6293203910498374 -0.777145961456971 0
    outer loop
      vertex 27.753695909538287 -27.86471723821609 0
      vertex 27.753695909538287 -27.86471723821609 5
      vertex 27.63167787843871 -27.96352549156242 5
    endloop
  endfacet
  facet normal 0.7071067811865476 -0.7071067811865476 0
    outer loop
      vertex 27.86471723821609 -27.753695909538287 0
      vertex 27.86471723821609 -27.753695909538287 5
      vertex 27.753695909538287 -27.86471723821609 5
    endloop
  endfacet
  facet normal 0.777145961456971 -0.6293203910498374 0
    outer loop
      vertex 27.86471723821609 -27.753695909538287 0
      vertex 27.96352549156242 -27.63167787843871 5
      vertex 27.86471723821609 -27.753695909538287 5
    endloop
  endfacet
  facet normal 0.8386705679454226 -0.5446390350150292 0
    outer loop
      vertex 28.049038105676658 -27.5 0
      vertex 28.049038105676658 -27.5 5
      vertex 27.96352549156242 -27.63167787843871 5
    endloop
  endfacet
  facet normal 0.8910065241883675 -0.4539904997395476 0
    outer loop
      vertex 28.049038105676658 -27.5 0
      vertex 28.1203181864639 -27.3601049646137 5
      vertex 28.049038105676658 -27.5 5
    endloop
  endfacet
  facet normal 0.9335804264972015 -0.35836794954530105 0
    outer loop
      vertex 28.1203181864639 -27.3601049646137 0
      vertex 28.17658477444273 -27.21352549156242 5
      vertex 28.1203181864639 -27.3601049646137 5
    endloop
  endfacet
  facet normal 0.9659258262890684 -0.2588190451025205 0
    outer loop
      vertex 28.21722140110071 -27.06186753622664 0
      vertex 28.21722140110071 -27.06186753622664 5
      vertex 28.17658477444273 -27.21352549156242 5
    endloop
  endfacet
  facet normal 0.987688340595139 -0.15643446504022285 0
    outer loop
      vertex 28.24178284305241 -26.90679269490148 0
      vertex 28.24178284305241 -26.90679269490148 5
      vertex 28.21722140110071 -27.06186753622664 5
    endloop
  endfacet
  facet normal 0.9986295347545735 -0.05233595624295079 0
    outer loop
      vertex 28.24178284305241 -26.90679269490148 0
      vertex 28.25 -26.75 5
      vertex 28.24178284305241 -26.90679269490148 5
    endloop
  endfacet
  facet normal 0 0 1
    outer loop
      vertex 23.5 -28 5
      vertex 27.5 -28.049038105676658 5
      vertex 23.97037808470444 -27.97534852915723 5
    endloop
  endfacet
  facet normal 0 0 1
    outer loop
      vertex 23.97037808470444 -27.97534852915723 5
      vertex 27.63167787843871 -27.96352549156242 5
      vertex 24.43560260867992 -27.901664203302126 5
    endloop
  endfacet
  facet normal 0 0 1
    outer loop
      vertex 24.43560260867992 -27.901664203302126 5
      vertex 27.63167787843871 -27.96352549156242 5
      vertex 24.890576474687265 -27.77975432332819 5
    endloop
  endfacet
  facet normal 0 0 1
    outer loop
      vertex 24.890576474687265 -27.77975432332819 5
      vertex 27.86471723821609 -27.753695909538287 5
      vertex 25.330314893841102 -27.610954559391704 5
    endloop
  endfacet
  facet normal 0 0 1
    outer loop
      vertex 23.97037808470444 -27.97534852915723 5
      vertex 27.5 -28.049038105676658 5
      vertex 27.63167787843871 -27.96352549156242 5
    endloop
  endfacet
  facet normal 0 0 1
    outer loop
      vertex 25.330314893841102 -27.610954559391704 5
      vertex 27.96352549156242 -27.63167787843871 5
      vertex 25.75 -27.397114317029974 5
    endloop
  endfacet
  facet normal 0 0 1
    outer loop
      vertex 24.890576474687265 -27.77975432332819 5
      vertex 27.63167787843871 -27.96352549156242 5
      vertex 27.753695909538287 -27.86471723821609 5
    endloop
  endfacet
  facet normal 0 0 1
    outer loop
      vertex 24.890576474687265 -27.77975432332819 5
      vertex 27.753695909538287 -27.86471723821609 5
      vertex 27.86471723821609 -27.753695909538287 5
    endloop
  endfacet
  facet normal 0 0 1
    outer loop
      vertex 25.330314893841102 -27.610954559391704 5
      vertex 27.86471723821609 -27.753695909538287 5
      vertex 27.96352549156242 -27.63167787843871 5
    endloop
  endfacet
  facet normal 0 0 1
    outer loop
      vertex 25.75 -27.397114317029974 5
      vertex 27.96352549156242 -27.63167787843871 5
      vertex 28.049038105676658 -27.5 5
    endloop
  endfacet
  facet normal 0 0 1
    outer loop
      vertex 25.75 -27.397114317029974 5
      vertex 28.049038105676658 -27.5 5
      vertex 28.1203181864639 -27.3601049646137 5
    endloop
  endfacet
  facet normal 0 0 1
    outer loop
      vertex 25.75 -27.397114317029974 5
      vertex 28.1203181864639 -27.3601049646137 5
      vertex 26.14503363531613 -27.140576474687265 5
    endloop
  endfacet
  facet normal 0 0 1
    outer loop
      vertex 26.14503363531613 -27.140576474687265 5
      vertex 28.17658477444273 -27.21352549156242 5
      vertex 26.51108772861486 -26.844151714648273 5
    endloop
  endfacet
  facet normal 0 0 1
    outer loop
      vertex 26.51108772861486 -26.844151714648273 5
      vertex 28.24178284305241 -26.90679269490148 5
      vertex 26.844151714648273 -26.51108772861486 5
    endloop
  endfacet
  facet normal 0 0 1
    outer loop
      vertex 26.14503363531613 -27.140576474687265 5
      vertex 28.1203181864639 -27.3601049646137 5
      vertex 28.17658477444273 -27.21352549156242 5
    endloop
  endfacet
  facet normal 0 0 1
    outer loop
      vertex 26.51108772861486 -26.844151714648273 5
      vertex 28.17658477444273 -27.21352549156242 5
      vertex 28.21722140110071 -27.06186753622664 5
    endloop
  endfacet
  facet normal 0 0 1
    outer loop
      vertex 26.51108772861486 -26.844151714648273 5
      vertex 28.21722140110071 -27.06186753622664 5
      vertex 28.24178284305241 -26.90679269490148 5
    endloop
  endfacet
  facet normal 0 0 1
    outer loop
      vertex 26.844151714648273 -26.51108772861486 5
      vertex 28.24178284305241 -26.90679269490148 5
      vertex 28.25 -26.75 5
    endloop
  endfacet
  facet normal 0 0 1
    outer loop
      vertex 26.844151714648273 -26.51108772861486 5
      vertex 28.25 -26.75 5
      vertex 27.140576474687265 -26.14503363531613 5
    endloop
  endfacet
  facet normal 0 0 1
    outer loop
      vertex 28.25 -26.75 5
      vertex 27.397114317029974 -25.75 5
      vertex 27.140576474687265 -26.14503363531613 5
    endloop
  endfacet
  facet normal 0 0 1
    outer loop
      vertex 28.25 -26.75 5
      vertex 27.610954559391704 -25.330314893841102 5
      vertex 27.397114317029974 -25.75 5
    endloop
  endfacet
  facet normal 0 0 1
    outer loop
      vertex 28.25 -26.75 5
      vertex 27.77975432332819 -24.890576474687265 5
      vertex 27.610954559391704 -25.330314893841102 5
    endloop
  endfacet
  facet normal 0 0 1
    outer loop
      vertex 28.25 -26.75 5
      vertex 27.901664203302126 -24.43560260867992 5
      vertex 27.77975432332819 -24.890576474687265 5
    endloop
  endfacet
  facet normal 0 0 1
    outer loop
      vertex 28.25 -26.75 5
      vertex 27.97534852915723 -23.97037808470444 5
      vertex 27.901664203302126 -24.43560260867992 5
    endloop
  endfacet
  facet normal 0 0 1
    outer loop
      vertex 28.25 -26.75 5
      vertex 28 -23.5 5
      vertex 27.97534852915723 -23.97037808470444 5
    endloop
  endfacet
  facet normal 0 0 -1
    outer loop
      vertex 28.25 -26.75 0
      vertex 28 -23.5 0
      vertex 26.14503363531613 19.859423525312735 0
    endloop
  endfacet
  facet normal 0 0 -1
    outer loop
      vertex 28 -23.5 0
      vertex 27.97534852915723 -23.02962191529556 0
      vertex 26.14503363531613 19.859423525312735 0
    endloop
  endfacet
  facet normal 0 0 -1
    outer loop
      vertex 27.97534852915723 -23.02962191529556 0
      vertex 27.901664203302126 -22.56439739132008 0
      vertex 26.14503363531613 19.859423525312735 0
    endloop
  endfacet
  facet normal 0 0 -1
    outer loop
      vertex 27.77975432332819 -22.109423525312735 0
      vertex 26.14503363531613 19.859423525312735 0
      vertex 27.901664203302126 -22.56439739132008 0
    endloop
  endfacet
  facet normal 0 0 -1
    outer loop
      vertex 27.77975432332819 -22.109423525312735 0
      vertex 27.610954559391704 -21.669685106158898 0
      vertex 26.14503363531613 19.859423525312735 0
    endloop
  endfacet
  facet normal 0 0 -1
    outer loop
      vertex 27.397114317029974 -21.25 0
      vertex 27.140576474687265 -20.85496636468387 0
      vertex 26.14503363531613 19.859423525312735 0
    endloop
  endfacet
  facet normal 0 0 -1
    outer loop
      vertex 26.844151714648273 -20.48891227138514 0
      vertex 26.14503363531613 19.859423525312735 0
      vertex 27.140576474687265 -20.85496636468387 0
    endloop
  endfacet
  facet normal 0 0 -1
    outer loop
      vertex 27.610954559391704 -21.669685106158898 0
      vertex 27.397114317029974 -21.25 0
      vertex 26.14503363531613 19.859423525312735 0
    endloop
  endfacet
  facet normal 1 0 0
    outer loop
      vertex 28.25 -26.75 0
      vertex 28.25 26.75 5
      vertex 28.25 -26.75 5
    endloop
  endfacet
  facet normal 0 0 -1
    outer loop
      vertex 22.56439739132008 -19.098335796697874 0
      vertex 26.14503363531613 19.859423525312735 0
      vertex 23.02962191529556 -19.02465147084277 0
    endloop
  endfacet
  facet normal 0 0 -1
    outer loop
      vertex 23.02962191529556 -19.02465147084277 0
      vertex 26.14503363531613 19.859423525312735 0
      vertex 23.5 -19 0
    endloop
  endfacet
  facet normal 0 0 -1
    outer loop
      vertex 23.5 -19 0
      vertex 26.14503363531613 19.859423525312735 0
      vertex 23.97037808470444 -19.02465147084277 0
    endloop
  endfacet
  facet normal 0 0 -1
    outer loop
      vertex 24.890576474687265 -19.22024567667181 0
      vertex 26.14503363531613 19.859423525312735 0
      vertex 25.330314893841102 -19.389045440608296 0
    endloop
  endfacet
  facet normal 0 0 -1
    outer loop
      vertex 23.97037808470444 -19.02465147084277 0
      vertex 26.14503363531613 19.859423525312735 0
      vertex 24.43560260867992 -19.098335796697874 0
    endloop
  endfacet
  facet normal 0 0 -1
    outer loop
      vertex 24.43560260867992 -19.098335796697874 0
      vertex 26.14503363531613 19.859423525312735 0
      vertex 24.890576474687265 -19.22024567667181 0
    endloop
  endfacet
  facet normal 0 0 -1
    outer loop
      vertex 25.75 -19.602885682970026 0
      vertex 25.330314893841102 -19.389045440608296 0
      vertex 26.14503363531613 19.859423525312735 0
    endloop
  endfacet
  facet normal 0 0 -1
    outer loop
      vertex 25.75 -19.602885682970026 0
      vertex 26.14503363531613 19.859423525312735 0
      vertex 26.14503363531613 -19.859423525312735 0
    endloop
  endfacet
  facet normal 0 0 -1
    outer loop
      vertex 26.14503363531613 -19.859423525312735 0
      vertex 26.14503363531613 19.859423525312735 0
      vertex 26.51108772861486 -20.155848285351727 0
    endloop
  endfacet
  facet normal 0 0 -1
    outer loop
      vertex 26.844151714648273 -20.48891227138514 0
      vertex 26.51108772861486 -20.155848285351727 0
      vertex 26.14503363531613 19.859423525312735 0
    endloop
  endfacet
  facet normal 0 0 1
    outer loop
      vertex 28.25 -26.75 5
      vertex 26.14503363531613 19.859423525312735 5
      vertex 28 -23.5 5
    endloop
  endfacet
  facet normal 0 0 1
    outer loop
      vertex 28 -23.5 5
      vertex 26.14503363531613 19.859423525312735 5
      vertex 27.97534852915723 -23.02962191529556 5
    endloop
  endfacet
  facet normal 0 0 1
    outer loop
      vertex 27.97534852915723 -23.02962191529556 5
      vertex 26.14503363531613 19.859423525312735 5
      vertex 27.901664203302126 -22.56439739132008 5
    endloop
  endfacet
  facet normal 0 0 1
    outer loop
      vertex 27.77975432332819 -22.109423525312735 5
      vertex 27.901664203302126 -22.56439739132008 5
      vertex 26.14503363531613 19.859423525312735 5
    endloop
  endfacet
  facet normal 0 0 1
    outer loop
      vertex 27.77975432332819 -22.109423525312735 5
      vertex 26.14503363531613 19.859423525312735 5
      vertex 27.610954559391704 -21.669685106158898 5
    endloop
  endfacet
  facet normal 0 0 1
    outer loop
      vertex 27.397114317029974 -21.25 5
      vertex 26.14503363531613 19.859423525312735 5
      vertex 27.140576474687265 -20.85496636468387 5
    endloop
  endfacet
  facet normal 0 0 1
    outer loop
      vertex 26.844151714648273 -20.48891227138514 5
      vertex 27.140576474687265 -20.85496636468387 5
      vertex 26.14503363531613 19.859423525312735 5
    endloop
  endfacet
  facet normal 0 0 1
    outer loop
      vertex 27.610954559391704 -21.669685106158898 5
      vertex 26.14503363531613 19.859423525312735 5
      vertex 27.397114317029974 -21.25 5
    endloop
  endfacet
  facet normal 0 0 1
    outer loop
      vertex 22.56439739132008 -19.098335796697874 5
      vertex 23.02962191529556 -19.02465147084277 5
      vertex 26.14503363531613 19.859423525312735 5
    endloop
  endfacet
  facet normal 0 0 1
    outer loop
      vertex 23.02962191529556 -19.02465147084277 5
      vertex 23.5 -19 5
      vertex 26.14503363531613 19.859423525312735 5
    endloop
  endfacet
  facet normal 0 0 1
    outer loop
      vertex 23.5 -19 5
      vertex 23.97037808470444 -19.02465147084277 5
      vertex 26.14503363531613 19.859423525312735 5
    endloop
  endfacet
  facet normal 0 0 1
    outer loop
      vertex 24.890576474687265 -19.22024567667181 5
      vertex 25.330314893841102 -19.389045440608296 5
      vertex 26.14503363531613 19.859423525312735 5
    endloop
  endfacet
  facet normal 0 0 1
    outer loop
      vertex 23.97037808470444 -19.02465147084277 5
      vertex 24.43560260867992 -19.098335796697874 5
      vertex 26.14503363531613 19.859423525312735 5
    endloop
  endfacet
  facet normal 0 0 1
    outer loop
      vertex 24.43560260867992 -19.098335796697874 5
      vertex 24.890576474687265 -19.22024567667181 5
      vertex 26.14503363531613 19.859423525312735 5
    endloop
  endfacet
  facet normal 0 0 1
    outer loop
      vertex 25.75 -19.602885682970026 5
      vertex 26.14503363531613 19.859423525312735 5
      vertex 25.330314893841102 -19.389045440608296 5
    endloop
  endfacet
  facet normal 0 0 1
    outer loop
      vertex 25.75 -19.602885682970026 5
      vertex 26.14503363531613 -19.859423525312735 5
      vertex 26.14503363531613 19.859423525312735 5
    endloop
  endfacet
  facet normal 0 0 1
    outer loop
      vertex 26.14503363531613 -19.859423525312735 5
      vertex 26.51108772861486 -20.155848285351727 5
      vertex 26.14503363531613 19.859423525312735 5
    endloop
  endfacet
  facet normal 0 0 1
    outer loop
      vertex 26.844151714648273 -20.48891227138514 5
      vertex 26.14503363531613 19.859423525312735 5
      vertex 26.51108772861486 -20.155848285351727 5
    endloop
  endfacet
  facet normal 0 0 -1
    outer loop
      vertex -20.155848285351727 -20.48891227138514 0
      vertex 19.859423525312735 20.85496636468387 0
      vertex 20.155848285351727 20.48891227138514 0
    endloop
  endfacet
  facet normal 0 0 -1
    outer loop
      vertex -20.155848285351727 -20.48891227138514 0
      vertex 20.155848285351727 20.48891227138514 0
      vertex 20.48891227138514 20.155848285351727 0
    endloop
  endfacet
  facet normal 0 0 -1
    outer loop
      vertex -21.25 -19.602885682970026 0
      vertex 19.602885682970026 21.25 0
      vertex 19.859423525312735 20.85496636468387 0
    endloop
  endfacet
  facet normal 0 0 -1
    outer loop
      vertex -21.25 -19.602885682970026 0
      vertex 19.389045440608296 21.669685106158898 0
      vertex 19.602885682970026 21.25 0
    endloop
  endfacet
  facet normal 0 0 -1
    outer loop
      vertex -19.098335796697874 -22.56439739132008 0
      vertex 22.109423525312735 19.22024567667181 0
      vertex 22.56439739132008 19.098335796697874 0
    endloop
  endfacet
  facet normal 0 0 -1
    outer loop
      vertex -19.389045440608296 -21.669685106158898 0
      vertex 21.25 19.602885682970026 0
      vertex 21.669685106158898 19.389045440608296 0
    endloop
  endfacet
  facet normal 0 0 -1
    outer loop
      vertex -20.155848285351727 -20.48891227138514 0
      vertex 20.48891227138514 20.155848285351727 0
      vertex 20.85496636468387 19.859423525312735 0
    endloop
  endfacet
  facet normal 0 0 -1
    outer loop
      vertex -20.155848285351727 -20.48891227138514 0
      vertex 20.85496636468387 19.859423525312735 0
      vertex 21.25 19.602885682970026 0
    endloop
  endfacet
  facet normal 0 0 -1
    outer loop
      vertex -19.22024567667181 -22.109423525312735 0
      vertex 21.669685106158898 19.389045440608296 0
      vertex 22.109423525312735 19.22024567667181 0
    endloop
  endfacet
  facet normal 0 0 -1
    outer loop
      vertex -19 -23.5 0
      vertex 23.02962191529556 19.02465147084277 0
      vertex 23.5 19 0
    endloop
  endfacet
  facet normal 0 0 -1
    outer loop
      vertex -19.02465147084277 -23.02962191529556 0
      vertex 22.56439739132008 19.098335796697874 0
      vertex 23.02962191529556 19.02465147084277 0
    endloop
  endfacet
  facet normal 0 0 -1
    outer loop
      vertex -19.02465147084277 -23.97037808470444 0
      vertex 23.5 19 0
      vertex 23.97037808470444 19.02465147084277 0
    endloop
  endfacet
  facet normal 0 0 -1
    outer loop
      vertex -19.602885682970026 -25.75 0
      vertex 25.330314893841102 19.389045440608296 0
      vertex 25.75 19.602885682970026 0
    endloop
  endfacet
  facet normal 0 0 -1
    outer loop
      vertex -19.098335796697874 -24.43560260867992 0
      vertex 23.97037808470444 19.02465147084277 0
      vertex 24.43560260867992 19.098335796697874 0
    endloop
  endfacet
  facet normal 0 0 -1
    outer loop
      vertex -19.22024567667181 -24.890576474687265 0
      vertex 24.43560260867992 19.098335796697874 0
      vertex 24.890576474687265 19.22024567667181 0
    endloop
  endfacet
  facet normal 0 0 -1
    outer loop
      vertex -19.389045440608296 -25.330314893841102 0
      vertex 24.890576474687265 19.22024567667181 0
      vertex 25.330314893841102 19.389045440608296 0
    endloop
  endfacet
  facet normal 0 0 -1
    outer loop
      vertex -19.859423525312735 -26.14503363531613 0
      vertex 25.75 19.602885682970026 0
      vertex 26.14503363531613 19.859423525312735 0
    endloop
  endfacet
  facet normal 0 0 1
    outer loop
      vertex -20.155848285351727 -20.48891227138514 5
      vertex 20.155848285351727 20.48891227138514 5
      vertex 19.859423525312735 20.85496636468387 5
    endloop
  endfacet
  facet normal 0 0 1
    outer loop
      vertex -19.859423525312735 -20.85496636468387 5
      vertex 20.48891227138514 20.155848285351727 5
      vertex 20.155848285351727 20.48891227138514 5
    endloop
  endfacet
  facet normal 0 0 1
    outer loop
      vertex -21.25 -19.602885682970026 5
      vertex 19.859423525312735 20.85496636468387 5
      vertex 19.602885682970026 21.25 5
    endloop
  endfacet
  facet normal 0 0 1
    outer loop
      vertex -21.669685106158898 -19.389045440608296 5
      vertex 19.602885682970026 21.25 5
      vertex 19.389045440608296 21.669685106158898 5
    endloop
  endfacet
  facet normal 0 0 1
    outer loop
      vertex -19.602885682970026 -21.25 5
      vertex 21.669685106158898 19.389045440608296 5
      vertex 21.25 19.602885682970026 5
    endloop
  endfacet
  facet normal 0 0 1
    outer loop
      vertex -19.859423525312735 -20.85496636468387 5
      vertex 20.85496636468387 19.859423525312735 5
      vertex 20.48891227138514 20.155848285351727 5
    endloop
  endfacet
  facet normal 0 0 1
    outer loop
      vertex -19.859423525312735 -20.85496636468387 5
      vertex 21.25 19.602885682970026 5
      vertex 20.85496636468387 19.859423525312735 5
    endloop
  endfacet
  facet normal 0 0 1
    outer loop
      vertex -19.389045440608296 -21.669685106158898 5
      vertex 22.109423525312735 19.22024567667181 5
      vertex 21.669685106158898 19.389045440608296 5
    endloop
  endfacet
  facet normal 0 0 1
    outer loop
      vertex -19.22024567667181 -22.109423525312735 5
      vertex 22.56439739132008 19.098335796697874 5
      vertex 22.109423525312735 19.22024567667181 5
    endloop
  endfacet
  facet normal 0 0 1
    outer loop
      vertex -19.098335796697874 -22.56439739132008 5
      vertex 23.02962191529556 19.02465147084277 5
      vertex 22.56439739132008 19.098335796697874 5
    endloop
  endfacet
  facet normal 0 0 1
    outer loop
      vertex -19.02465147084277 -23.02962191529556 5
      vertex 23.5 19 5
      vertex 23.02962191529556 19.02465147084277 5
    endloop
  endfacet
  facet normal 0 0 1
    outer loop
      vertex -19 -23.5 5
      vertex 23.97037808470444 19.02465147084277 5
      vertex 23.5 19 5
    endloop
  endfacet
  facet normal 0 0 1
    outer loop
      vertex -19.02465147084277 -23.97037808470444 5
      vertex 24.43560260867992 19.098335796697874 5
      vertex 23.97037808470444 19.02465147084277 5
    endloop
  endfacet
  facet normal 0 0 1
    outer loop
      vertex -19.098335796697874 -24.43560260867992 5
      vertex 24.890576474687265 19.22024567667181 5
      vertex 24.43560260867992 19.098335796697874 5
    endloop
  endfacet
  facet normal 0 0 1
    outer loop
      vertex -19.22024567667181 -24.890576474687265 5
      vertex 25.330314893841102 19.389045440608296 5
      vertex 24.890576474687265 19.22024567667181 5
    endloop
  endfacet
  facet normal 0 0 1
    outer loop
      vertex -19.389045440608296 -25.330314893841102 5
      vertex 25.75 19.602885682970026 5
      vertex 25.330314893841102 19.389045440608296 5
    endloop
  endfacet
  facet normal 0 0 1
    outer loop
      vertex -19.602885682970026 -25.75 5
      vertex 26.14503363531613 19.859423525312735 5
      vertex 25.75 19.602885682970026 5
    endloop
  endfacet
  facet normal 0 0 -1
    outer loop
      vertex -19.389045440608296 21.669685106158898 0
      vertex 19.22024567667181 22.109423525312735 0
      vertex 19.389045440608296 21.669685106158898 0
    endloop
  endfacet
  facet normal 0 0 -1
    outer loop
      vertex -19.22024567667181 22.109423525312735 0
      vertex 19.098335796697874 22.56439739132008 0
      vertex 19.22024567667181 22.109423525312735 0
    endloop
  endfacet
  facet normal 0 0 -1
    outer loop
      vertex -19.098335796697874 22.56439739132008 0
      vertex 19.02465147084277 23.02962191529556 0
      vertex 19.098335796697874 22.56439739132008 0
    endloop
  endfacet
  facet normal 0 0 -1
    outer loop
      vertex -19.02465147084277 23.02962191529556 0
      vertex 19 23.5 0
      vertex 19.02465147084277 23.02962191529556 0
    endloop
  endfacet
  facet normal 0 0 -1
    outer loop
      vertex -19 23.5 0
      vertex 19.02465147084277 23.97037808470444 0
      vertex 19 23.5 0
    endloop
  endfacet
  facet normal 0 0 -1
    outer loop
      vertex -19.02465147084277 23.97037808470444 0
      vertex 19.098335796697874 24.43560260867992 0
      vertex 19.02465147084277 23.97037808470444 0
    endloop
  endfacet
  facet normal 0 0 -1
    outer loop
      vertex -19.098335796697874 24.43560260867992 0
      vertex 19.22024567667181 24.890576474687265 0
      vertex 19.098335796697874 24.43560260867992 0
    endloop
  endfacet
  facet normal 0 0 -1
    outer loop
      vertex -19.22024567667181 24.890576474687265 0
      vertex 19.389045440608296 25.330314893841102 0
      vertex 19.22024567667181 24.890576474687265 0
    endloop
  endfacet
  facet normal 0 0 -1
    outer loop
      vertex -19.389045440608296 25.330314893841102 0
      vertex 19.602885682970026 25.75 0
      vertex 19.389045440608296 25.330314893841102 0
    endloop
  endfacet
  facet normal 0 0 -1
    outer loop
      vertex -19.602885682970026 25.75 0
      vertex 19.859423525312735 26.14503363531613 0
      vertex 19.602885682970026 25.75 0
    endloop
  endfacet
  facet normal 0 0 -1
    outer loop
      vertex -19.859423525312735 26.14503363531613 0
      vertex 20.155848285351727 26.51108772861486 0
      vertex 19.859423525312735 26.14503363531613 0
    endloop
  endfacet
  facet normal 0 0 -1
    outer loop
      vertex -20.155848285351727 26.51108772861486 0
      vertex 20.48891227138514 26.844151714648273 0
      vertex 20.155848285351727 26.51108772861486 0
    endloop
  endfacet
  facet normal 0 0 -1
    outer loop
      vertex -20.48891227138514 26.844151714648273 0
      vertex 20.85496636468387 27.140576474687265 0
      vertex 20.48891227138514 26.844151714648273 0
    endloop
  endfacet
  facet normal 0 0 -1
    outer loop
      vertex -26.75 28.25 0
      vertex 23.5 28 0
      vertex 23.02962191529556 27.97534852915723 0
    endloop
  endfacet
  facet normal 0 0 -1
    outer loop
      vertex -20.85496636468387 27.140576474687265 0
      vertex 21.25 27.397114317029974 0
      vertex 20.85496636468387 27.140576474687265 0
    endloop
  endfacet
  facet normal 0 0 -1
    outer loop
      vertex -21.25 27.397114317029974 0
      vertex 21.669685106158898 27.610954559391704 0
      vertex 21.25 27.397114317029974 0
    endloop
  endfacet
  facet normal 0 0 -1
    outer loop
      vertex -21.669685106158898 27.610954559391704 0
      vertex 22.109423525312735 27.77975432332819 0
      vertex 21.669685106158898 27.610954559391704 0
    endloop
  endfacet
  facet normal 0 0 -1
    outer loop
      vertex -22.109423525312735 27.77975432332819 0
      vertex 22.56439739132008 27.901664203302126 0
      vertex 22.109423525312735 27.77975432332819 0
    endloop
  endfacet
  facet normal 0 0 -1
    outer loop
      vertex -22.56439739132008 27.901664203302126 0
      vertex 23.02962191529556 27.97534852915723 0
      vertex 22.56439739132008 27.901664203302126 0
    endloop
  endfacet
  facet normal 0 0 -1
    outer loop
      vertex -26.75 28.25 0
      vertex 26.75 28.25 0
      vertex 23.5 28 0
    endloop
  endfacet
  facet normal 0 1 0
    outer loop
      vertex -26.75 28.25 0
      vertex 26.75 28.25 5
      vertex 26.75 28.25 0
    endloop
  endfacet
  facet normal 0 0 1
    outer loop
      vertex -19.22024567667181 22.109423525312735 5
      vertex 19.389045440608296 21.669685106158898 5
      vertex 19.22024567667181 22.109423525312735 5
    endloop
  endfacet
  facet normal 0 0 1
    outer loop
      vertex -19.098335796697874 22.56439739132008 5
      vertex 19.22024567667181 22.109423525312735 5
      vertex 19.098335796697874 22.56439739132008 5
    endloop
  endfacet
  facet normal 0 0 1
    outer loop
      vertex -19.02465147084277 23.02962191529556 5
      vertex 19.098335796697874 22.56439739132008 5
      vertex 19.02465147084277 23.02962191529556 5
    endloop
  endfacet
  facet normal 0 0 1
    outer loop
      vertex -19 23.5 5
      vertex 19.02465147084277 23.02962191529556 5
      vertex 19 23.5 5
    endloop
  endfacet
  facet normal 0 0 1
    outer loop
      vertex -19.02465147084277 23.97037808470444 5
      vertex 19 23.5 5
      vertex 19.02465147084277 23.97037808470444 5
    endloop
  endfacet
  facet normal 0 0 1
    outer loop
      vertex -19.098335796697874 24.43560260867992 5
      vertex 19.02465147084277 23.97037808470444 5
      vertex 19.098335796697874 24.43560260867992 5
    endloop
  endfacet
  facet normal 0 0 1
    outer loop
      vertex -19.22024567667181 24.890576474687265 5
      vertex 19.098335796697874 24.43560260867992 5
      vertex 19.22024567667181 24.890576474687265 5
    endloop
  endfacet
  facet normal 0 0 1
    outer loop
      vertex -19.389045440608296 25.330314893841102 5
      vertex 19.22024567667181 24.890576474687265 5
      vertex 19.389045440608296 25.330314893841102 5
    endloop
  endfacet
  facet normal 0 0 1
    outer loop
      vertex -19.602885682970026 25.75 5
      vertex 19.389045440608296 25.330314893841102 5
      vertex 19.602885682970026 25.75 5
    endloop
  endfacet
  facet normal 0 0 1
    outer loop
      vertex -19.859423525312735 26.14503363531613 5
      vertex 19.602885682970026 25.75 5
      vertex 19.859423525312735 26.14503363531613 5
    endloop
  endfacet
  facet normal 0 0 1
    outer loop
      vertex -20.155848285351727 26.51108772861486 5
      vertex 19.859423525312735 26.14503363531613 5
      vertex 20.155848285351727 26.51108772861486 5
    endloop
  endfacet
  facet normal 0 0 1
    outer loop
      vertex -20.48891227138514 26.844151714648273 5
      vertex 20.155848285351727 26.51108772861486 5
      vertex 20.48891227138514 26.844151714648273 5
    endloop
  endfacet
  facet normal 0 0 1
    outer loop
      vertex -20.85496636468387 27.140576474687265 5
      vertex 20.48891227138514 26.844151714648273 5
      vertex 20.85496636468387 27.140576474687265 5
    endloop
  endfacet
  facet normal 0 0 1
    outer loop
      vertex -21.25 27.397114317029974 5
      vertex 20.85496636468387 27.140576474687265 5
      vertex 21.25 27.397114317029974 5
    endloop
  endfacet
  facet normal 0 0 1
    outer loop
      vertex -26.75 28.25 5
      vertex 23.02962191529556 27.97534852915723 5
      vertex 23.5 28 5
    endloop
  endfacet
  facet normal 0 0 1
    outer loop
      vertex -21.669685106158898 27.610954559391704 5
      vertex 21.25 27.397114317029974 5
      vertex 21.669685106158898 27.610954559391704 5
    endloop
  endfacet
  facet normal 0 0 1
    outer loop
      vertex -22.109423525312735 27.77975432332819 5
      vertex 21.669685106158898 27.610954559391704 5
      vertex 22.109423525312735 27.77975432332819 5
    endloop
  endfacet
  facet normal 0 0 1
    outer loop
      vertex -22.56439739132008 27.901664203302126 5
      vertex 22.109423525312735 27.77975432332819 5
      vertex 22.56439739132008 27.901664203302126 5
    endloop
  endfacet
  facet normal 0 0 1
    outer loop
      vertex -23.02962191529556 27.97534852915723 5
      vertex 22.56439739132008 27.901664203302126 5
      vertex 23.02962191529556 27.97534852915723 5
    endloop
  endfacet
  facet normal 0 0 1
    outer loop
      vertex -26.75 28.25 5
      vertex 23.5 28 5
      vertex 26.75 28.25 5
    endloop
  endfacet
  facet normal 0 0 -1
    outer loop
      vertex 28.25 -26.75 0
      vertex 26.14503363531613 19.859423525312735 0
      vertex 26.51108772861486 20.155848285351727 0
    endloop
  endfacet
  facet normal 0 0 -1
    outer loop
      vertex 28.25 -26.75 0
      vertex 26.51108772861486 20.155848285351727 0
      vertex 26.844151714648273 20.48891227138514 0
    endloop
  endfacet
  facet normal 0 0 -1
    outer loop
      vertex 28.25 -26.75 0
      vertex 26.844151714648273 20.48891227138514 0
      vertex 27.140576474687265 20.85496636468387 0
    endloop
  endfacet
  facet normal 0 0 -1
    outer loop
      vertex 28.25 -26.75 0
      vertex 27.140576474687265 20.85496636468387 0
      vertex 27.397114317029974 21.25 0
    endloop
  endfacet
  facet normal 0 0 -1
    outer loop
      vertex 28.25 -26.75 0
      vertex 27.397114317029974 21.25 0
      vertex 27.610954559391704 21.669685106158898 0
    endloop
  endfacet
  facet normal 0 0 -1
    outer loop
      vertex 28.25 -26.75 0
      vertex 27.610954559391704 21.669685106158898 0
      vertex 27.77975432332819 22.109423525312735 0
    endloop
  endfacet
  facet normal 0 0 -1
    outer loop
      vertex 28.25 -26.75 0
      vertex 27.77975432332819 22.109423525312735 0
      vertex 27.901664203302126 22.56439739132008 0
    endloop
  endfacet
  facet normal 0 0 -1
    outer loop
      vertex 28.25 -26.75 0
      vertex 27.901664203302126 22.56439739132008 0
      vertex 27.97534852915723 23.02962191529556 0
    endloop
  endfacet
  facet normal 0 0 -1
    outer loop
      vertex 28.25 -26.75 0
      vertex 27.97534852915723 23.02962191529556 0
      vertex 28 23.5 0
    endloop
  endfacet
  facet normal 0 0 -1
    outer loop
      vertex 28.25 -26.75 0
      vertex 28 23.5 0
      vertex 28.25 26.75 0
    endloop
  endfacet
  facet normal 1 0 0
    outer loop
      vertex 28.25 -26.75 0
      vertex 28.25 26.75 0
      vertex 28.25 26.75 5
    endloop
  endfacet
  facet normal 0 0 1
    outer loop
      vertex 28.25 -26.75 5
      vertex 26.51108772861486 20.155848285351727 5
      vertex 26.14503363531613 19.859423525312735 5
    endloop
  endfacet
  facet normal 0 0 1
    outer loop
      vertex 28.25 -26.75 5
      vertex 26.844151714648273 20.48891227138514 5
      vertex 26.51108772861486 20.155848285351727 5
    endloop
  endfacet
  facet normal 0 0 1
    outer loop
      vertex 28.25 -26.75 5
      vertex 27.140576474687265 20.85496636468387 5
      vertex 26.844151714648273 20.48891227138514 5
    endloop
  endfacet
  facet normal 0 0 1
    outer loop
      vertex 28.25 -26.75 5
      vertex 27.397114317029974 21.25 5
      vertex 27.140576474687265 20.85496636468387 5
    endloop
  endfacet
  facet normal 0 0 1
    outer loop
      vertex 28.25 -26.75 5
      vertex 27.610954559391704 21.669685106158898 5
      vertex 27.397114317029974 21.25 5
    endloop
  endfacet
  facet normal 0 0 1
    outer loop
      vertex 28.25 -26.75 5
      vertex 27.77975432332819 22.109423525312735 5
      vertex 27.610954559391704 21.669685106158898 5
    endloop
  endfacet
  facet normal 0 0 1
    outer loop
      vertex 28.25 -26.75 5
      vertex 27.901664203302126 22.56439739132008 5
      vertex 27.77975432332819 22.109423525312735 5
    endloop
  endfacet
  facet normal 0 0 1
    outer loop
      vertex 28.25 -26.75 5
      vertex 27.97534852915723 23.02962191529556 5
      vertex 27.901664203302126 22.56439739132008 5
    endloop
  endfacet
  facet normal 0 0 1
    outer loop
      vertex 28.25 -26.75 5
      vertex 28 23.5 5
      vertex 27.97534852915723 23.02962191529556 5
    endloop
  endfacet
  facet normal 0 0 1
    outer loop
      vertex 28.25 -26.75 5
      vertex 28.25 26.75 5
      vertex 28 23.5 5
    endloop
  endfacet
  facet normal 0 0 -1
    outer loop
      vertex 23.5 28 0
      vertex 26.75 28.25 0
      vertex 23.97037808470444 27.97534852915723 0
    endloop
  endfacet
  facet normal 0 0 -1
    outer loop
      vertex 23.97037808470444 27.97534852915723 0
      vertex 26.75 28.25 0
      vertex 24.43560260867992 27.901664203302126 0
    endloop
  endfacet
  facet normal 0 0 -1
    outer loop
      vertex 24.43560260867992 27.901664203302126 0
      vertex 26.75 28.25 0
      vertex 24.890576474687265 27.77975432332819 0
    endloop
  endfacet
  facet normal 0 0 -1
    outer loop
      vertex 25.330314893841102 27.610954559391704 0
      vertex 26.75 28.25 0
      vertex 25.75 27.397114317029974 0
    endloop
  endfacet
  facet normal 0 0 -1
    outer loop
      vertex 24.890576474687265 27.77975432332819 0
      vertex 26.75 28.25 0
      vertex 25.330314893841102 27.610954559391704 0
    endloop
  endfacet
  facet normal 0 0 -1
    outer loop
      vertex 26.14503363531613 27.140576474687265 0
      vertex 25.75 27.397114317029974 0
      vertex 27.06186753622664 28.21722140110071 0
    endloop
  endfacet
  facet normal 0 0 -1
    outer loop
      vertex 25.75 27.397114317029974 0
      vertex 26.75 28.25 0
      vertex 26.90679269490148 28.24178284305241 0
    endloop
  endfacet
  facet normal 0 0 -1
    outer loop
      vertex 28 23.5 0
      vertex 27.97534852915723 23.97037808470444 0
      vertex 28.25 26.75 0
    endloop
  endfacet
  facet normal 0 0 -1
    outer loop
      vertex 27.97534852915723 23.97037808470444 0
      vertex 27.901664203302126 24.43560260867992 0
      vertex 28.25 26.75 0
    endloop
  endfacet
  facet normal 0 0 -1
    outer loop
      vertex 27.901664203302126 24.43560260867992 0
      vertex 27.77975432332819 24.890576474687265 0
      vertex 28.25 26.75 0
    endloop
  endfacet
  facet normal 0 0 -1
    outer loop
      vertex 27.610954559391704 25.330314893841102 0
      vertex 27.397114317029974 25.75 0
      vertex 28.25 26.75 0
    endloop
  endfacet
  facet normal 0 0 -1
    outer loop
      vertex 27.140576474687265 26.14503363531613 0
      vertex 28.25 26.75 0
      vertex 27.397114317029974 25.75 0
    endloop
  endfacet
  facet normal 0 0 -1
    outer loop
      vertex 27.77975432332819 24.890576474687265 0
      vertex 27.610954559391704 25.330314893841102 0
      vertex 28.25 26.75 0
    endloop
  endfacet
  facet normal 0 0 -1
    outer loop
      vertex 26.14503363531613 27.140576474687265 0
      vertex 27.5 28.049038105676658 0
      vertex 26.51108772861486 26.844151714648273 0
    endloop
  endfacet
  facet normal 0 0 -1
    outer loop
      vertex 26.51108772861486 26.844151714648273 0
      vertex 27.96352549156242 27.63167787843871 0
      vertex 26.844151714648273 26.51108772861486 0
    endloop
  endfacet
  facet normal 0 0 -1
    outer loop
      vertex 25.75 27.397114317029974 0
      vertex 26.90679269490148 28.24178284305241 0
      vertex 27.06186753622664 28.21722140110071 0
    endloop
  endfacet
  facet normal 0 0 -1
    outer loop
      vertex 26.14503363531613 27.140576474687265 0
      vertex 27.06186753622664 28.21722140110071 0
      vertex 27.21352549156242 28.17658477444273 0
    endloop
  endfacet
  facet normal 0 0 -1
    outer loop
      vertex 26.14503363531613 27.140576474687265 0
      vertex 27.21352549156242 28.17658477444273 0
      vertex 27.3601049646137 28.1203181864639 0
    endloop
  endfacet
  facet normal 0 0 -1
    outer loop
      vertex 26.14503363531613 27.140576474687265 0
      vertex 27.3601049646137 28.1203181864639 0
      vertex 27.5 28.049038105676658 0
    endloop
  endfacet
  facet normal 0 0 -1
    outer loop
      vertex 26.51108772861486 26.844151714648273 0
      vertex 27.63167787843871 27.96352549156242 0
      vertex 27.753695909538287 27.86471723821609 0
    endloop
  endfacet
  facet normal 0 0 -1
    outer loop
      vertex 26.51108772861486 26.844151714648273 0
      vertex 27.5 28.049038105676658 0
      vertex 27.63167787843871 27.96352549156242 0
    endloop
  endfacet
  facet normal 0 0 -1
    outer loop
      vertex 27.140576474687265 26.14503363531613 0
      vertex 26.844151714648273 26.51108772861486 0
      vertex 28.21722140110071 27.06186753622664 0
    endloop
  endfacet
  facet normal 0 0 -1
    outer loop
      vertex 26.844151714648273 26.51108772861486 0
      vertex 28.049038105676658 27.5 0
      vertex 28.1203181864639 27.3601049646137 0
    endloop
  endfacet
  facet normal 0 0 -1
    outer loop
      vertex 26.844151714648273 26.51108772861486 0
      vertex 28.17658477444273 27.21352549156242 0
      vertex 28.21722140110071 27.06186753622664 0
    endloop
  endfacet
  facet normal 0 0 -1
    outer loop
      vertex 26.844151714648273 26.51108772861486 0
      vertex 28.1203181864639 27.3601049646137 0
      vertex 28.17658477444273 27.21352549156242 0
    endloop
  endfacet
  facet normal 0 0 -1
    outer loop
      vertex 26.844151714648273 26.51108772861486 0
      vertex 27.96352549156242 27.63167787843871 0
      vertex 28.049038105676658 27.5 0
    endloop
  endfacet
  facet normal 0 0 -1
    outer loop
      vertex 27.140576474687265 26.14503363531613 0
      vertex 28.24178284305241 26.90679269490148 0
      vertex 28.25 26.75 0
    endloop
  endfacet
  facet normal 0 0 -1
    outer loop
      vertex 27.140576474687265 26.14503363531613 0
      vertex 28.21722140110071 27.06186753622664 0
      vertex 28.24178284305241 26.90679269490148 0
    endloop
  endfacet
  facet normal 0 0 -1
    outer loop
      vertex 26.51108772861486 26.844151714648273 0
      vertex 27.86471723821609 27.753695909538287 0
      vertex 27.96352549156242 27.63167787843871 0
    endloop
  endfacet
  facet normal 0 0 -1
    outer loop
      vertex 26.51108772861486 26.844151714648273 0
      vertex 27.753695909538287 27.86471723821609 0
      vertex 27.86471723821609 27.753695909538287 0
    endloop
  endfacet
  facet normal 0.05233595624295079 0.9986295347545735 0
    outer loop
      vertex 26.75 28.25 0
      vertex 26.90679269490148 28.24178284305241 5
      vertex 26.90679269490148 28.24178284305241 0
    endloop
  endfacet
  facet normal 0.15643446504022285 0.987688340595139 0
    outer loop
      vertex 26.90679269490148 28.24178284305241 0
      vertex 26.90679269490148 28.24178284305241 5
      vertex 27.06186753622664 28.21722140110071 0
    endloop
  endfacet
  facet normal 0.2588190451025205 0.9659258262890684 0
    outer loop
      vertex 27.06186753622664 28.21722140110071 0
      vertex 27.06186753622664 28.21722140110071 5
      vertex 27.21352549156242 28.17658477444273 0
    endloop
  endfacet
  facet normal 0.35836794954530105 0.9335804264972015 0
    outer loop
      vertex 27.21352549156242 28.17658477444273 0
      vertex 27.3601049646137 28.1203181864639 5
      vertex 27.3601049646137 28.1203181864639 0
    endloop
  endfacet
  facet normal 0.9986295347545735 0.05233595624295079 0
    outer loop
      vertex 28.25 26.75 0
      vertex 28.24178284305241 26.90679269490148 0
      vertex 28.25 26.75 5
    endloop
  endfacet
  facet normal 0.987688340595139 0.15643446504022285 0
    outer loop
      vertex 28.24178284305241 26.90679269490148 0
      vertex 28.21722140110071 27.06186753622664 0
      vertex 28.21722140110071 27.06186753622664 5
    endloop
  endfacet
  facet normal 0.9659258262890684 0.2588190451025205 0
    outer loop
      vertex 28.21722140110071 27.06186753622664 0
      vertex 28.17658477444273 27.21352549156242 0
      vertex 28.17658477444273 27.21352549156242 5
    endloop
  endfacet
  facet normal 0.9335804264972015 0.35836794954530105 0
    outer loop
      vertex 28.1203181864639 27.3601049646137 0
      vertex 28.17658477444273 27.21352549156242 5
      vertex 28.17658477444273 27.21352549156242 0
    endloop
  endfacet
  facet normal 0.5446390350150292 0.8386705679454226 0
    outer loop
      vertex 27.5 28.049038105676658 0
      vertex 27.63167787843871 27.96352549156242 5
      vertex 27.63167787843871 27.96352549156242 0
    endloop
  endfacet
  facet normal 0.4539904997395476 0.8910065241883675 0
    outer loop
      vertex 27.3601049646137 28.1203181864639 0
      vertex 27.3601049646137 28.1203181864639 5
      vertex 27.5 28.049038105676658 0
    endloop
  endfacet
  facet normal 0.6293203910498374 0.777145961456971 0
    outer loop
      vertex 27.63167787843871 27.96352549156242 0
      vertex 27.753695909538287 27.86471723821609 5
      vertex 27.753695909538287 27.86471723821609 0
    endloop
  endfacet
  facet normal 0.7071067811865476 0.7071067811865476 0
    outer loop
      vertex 27.753695909538287 27.86471723821609 0
      vertex 27.753695909538287 27.86471723821609 5
      vertex 27.86471723821609 27.753695909538287 0
    endloop
  endfacet
  facet normal 0.8386705679454226 0.5446390350150292 0
    outer loop
      vertex 27.96352549156242 27.63167787843871 0
      vertex 27.96352549156242 27.63167787843871 5
      vertex 28.049038105676658 27.5 0
    endloop
  endfacet
  facet normal 0.777145961456971 0.6293203910498374 0
    outer loop
      vertex 27.86471723821609 27.753695909538287 0
      vertex 27.96352549156242 27.63167787843871 5
      vertex 27.96352549156242 27.63167787843871 0
    endloop
  endfacet
  facet normal 0.8910065241883675 0.4539904997395476 0
    outer loop
      vertex 28.1203181864639 27.3601049646137 0
      vertex 28.049038105676658 27.5 0
      vertex 28.049038105676658 27.5 5
    endloop
  endfacet
  facet normal 0.05233595624295079 0.9986295347545735 0
    outer loop
      vertex 26.75 28.25 0
      vertex 26.75 28.25 5
      vertex 26.90679269490148 28.24178284305241 5
    endloop
  endfacet
  facet normal 0.15643446504022285 0.987688340595139 0
    outer loop
      vertex 27.06186753622664 28.21722140110071 0
      vertex 26.90679269490148 28.24178284305241 5
      vertex 27.06186753622664 28.21722140110071 5
    endloop
  endfacet
  facet normal 0.2588190451025205 0.9659258262890684 0
    outer loop
      vertex 27.21352549156242 28.17658477444273 0
      vertex 27.06186753622664 28.21722140110071 5
      vertex 27.21352549156242 28.17658477444273 5
    endloop
  endfacet
  facet normal 0.35836794954530105 0.9335804264972015 0
    outer loop
      vertex 27.21352549156242 28.17658477444273 0
      vertex 27.21352549156242 28.17658477444273 5
      vertex 27.3601049646137 28.1203181864639 5
    endloop
  endfacet
  facet normal 0.9986295347545735 0.05233595624295079 0
    outer loop
      vertex 28.24178284305241 26.90679269490148 0
      vertex 28.24178284305241 26.90679269490148 5
      vertex 28.25 26.75 5
    endloop
  endfacet
  facet normal 0.987688340595139 0.15643446504022285 0
    outer loop
      vertex 28.24178284305241 26.90679269490148 0
      vertex 28.21722140110071 27.06186753622664 5
      vertex 28.24178284305241 26.90679269490148 5
    endloop
  endfacet
  facet normal 0.9659258262890684 0.2588190451025205 0
    outer loop
      vertex 28.21722140110071 27.06186753622664 0
      vertex 28.17658477444273 27.21352549156242 5
      vertex 28.21722140110071 27.06186753622664 5
    endloop
  endfacet
  facet normal 0.9335804264972015 0.35836794954530105 0
    outer loop
      vertex 28.1203181864639 27.3601049646137 0
      vertex 28.1203181864639 27.3601049646137 5
      vertex 28.17658477444273 27.21352549156242 5
    endloop
  endfacet
  facet normal 0.5446390350150292 0.8386705679454226 0
    outer loop
      vertex 27.5 28.049038105676658 0
      vertex 27.5 28.049038105676658 5
      vertex 27.63167787843871 27.96352549156242 5
    endloop
  endfacet
  facet normal 0.4539904997395476 0.8910065241883675 0
    outer loop
      vertex 27.5 28.049038105676658 0
      vertex 27.3601049646137 28.1203181864639 5
      vertex 27.5 28.049038105676658 5
    endloop
  endfacet
  facet normal 0.6293203910498374 0.777145961456971 0
    outer loop
      vertex 27.63167787843871 27.96352549156242 0
      vertex 27.63167787843871 27.96352549156242 5
      vertex 27.753695909538287 27.86471723821609 5
    endloop
  endfacet
  facet normal 0.8386705679454226 0.5446390350150292 0
    outer loop
      vertex 28.049038105676658 27.5 0
      vertex 27.96352549156242 27.63167787843871 5
      vertex 28.049038105676658 27.5 5
    endloop
  endfacet
  facet normal 0.7071067811865476 0.7071067811865476 0
    outer loop
      vertex 27.86471723821609 27.753695909538287 0
      vertex 27.753695909538287 27.86471723821609 5
      vertex 27.86471723821609 27.753695909538287 5
    endloop
  endfacet
  facet normal 0.777145961456971 0.6293203910498374 0
    outer loop
      vertex 27.86471723821609 27.753695909538287 0
      vertex 27.86471723821609 27.753695909538287 5
      vertex 27.96352549156242 27.63167787843871 5
    endloop
  endfacet
  facet normal 0.8910065241883675 0.4539904997395476 0
    outer loop
      vertex 28.1203181864639 27.3601049646137 0
      vertex 28.049038105676658 27.5 5
      vertex 28.1203181864639 27.3601049646137 5
    endloop
  endfacet
  facet normal 0 0 1
    outer loop
      vertex 23.5 28 5
      vertex 23.97037808470444 27.97534852915723 5
      vertex 26.75 28.25 5
    endloop
  endfacet
  facet normal 0 0 1
    outer loop
      vertex 23.97037808470444 27.97534852915723 5
      vertex 24.43560260867992 27.901664203302126 5
      vertex 26.75 28.25 5
    endloop
  endfacet
  facet normal 0 0 1
    outer loop
      vertex 24.43560260867992 27.901664203302126 5
      vertex 24.890576474687265 27.77975432332819 5
      vertex 26.75 28.25 5
    endloop
  endfacet
  facet normal 0 0 1
    outer loop
      vertex 25.330314893841102 27.610954559391704 5
      vertex 25.75 27.397114317029974 5
      vertex 26.75 28.25 5
    endloop
  endfacet
  facet normal 0 0 1
    outer loop
      vertex 24.890576474687265 27.77975432332819 5
      vertex 25.330314893841102 27.610954559391704 5
      vertex 26.75 28.25 5
    endloop
  endfacet
  facet normal 0 0 1
    outer loop
      vertex 26.14503363531613 27.140576474687265 5
      vertex 27.06186753622664 28.21722140110071 5
      vertex 25.75 27.397114317029974 5
    endloop
  endfacet
  facet normal 0 0 1
    outer loop
      vertex 25.75 27.397114317029974 5
      vertex 26.90679269490148 28.24178284305241 5
      vertex 26.75 28.25 5
    endloop
  endfacet
  facet normal 0 0 1
    outer loop
      vertex 28 23.5 5
      vertex 28.25 26.75 5
      vertex 27.97534852915723 23.97037808470444 5
    endloop
  endfacet
  facet normal 0 0 1
    outer loop
      vertex 27.97534852915723 23.97037808470444 5
      vertex 28.25 26.75 5
      vertex 27.901664203302126 24.43560260867992 5
    endloop
  endfacet
  facet normal 0 0 1
    outer loop
      vertex 27.901664203302126 24.43560260867992 5
      vertex 28.25 26.75 5
      vertex 27.77975432332819 24.890576474687265 5
    endloop
  endfacet
  facet normal 0 0 1
    outer loop
      vertex 27.610954559391704 25.330314893841102 5
      vertex 28.25 26.75 5
      vertex 27.397114317029974 25.75 5
    endloop
  endfacet
  facet normal 0 0 1
    outer loop
      vertex 27.140576474687265 26.14503363531613 5
      vertex 27.397114317029974 25.75 5
      vertex 28.25 26.75 5
    endloop
  endfacet
  facet normal 0 0 1
    outer loop
      vertex 27.77975432332819 24.890576474687265 5
      vertex 28.25 26.75 5
      vertex 27.610954559391704 25.330314893841102 5
    endloop
  endfacet
  facet normal 0 0 1
    outer loop
      vertex 26.14503363531613 27.140576474687265 5
      vertex 26.51108772861486 26.844151714648273 5
      vertex 27.5 28.049038105676658 5
    endloop
  endfacet
  facet normal 0 0 1
    outer loop
      vertex 26.51108772861486 26.844151714648273 5
      vertex 26.844151714648273 26.51108772861486 5
      vertex 27.96352549156242 27.63167787843871 5
    endloop
  endfacet
  facet normal 0 0 1
    outer loop
      vertex 25.75 27.397114317029974 5
      vertex 27.06186753622664 28.21722140110071 5
      vertex 26.90679269490148 28.24178284305241 5
    endloop
  endfacet
  facet normal 0 0 1
    outer loop
      vertex 26.14503363531613 27.140576474687265 5
      vertex 27.21352549156242 28.17658477444273 5
      vertex 27.06186753622664 28.21722140110071 5
    endloop
  endfacet
  facet normal 0 0 1
    outer loop
      vertex 26.14503363531613 27.140576474687265 5
      vertex 27.3601049646137 28.1203181864639 5
      vertex 27.21352549156242 28.17658477444273 5
    endloop
  endfacet
  facet normal 0 0 1
    outer loop
      vertex 26.14503363531613 27.140576474687265 5
      vertex 27.5 28.049038105676658 5
      vertex 27.3601049646137 28.1203181864639 5
    endloop
  endfacet
  facet normal 0 0 1
    outer loop
      vertex 26.51108772861486 26.844151714648273 5
      vertex 27.753695909538287 27.86471723821609 5
      vertex 27.63167787843871 27.96352549156242 5
    endloop
  endfacet
  facet normal 0 0 1
    outer loop
      vertex 26.51108772861486 26.844151714648273 5
      vertex 27.63167787843871 27.96352549156242 5
      vertex 27.5 28.049038105676658 5
    endloop
  endfacet
  facet normal 0 0 1
    outer loop
      vertex 27.140576474687265 26.14503363531613 5
      vertex 28.21722140110071 27.06186753622664 5
      vertex 26.844151714648273 26.51108772861486 5
    endloop
  endfacet
  facet normal 0 0 1
    outer loop
      vertex 26.844151714648273 26.51108772861486 5
      vertex 28.1203181864639 27.3601049646137 5
      vertex 28.049038105676658 27.5 5
    endloop
  endfacet
  facet normal 0 0 1
    outer loop
      vertex 26.844151714648273 26.51108772861486 5
      vertex 28.21722140110071 27.06186753622664 5
      vertex 28.17658477444273 27.21352549156242 5
    endloop
  endfacet
  facet normal 0 0 1
    outer loop
      vertex 26.844151714648273 26.51108772861486 5
      vertex 28.17658477444273 27.21352549156242 5
      vertex 28.1203181864639 27.3601049646137 5
    endloop
  endfacet
  facet normal 0 0 1
    outer loop
      vertex 26.844151714648273 26.51108772861486 5
      vertex 28.049038105676658 27.5 5
      vertex 27.96352549156242 27.63167787843871 5
    endloop
  endfacet
  facet normal 0 0 1
    outer loop
      vertex 27.140576474687265 26.14503363531613 5
      vertex 28.25 26.75 5
      vertex 28.24178284305241 26.90679269490148 5
    endloop
  endfacet
  facet normal 0 0 1
    outer loop
      vertex 27.140576474687265 26.14503363531613 5
      vertex 28.24178284305241 26.90679269490148 5
      vertex 28.21722140110071 27.06186753622664 5
    endloop
  endfacet
  facet normal 0 0 1
    outer loop
      vertex 26.51108772861486 26.844151714648273 5
      vertex 27.96352549156242 27.63167787843871 5
      vertex 27.86471723821609 27.753695909538287 5
    endloop
  endfacet
  facet normal 0 0 1
    outer loop
      vertex 26.51108772861486 26.844151714648273 5
      vertex 27.86471723821609 27.753695909538287 5
      vertex 27.753695909538287 27.86471723821609 5
    endloop
  endfacet
  facet normal 0 0 -1
    outer loop
      vertex -26.51108772861486 20.155848285351727 0
      vertex -25.083333333325 20.757586221363713 0
      vertex -26.14503363531613 19.859423525312735 0
    endloop
  endfacet
  facet normal 0 0 -1
    outer loop
      vertex -26.14503363531613 19.859423525312735 0
      vertex -25.083333333325 20.757586221363713 0
      vertex -25.75 19.602885682970026 0
    endloop
  endfacet
  facet normal 0 0 -1
    outer loop
      vertex -26.51108772861486 20.155848285351727 0
      vertex -26.844151714648273 20.48891227138514 0
      vertex -25.083333333325 20.757586221363713 0
    endloop
  endfacet
  facet normal 0 0 -1
    outer loop
      vertex -25.330314893841102 19.389045440608296 0
      vertex -25.75 19.602885682970026 0
      vertex -25.083333333325 20.757586221363713 0
    endloop
  endfacet
  facet normal 0 0 -1
    outer loop
      vertex -25.330314893841102 19.389045440608296 0
      vertex -21.916666666675 20.757586221363713 0
      vertex -24.890576474687265 19.22024567667181 0
    endloop
  endfacet
  facet normal 0 0 -1
    outer loop
      vertex -25.330314893841102 19.389045440608296 0
      vertex -25.083333333325 20.757586221363713 0
      vertex -21.916666666675 20.757586221363713 0
    endloop
  endfacet
  facet normal 0 0 -1
    outer loop
      vertex -24.890576474687265 19.22024567667181 0
      vertex -21.916666666675 20.757586221363713 0
      vertex -24.43560260867992 19.098335796697874 0
    endloop
  endfacet
  facet normal 0 0 -1
    outer loop
      vertex -24.43560260867992 19.098335796697874 0
      vertex -21.916666666675 20.757586221363713 0
      vertex -23.97037808470444 19.02465147084277 0
    endloop
  endfacet
  facet normal 0 0 -1
    outer loop
      vertex -23.97037808470444 19.02465147084277 0
      vertex -21.916666666675 20.757586221363713 0
      vertex -23.5 19 0
    endloop
  endfacet
  facet normal 0 0 -1
    outer loop
      vertex -23.5 19 0
      vertex -21.916666666675 20.757586221363713 0
      vertex -23.02962191529556 19.02465147084277 0
    endloop
  endfacet
  facet normal 0 0 -1
    outer loop
      vertex -23.02962191529556 19.02465147084277 0
      vertex -21.916666666675 20.757586221363713 0
      vertex -22.56439739132008 19.098335796697874 0
    endloop
  endfacet
  facet normal 0 0 -1
    outer loop
      vertex -22.56439739132008 19.098335796697874 0
      vertex -21.916666666675 20.757586221363713 0
      vertex -22.109423525312735 19.22024567667181 0
    endloop
  endfacet
  facet normal 0 0 -1
    outer loop
      vertex -22.109423525312735 19.22024567667181 0
      vertex -21.916666666675 20.757586221363713 0
      vertex -21.669685106158898 19.389045440608296 0
    endloop
  endfacet
  facet normal 0 0 -1
    outer loop
      vertex -27.397114317029974 21.25 0
      vertex -27.610954559391704 21.669685106158898 0
      vertex -27.397114317029974 25.75 0
    endloop
  endfacet
  facet normal 0 0 -1
    outer loop
      vertex -27.140576474687265 20.85496636468387 0
      vertex -27.397114317029974 21.25 0
      vertex -27.140576474687265 26.14503363531613 0
    endloop
  endfacet
  facet normal 0 0 -1
    outer loop
      vertex -27.140576474687265 20.85496636468387 0
      vertex -26.844151714648273 26.51108772861486 0
      vertex -26.844151714648273 20.48891227138514 0
    endloop
  endfacet
  facet normal 0 0 -1
    outer loop
      vertex -27.901664203302126 22.56439739132008 0
      vertex -27.97534852915723 23.02962191529556 0
      vertex -27.901664203302126 24.43560260867992 0
    endloop
  endfacet
  facet normal 0 0 -1
    outer loop
      vertex -27.901664203302126 22.56439739132008 0
      vertex -27.77975432332819 24.890576474687265 0
      vertex -27.77975432332819 22.109423525312735 0
    endloop
  endfacet
  facet normal 0 0 -1
    outer loop
      vertex -27.97534852915723 23.02962191529556 0
      vertex -28 23.5 0
      vertex -27.97534852915723 23.97037808470444 0
    endloop
  endfacet
  facet normal 0 0 -1
    outer loop
      vertex -27.97534852915723 23.02962191529556 0
      vertex -27.97534852915723 23.97037808470444 0
      vertex -27.901664203302126 24.43560260867992 0
    endloop
  endfacet
  facet normal 0 0 -1
    outer loop
      vertex -27.610954559391704 21.669685106158898 0
      vertex -27.77975432332819 22.109423525312735 0
      vertex -27.610954559391704 25.330314893841102 0
    endloop
  endfacet
  facet normal 0 0 -1
    outer loop
      vertex -27.901664203302126 22.56439739132008 0
      vertex -27.901664203302126 24.43560260867992 0
      vertex -27.77975432332819 24.890576474687265 0
    endloop
  endfacet
  facet normal 0 0 -1
    outer loop
      vertex -27.77975432332819 22.109423525312735 0
      vertex -27.77975432332819 24.890576474687265 0
      vertex -27.610954559391704 25.330314893841102 0
    endloop
  endfacet
  facet normal 0 0 -1
    outer loop
      vertex -27.610954559391704 21.669685106158898 0
      vertex -27.610954559391704 25.330314893841102 0
      vertex -27.397114317029974 25.75 0
    endloop
  endfacet
  facet normal 0 0 -1
    outer loop
      vertex -26.844151714648273 20.48891227138514 0
      vertex -26.51108772861486 26.844151714648273 0
      vertex -26.66666666665 23.5 0
    endloop
  endfacet
  facet normal 0 0 -1
    outer loop
      vertex -27.397114317029974 21.25 0
      vertex -27.397114317029974 25.75 0
      vertex -27.140576474687265 26.14503363531613 0
    endloop
  endfacet
  facet normal 0 0 -1
    outer loop
      vertex -27.140576474687265 20.85496636468387 0
      vertex -27.140576474687265 26.14503363531613 0
      vertex -26.844151714648273 26.51108772861486 0
    endloop
  endfacet
  facet normal 0 0 -1
    outer loop
      vertex -26.844151714648273 20.48891227138514 0
      vertex -26.844151714648273 26.51108772861486 0
      vertex -26.51108772861486 26.844151714648273 0
    endloop
  endfacet
  facet normal 0 0 -1
    outer loop
      vertex -26.844151714648273 20.48891227138514 0
      vertex -26.66666666665 23.5 0
      vertex -25.083333333325 20.757586221363713 0
    endloop
  endfacet
  facet normal 0 0 -1
    outer loop
      vertex -26.51108772861486 26.844151714648273 0
      vertex -26.14503363531613 27.140576474687265 0
      vertex -26.66666666665 23.5 0
    endloop
  endfacet
  facet normal 0 0 -1
    outer loop
      vertex -26.14503363531613 27.140576474687265 0
      vertex -25.75 27.397114317029974 0
      vertex -26.66666666665 23.5 0
    endloop
  endfacet
  facet normal 0 0 -1
    outer loop
      vertex -25.330314893841102 27.610954559391704 0
      vertex -25.083333333325 26.242413778636287 0
      vertex -26.66666666665 23.5 0
    endloop
  endfacet
  facet normal 0 0 -1
    outer loop
      vertex -25.75 27.397114317029974 0
      vertex -25.330314893841102 27.610954559391704 0
      vertex -26.66666666665 23.5 0
    endloop
  endfacet
  facet normal 0 0 -1
    outer loop
      vertex -25.330314893841102 27.610954559391704 0
      vertex -24.890576474687265 27.77975432332819 0
      vertex -25.083333333325 26.242413778636287 0
    endloop
  endfacet
  facet normal 0 0 -1
    outer loop
      vertex -24.890576474687265 27.77975432332819 0
      vertex -24.43560260867992 27.901664203302126 0
      vertex -25.083333333325 26.242413778636287 0
    endloop
  endfacet
  facet normal 0 0 -1
    outer loop
      vertex -21.669685106158898 19.389045440608296 0
      vertex -21.916666666675 20.757586221363713 0
      vertex -20.33333333335 23.5 0
    endloop
  endfacet
  facet normal 0 0 -1
    outer loop
      vertex -24.43560260867992 27.901664203302126 0
      vertex -23.97037808470444 27.97534852915723 0
      vertex -25.083333333325 26.242413778636287 0
    endloop
  endfacet
  facet normal 0 0 -1
    outer loop
      vertex -23.97037808470444 27.97534852915723 0
      vertex -23.5 28 0
      vertex -25.083333333325 26.242413778636287 0
    endloop
  endfacet
  facet normal 0 0 -1
    outer loop
      vertex -23.5 28 0
      vertex -23.02962191529556 27.97534852915723 0
      vertex -25.083333333325 26.242413778636287 0
    endloop
  endfacet
  facet normal 0 0 -1
    outer loop
      vertex -22.56439739132008 27.901664203302126 0
      vertex -22.109423525312735 27.77975432332819 0
      vertex -25.083333333325 26.242413778636287 0
    endloop
  endfacet
  facet normal 0 0 -1
    outer loop
      vertex -22.109423525312735 27.77975432332819 0
      vertex -21.669685106158898 27.610954559391704 0
      vertex -25.083333333325 26.242413778636287 0
    endloop
  endfacet
  facet normal 0 0 -1
    outer loop
      vertex -23.02962191529556 27.97534852915723 0
      vertex -22.56439739132008 27.901664203302126 0
      vertex -25.083333333325 26.242413778636287 0
    endloop
  endfacet
  facet normal 0 0 -1
    outer loop
      vertex -21.669685106158898 27.610954559391704 0
      vertex -21.916666666675 26.242413778636287 0
      vertex -25.083333333325 26.242413778636287 0
    endloop
  endfacet
  facet normal 0 0 -1
    outer loop
      vertex -21.669685106158898 27.610954559391704 0
      vertex -21.25 27.397114317029974 0
      vertex -21.916666666675 26.242413778636287 0
    endloop
  endfacet
  facet normal 0 0 -1
    outer loop
      vertex -21.25 27.397114317029974 0
      vertex -20.85496636468387 27.140576474687265 0
      vertex -21.916666666675 26.242413778636287 0
    endloop
  endfacet
  facet normal 0 0 -1
    outer loop
      vertex -21.669685106158898 19.389045440608296 0
      vertex -20.33333333335 23.5 0
      vertex -21.25 19.602885682970026 0
    endloop
  endfacet
  facet normal 0 0 -1
    outer loop
      vertex -21.25 19.602885682970026 0
      vertex -20.33333333335 23.5 0
      vertex -20.85496636468387 19.859423525312735 0
    endloop
  endfacet
  facet normal 0 0 -1
    outer loop
      vertex -20.85496636468387 19.859423525312735 0
      vertex -20.33333333335 23.5 0
      vertex -20.48891227138514 20.155848285351727 0
    endloop
  endfacet
  facet normal 0 0 -1
    outer loop
      vertex -20.48891227138514 20.155848285351727 0
      vertex -20.155848285351727 26.51108772861486 0
      vertex -20.155848285351727 20.48891227138514 0
    endloop
  endfacet
  facet normal 0 0 -1
    outer loop
      vertex -20.155848285351727 20.48891227138514 0
      vertex -19.859423525312735 26.14503363531613 0
      vertex -19.859423525312735 20.85496636468387 0
    endloop
  endfacet
  facet normal 0 0 -1
    outer loop
      vertex -19.859423525312735 20.85496636468387 0
      vertex -19.602885682970026 25.75 0
      vertex -19.602885682970026 21.25 0
    endloop
  endfacet
  facet normal 0 0 -1
    outer loop
      vertex -19.602885682970026 21.25 0
      vertex -19.389045440608296 25.330314893841102 0
      vertex -19.389045440608296 21.669685106158898 0
    endloop
  endfacet
  facet normal 0 0 -1
    outer loop
      vertex -20.48891227138514 20.155848285351727 0
      vertex -20.33333333335 23.5 0
      vertex -20.155848285351727 26.51108772861486 0
    endloop
  endfacet
  facet normal 0 0 -1
    outer loop
      vertex -20.155848285351727 20.48891227138514 0
      vertex -20.155848285351727 26.51108772861486 0
      vertex -19.859423525312735 26.14503363531613 0
    endloop
  endfacet
  facet normal 0 0 -1
    outer loop
      vertex -19.859423525312735 20.85496636468387 0
      vertex -19.859423525312735 26.14503363531613 0
      vertex -19.602885682970026 25.75 0
    endloop
  endfacet
  facet normal 0 0 -1
    outer loop
      vertex -19.602885682970026 21.25 0
      vertex -19.602885682970026 25.75 0
      vertex -19.389045440608296 25.330314893841102 0
    endloop
  endfacet
  facet normal 0 0 -1
    outer loop
      vertex -19.389045440608296 21.669685106158898 0
      vertex -19.22024567667181 24.890576474687265 0
      vertex -19.22024567667181 22.109423525312735 0
    endloop
  endfacet
  facet normal 0 0 -1
    outer loop
      vertex -19.22024567667181 22.109423525312735 0
      vertex -19.098335796697874 24.43560260867992 0
      vertex -19.098335796697874 22.56439739132008 0
    endloop
  endfacet
  facet normal 0 0 -1
    outer loop
      vertex -19.098335796697874 22.56439739132008 0
      vertex -19.02465147084277 23.97037808470444 0
      vertex -19.02465147084277 23.02962191529556 0
    endloop
  endfacet
  facet normal 0 0 -1
    outer loop
      vertex -19.02465147084277 23.02962191529556 0
      vertex -19.02465147084277 23.97037808470444 0
      vertex -19 23.5 0
    endloop
  endfacet
  facet normal 0 0 -1
    outer loop
      vertex -19.22024567667181 22.109423525312735 0
      vertex -19.22024567667181 24.890576474687265 0
      vertex -19.098335796697874 24.43560260867992 0
    endloop
  endfacet
  facet normal 0 0 -1
    outer loop
      vertex -19.098335796697874 22.56439739132008 0
      vertex -19.098335796697874 24.43560260867992 0
      vertex -19.02465147084277 23.97037808470444 0
    endloop
  endfacet
  facet normal 0 0 -1
    outer loop
      vertex -19.389045440608296 21.669685106158898 0
      vertex -19.389045440608296 25.330314893841102 0
      vertex -19.22024567667181 24.890576474687265 0
    endloop
  endfacet
  facet normal 0 0 -1
    outer loop
      vertex -20.155848285351727 26.51108772861486 0
      vertex -20.33333333335 23.5 0
      vertex -21.916666666675 26.242413778636287 0
    endloop
  endfacet
  facet normal 0 0 -1
    outer loop
      vertex -20.85496636468387 27.140576474687265 0
      vertex -20.48891227138514 26.844151714648273 0
      vertex -21.916666666675 26.242413778636287 0
    endloop
  endfacet
  facet normal 0 0 -1
    outer loop
      vertex -20.48891227138514 26.844151714648273 0
      vertex -20.155848285351727 26.51108772861486 0
      vertex -21.916666666675 26.242413778636287 0
    endloop
  endfacet
  facet normal -0.7771459614569679 -0.629320391049841 0
    outer loop
      vertex -27.140576474687265 20.85496636468387 5
      vertex -26.844151714648273 20.48891227138514 5
      vertex -27.140576474687265 20.85496636468387 20
    endloop
  endfacet
  facet normal -0.8386705679454249 -0.5446390350150259 0
    outer loop
      vertex -27.140576474687265 20.85496636468387 5
      vertex -27.397114317029974 21.25 20
      vertex -27.397114317029974 21.25 5
    endloop
  endfacet
  facet normal -0.7071067811865475 -0.7071067811865475 0
    outer loop
      vertex -26.51108772861486 20.155848285351727 5
      vertex -26.844151714648273 20.48891227138514 20
      vertex -26.844151714648273 20.48891227138514 5
    endloop
  endfacet
  facet normal -0.35836794954530105 -0.9335804264972015 0
    outer loop
      vertex -25.330314893841102 19.389045440608296 5
      vertex -24.890576474687265 19.22024567667181 5
      vertex -25.330314893841102 19.389045440608296 20
    endloop
  endfacet
  facet normal -0.2588190451025205 -0.9659258262890683 0
    outer loop
      vertex -24.890576474687265 19.22024567667181 5
      vertex -24.43560260867992 19.098335796697874 5
      vertex -24.890576474687265 19.22024567667181 20
    endloop
  endfacet
  facet normal -0.629320391049841 -0.7771459614569679 0
    outer loop
      vertex -26.51108772861486 20.155848285351727 5
      vertex -26.14503363531613 19.859423525312735 5
      vertex -26.51108772861486 20.155848285351727 20
    endloop
  endfacet
  facet normal -0.5446390350150259 -0.8386705679454249 0
    outer loop
      vertex -26.14503363531613 19.859423525312735 5
      vertex -25.75 19.602885682970026 5
      vertex -26.14503363531613 19.859423525312735 20
    endloop
  endfacet
  facet normal -0.4539904997395476 -0.8910065241883675 0
    outer loop
      vertex -25.330314893841102 19.389045440608296 5
      vertex -25.75 19.602885682970026 20
      vertex -25.75 19.602885682970026 5
    endloop
  endfacet
  facet normal -0.1564344650402302 -0.9876883405951378 0
    outer loop
      vertex -24.43560260867992 19.098335796697874 5
      vertex -23.97037808470444 19.02465147084277 5
      vertex -24.43560260867992 19.098335796697874 20
    endloop
  endfacet
  facet normal -0.052335956242943266 -0.9986295347545739 0
    outer loop
      vertex -23.97037808470444 19.02465147084277 5
      vertex -23.5 19 5
      vertex -23.97037808470444 19.02465147084277 20
    endloop
  endfacet
  facet normal 0.052335956242943266 -0.9986295347545739 0
    outer loop
      vertex -23.5 19 5
      vertex -23.02962191529556 19.02465147084277 5
      vertex -23.5 19 20
    endloop
  endfacet
  facet normal 0.1564344650402302 -0.9876883405951378 0
    outer loop
      vertex -23.02962191529556 19.02465147084277 5
      vertex -22.56439739132008 19.098335796697874 5
      vertex -23.02962191529556 19.02465147084277 20
    endloop
  endfacet
  facet normal 0.2588190451025205 -0.9659258262890683 0
    outer loop
      vertex -22.56439739132008 19.098335796697874 5
      vertex -22.109423525312735 19.22024567667181 5
      vertex -22.56439739132008 19.098335796697874 20
    endloop
  endfacet
  facet normal 0.35836794954530105 -0.9335804264972015 0
    outer loop
      vertex -22.109423525312735 19.22024567667181 5
      vertex -21.669685106158898 19.389045440608296 5
      vertex -22.109423525312735 19.22024567667181 20
    endloop
  endfacet
  facet normal 0.4539904997395476 -0.8910065241883675 0
    outer loop
      vertex -21.669685106158898 19.389045440608296 5
      vertex -21.25 19.602885682970026 5
      vertex -21.669685106158898 19.389045440608296 20
    endloop
  endfacet
  facet normal -0.8910065241883675 -0.4539904997395476 0
    outer loop
      vertex -27.397114317029974 21.25 5
      vertex -27.610954559391704 21.669685106158898 20
      vertex -27.610954559391704 21.669685106158898 5
    endloop
  endfacet
  facet normal -0.9335804264972015 -0.35836794954530105 0
    outer loop
      vertex -27.610954559391704 21.669685106158898 5
      vertex -27.77975432332819 22.109423525312735 20
      vertex -27.77975432332819 22.109423525312735 5
    endloop
  endfacet
  facet normal -0.9659258262890683 -0.2588190451025205 0
    outer loop
      vertex -27.901664203302126 22.56439739132008 5
      vertex -27.77975432332819 22.109423525312735 5
      vertex -27.901664203302126 22.56439739132008 20
    endloop
  endfacet
  facet normal -0.9876883405951378 -0.1564344650402302 0
    outer loop
      vertex -27.901664203302126 22.56439739132008 5
      vertex -27.97534852915723 23.02962191529556 20
      vertex -27.97534852915723 23.02962191529556 5
    endloop
  endfacet
  facet normal -0.9986295347545739 -0.052335956242943266 0
    outer loop
      vertex -27.97534852915723 23.02962191529556 5
      vertex -28 23.5 20
      vertex -28 23.5 5
    endloop
  endfacet
  facet normal -0.9986295347545739 0.052335956242943266 0
    outer loop
      vertex -28 23.5 5
      vertex -27.97534852915723 23.97037808470444 20
      vertex -27.97534852915723 23.97037808470444 5
    endloop
  endfacet
  facet normal -0.9876883405951378 0.1564344650402302 0
    outer loop
      vertex -27.97534852915723 23.97037808470444 5
      vertex -27.901664203302126 24.43560260867992 20
      vertex -27.901664203302126 24.43560260867992 5
    endloop
  endfacet
  facet normal -0.9659258262890683 0.2588190451025205 0
    outer loop
      vertex -27.901664203302126 24.43560260867992 5
      vertex -27.77975432332819 24.890576474687265 20
      vertex -27.77975432332819 24.890576474687265 5
    endloop
  endfacet
  facet normal -0.9335804264972015 0.35836794954530105 0
    outer loop
      vertex -27.77975432332819 24.890576474687265 5
      vertex -27.610954559391704 25.330314893841102 20
      vertex -27.610954559391704 25.330314893841102 5
    endloop
  endfacet
  facet normal -0.8910065241883675 0.4539904997395476 0
    outer loop
      vertex -27.610954559391704 25.330314893841102 5
      vertex -27.397114317029974 25.75 20
      vertex -27.397114317029974 25.75 5
    endloop
  endfacet
  facet normal -0.8386705679454249 0.5446390350150259 0
    outer loop
      vertex -27.397114317029974 25.75 5
      vertex -27.140576474687265 26.14503363531613 20
      vertex -27.140576474687265 26.14503363531613 5
    endloop
  endfacet
  facet normal -0.7771459614569679 0.629320391049841 0
    outer loop
      vertex -27.140576474687265 26.14503363531613 5
      vertex -26.844151714648273 26.51108772861486 20
      vertex -26.844151714648273 26.51108772861486 5
    endloop
  endfacet
  facet normal -0.7071067811865475 0.7071067811865475 0
    outer loop
      vertex -26.844151714648273 26.51108772861486 5
      vertex -26.51108772861486 26.844151714648273 20
      vertex -26.51108772861486 26.844151714648273 5
    endloop
  endfacet
  facet normal -0.629320391049841 0.7771459614569679 0
    outer loop
      vertex -26.51108772861486 26.844151714648273 5
      vertex -26.14503363531613 27.140576474687265 20
      vertex -26.14503363531613 27.140576474687265 5
    endloop
  endfacet
  facet normal -0.5446390350150259 0.8386705679454249 0
    outer loop
      vertex -26.14503363531613 27.140576474687265 5
      vertex -25.75 27.397114317029974 20
      vertex -25.75 27.397114317029974 5
    endloop
  endfacet
  facet normal -0.4539904997395476 0.8910065241883675 0
    outer loop
      vertex -25.75 27.397114317029974 5
      vertex -25.330314893841102 27.610954559391704 20
      vertex -25.330314893841102 27.610954559391704 5
    endloop
  endfacet
  facet normal -0.35836794954530105 0.9335804264972015 0
    outer loop
      vertex -25.330314893841102 27.610954559391704 5
      vertex -24.890576474687265 27.77975432332819 20
      vertex -24.890576474687265 27.77975432332819 5
    endloop
  endfacet
  facet normal -0.2588190451025205 0.9659258262890683 0
    outer loop
      vertex -24.890576474687265 27.77975432332819 5
      vertex -24.43560260867992 27.901664203302126 20
      vertex -24.43560260867992 27.901664203302126 5
    endloop
  endfacet
  facet normal -0.1564344650402302 0.9876883405951378 0
    outer loop
      vertex -24.43560260867992 27.901664203302126 5
      vertex -23.97037808470444 27.97534852915723 20
      vertex -23.97037808470444 27.97534852915723 5
    endloop
  endfacet
  facet normal -0.052335956242943266 0.9986295347545739 0
    outer loop
      vertex -23.97037808470444 27.97534852915723 5
      vertex -23.5 28 20
      vertex -23.5 28 5
    endloop
  endfacet
  facet normal 0.052335956242943266 0.9986295347545739 0
    outer loop
      vertex -23.5 28 5
      vertex -23.02962191529556 27.97534852915723 20
      vertex -23.02962191529556 27.97534852915723 5
    endloop
  endfacet
  facet normal 0.1564344650402302 0.9876883405951378 0
    outer loop
      vertex -23.02962191529556 27.97534852915723 5
      vertex -22.56439739132008 27.901664203302126 20
      vertex -22.56439739132008 27.901664203302126 5
    endloop
  endfacet
  facet normal 0.2588190451025205 0.9659258262890683 0
    outer loop
      vertex -22.56439739132008 27.901664203302126 5
      vertex -22.109423525312735 27.77975432332819 20
      vertex -22.109423525312735 27.77975432332819 5
    endloop
  endfacet
  facet normal 0.35836794954530105 0.9335804264972015 0
    outer loop
      vertex -22.109423525312735 27.77975432332819 5
      vertex -21.669685106158898 27.610954559391704 20
      vertex -21.669685106158898 27.610954559391704 5
    endloop
  endfacet
  facet normal 0.4539904997395476 0.8910065241883675 0
    outer loop
      vertex -21.669685106158898 27.610954559391704 5
      vertex -21.25 27.397114317029974 20
      vertex -21.25 27.397114317029974 5
    endloop
  endfacet
  facet normal 0.5446390350150259 -0.8386705679454249 0
    outer loop
      vertex -21.25 19.602885682970026 5
      vertex -20.85496636468387 19.859423525312735 5
      vertex -21.25 19.602885682970026 20
    endloop
  endfacet
  facet normal 0.629320391049841 -0.7771459614569679 0
    outer loop
      vertex -20.85496636468387 19.859423525312735 5
      vertex -20.48891227138514 20.155848285351727 5
      vertex -20.85496636468387 19.859423525312735 20
    endloop
  endfacet
  facet normal 0.7071067811865475 -0.7071067811865475 0
    outer loop
      vertex -20.48891227138514 20.155848285351727 5
      vertex -20.155848285351727 20.48891227138514 5
      vertex -20.48891227138514 20.155848285351727 20
    endloop
  endfacet
  facet normal 0.7771459614569679 -0.629320391049841 0
    outer loop
      vertex -20.155848285351727 20.48891227138514 5
      vertex -19.859423525312735 20.85496636468387 5
      vertex -20.155848285351727 20.48891227138514 20
    endloop
  endfacet
  facet normal 0.8386705679454249 -0.5446390350150259 0
    outer loop
      vertex -19.859423525312735 20.85496636468387 5
      vertex -19.602885682970026 21.25 5
      vertex -19.859423525312735 20.85496636468387 20
    endloop
  endfacet
  facet normal 0.8910065241883675 -0.4539904997395476 0
    outer loop
      vertex -19.602885682970026 21.25 5
      vertex -19.389045440608296 21.669685106158898 5
      vertex -19.602885682970026 21.25 20
    endloop
  endfacet
  facet normal 0.9335804264972015 -0.35836794954530105 0
    outer loop
      vertex -19.389045440608296 21.669685106158898 5
      vertex -19.22024567667181 22.109423525312735 5
      vertex -19.389045440608296 21.669685106158898 20
    endloop
  endfacet
  facet normal 0.9659258262890683 -0.2588190451025205 0
    outer loop
      vertex -19.22024567667181 22.109423525312735 5
      vertex -19.098335796697874 22.56439739132008 5
      vertex -19.22024567667181 22.109423525312735 20
    endloop
  endfacet
  facet normal 0.9876883405951378 -0.1564344650402302 0
    outer loop
      vertex -19.098335796697874 22.56439739132008 5
      vertex -19.02465147084277 23.02962191529556 5
      vertex -19.098335796697874 22.56439739132008 20
    endloop
  endfacet
  facet normal 0.9986295347545739 -0.052335956242943266 0
    outer loop
      vertex -19.02465147084277 23.02962191529556 5
      vertex -19 23.5 5
      vertex -19.02465147084277 23.02962191529556 20
    endloop
  endfacet
  facet normal 0.9986295347545739 0.052335956242943266 0
    outer loop
      vertex -19 23.5 5
      vertex -19.02465147084277 23.97037808470444 5
      vertex -19 23.5 20
    endloop
  endfacet
  facet normal 0.9876883405951378 0.1564344650402302 0
    outer loop
      vertex -19.02465147084277 23.97037808470444 5
      vertex -19.098335796697874 24.43560260867992 5
      vertex -19.02465147084277 23.97037808470444 20
    endloop
  endfacet
  facet normal 0.9659258262890683 0.2588190451025205 0
    outer loop
      vertex -19.098335796697874 24.43560260867992 5
      vertex -19.22024567667181 24.890576474687265 5
      vertex -19.098335796697874 24.43560260867992 20
    endloop
  endfacet
  facet normal 0.8910065241883675 0.4539904997395476 0
    outer loop
      vertex -19.602885682970026 25.75 5
      vertex -19.389045440608296 25.330314893841102 20
      vertex -19.389045440608296 25.330314893841102 5
    endloop
  endfacet
  facet normal 0.7771459614569679 0.629320391049841 0
    outer loop
      vertex -19.859423525312735 26.14503363531613 5
      vertex -20.155848285351727 26.51108772861486 5
      vertex -19.859423525312735 26.14503363531613 20
    endloop
  endfacet
  facet normal 0.8386705679454249 0.5446390350150259 0
    outer loop
      vertex -19.602885682970026 25.75 5
      vertex -19.859423525312735 26.14503363531613 5
      vertex -19.602885682970026 25.75 20
    endloop
  endfacet
  facet normal 0.5446390350150259 0.8386705679454249 0
    outer loop
      vertex -21.25 27.397114317029974 5
      vertex -20.85496636468387 27.140576474687265 20
      vertex -20.85496636468387 27.140576474687265 5
    endloop
  endfacet
  facet normal 0.629320391049841 0.7771459614569679 0
    outer loop
      vertex -20.85496636468387 27.140576474687265 5
      vertex -20.48891227138514 26.844151714648273 20
      vertex -20.48891227138514 26.844151714648273 5
    endloop
  endfacet
  facet normal 0.7071067811865475 0.7071067811865475 0
    outer loop
      vertex -20.48891227138514 26.844151714648273 5
      vertex -20.155848285351727 26.51108772861486 20
      vertex -20.155848285351727 26.51108772861486 5
    endloop
  endfacet
  facet normal 0.9335804264972015 0.35836794954530105 0
    outer loop
      vertex -19.22024567667181 24.890576474687265 5
      vertex -19.389045440608296 25.330314893841102 5
      vertex -19.22024567667181 24.890576474687265 20
    endloop
  endfacet
  facet normal -0.7071067811865475 -0.7071067811865475 0
    outer loop
      vertex -26.51108772861486 20.155848285351727 5
      vertex -26.51108772861486 20.155848285351727 20
      vertex -26.844151714648273 20.48891227138514 20
    endloop
  endfacet
  facet normal -0.7771459614569679 -0.629320391049841 0
    outer loop
      vertex -26.844151714648273 20.48891227138514 5
      vertex -26.844151714648273 20.48891227138514 20
      vertex -27.140576474687265 20.85496636468387 20
    endloop
  endfacet
  facet normal -0.8386705679454249 -0.5446390350150259 0
    outer loop
      vertex -27.140576474687265 20.85496636468387 5
      vertex -27.140576474687265 20.85496636468387 20
      vertex -27.397114317029974 21.25 20
    endloop
  endfacet
  facet normal -0.35836794954530105 -0.9335804264972015 0
    outer loop
      vertex -24.890576474687265 19.22024567667181 5
      vertex -24.890576474687265 19.22024567667181 20
      vertex -25.330314893841102 19.389045440608296 20
    endloop
  endfacet
  facet normal -0.629320391049841 -0.7771459614569679 0
    outer loop
      vertex -26.14503363531613 19.859423525312735 5
      vertex -26.14503363531613 19.859423525312735 20
      vertex -26.51108772861486 20.155848285351727 20
    endloop
  endfacet
  facet normal -0.5446390350150259 -0.8386705679454249 0
    outer loop
      vertex -25.75 19.602885682970026 5
      vertex -25.75 19.602885682970026 20
      vertex -26.14503363531613 19.859423525312735 20
    endloop
  endfacet
  facet normal -0.4539904997395476 -0.8910065241883675 0
    outer loop
      vertex -25.330314893841102 19.389045440608296 5
      vertex -25.330314893841102 19.389045440608296 20
      vertex -25.75 19.602885682970026 20
    endloop
  endfacet
  facet normal -0.2588190451025205 -0.9659258262890683 0
    outer loop
      vertex -24.43560260867992 19.098335796697874 5
      vertex -24.43560260867992 19.098335796697874 20
      vertex -24.890576474687265 19.22024567667181 20
    endloop
  endfacet
  facet normal -0.1564344650402302 -0.9876883405951378 0
    outer loop
      vertex -23.97037808470444 19.02465147084277 5
      vertex -23.97037808470444 19.02465147084277 20
      vertex -24.43560260867992 19.098335796697874 20
    endloop
  endfacet
  facet normal -0.052335956242943266 -0.9986295347545739 0
    outer loop
      vertex -23.5 19 5
      vertex -23.5 19 20
      vertex -23.97037808470444 19.02465147084277 20
    endloop
  endfacet
  facet normal 0.052335956242943266 -0.9986295347545739 0
    outer loop
      vertex -23.02962191529556 19.02465147084277 5
      vertex -23.02962191529556 19.02465147084277 20
      vertex -23.5 19 20
    endloop
  endfacet
  facet normal 0.1564344650402302 -0.9876883405951378 0
    outer loop
      vertex -22.56439739132008 19.098335796697874 5
      vertex -22.56439739132008 19.098335796697874 20
      vertex -23.02962191529556 19.02465147084277 20
    endloop
  endfacet
  facet normal 0.2588190451025205 -0.9659258262890683 0
    outer loop
      vertex -22.109423525312735 19.22024567667181 5
      vertex -22.109423525312735 19.22024567667181 20
      vertex -22.56439739132008 19.098335796697874 20
    endloop
  endfacet
  facet normal 0.35836794954530105 -0.9335804264972015 0
    outer loop
      vertex -21.669685106158898 19.389045440608296 5
      vertex -21.669685106158898 19.389045440608296 20
      vertex -22.109423525312735 19.22024567667181 20
    endloop
  endfacet
  facet normal 0.4539904997395476 -0.8910065241883675 0
    outer loop
      vertex -21.25 19.602885682970026 5
      vertex -21.25 19.602885682970026 20
      vertex -21.669685106158898 19.389045440608296 20
    endloop
  endfacet
  facet normal -0.8910065241883675 -0.4539904997395476 0
    outer loop
      vertex -27.397114317029974 21.25 5
      vertex -27.397114317029974 21.25 20
      vertex -27.610954559391704 21.669685106158898 20
    endloop
  endfacet
  facet normal -0.9335804264972015 -0.35836794954530105 0
    outer loop
      vertex -27.610954559391704 21.669685106158898 5
      vertex -27.610954559391704 21.669685106158898 20
      vertex -27.77975432332819 22.109423525312735 20
    endloop
  endfacet
  facet normal -0.9659258262890683 -0.2588190451025205 0
    outer loop
      vertex -27.77975432332819 22.109423525312735 5
      vertex -27.77975432332819 22.109423525312735 20
      vertex -27.901664203302126 22.56439739132008 20
    endloop
  endfacet
  facet normal -0.9876883405951378 -0.1564344650402302 0
    outer loop
      vertex -27.901664203302126 22.56439739132008 5
      vertex -27.901664203302126 22.56439739132008 20
      vertex -27.97534852915723 23.02962191529556 20
    endloop
  endfacet
  facet normal -0.9986295347545739 -0.052335956242943266 0
    outer loop
      vertex -27.97534852915723 23.02962191529556 5
      vertex -27.97534852915723 23.02962191529556 20
      vertex -28 23.5 20
    endloop
  endfacet
  facet normal -0.9986295347545739 0.052335956242943266 0
    outer loop
      vertex -28 23.5 5
      vertex -28 23.5 20
      vertex -27.97534852915723 23.97037808470444 20
    endloop
  endfacet
  facet normal -0.9876883405951378 0.1564344650402302 0
    outer loop
      vertex -27.97534852915723 23.97037808470444 5
      vertex -27.97534852915723 23.97037808470444 20
      vertex -27.901664203302126 24.43560260867992 20
    endloop
  endfacet
  facet normal -0.9659258262890683 0.2588190451025205 0
    outer loop
      vertex -27.901664203302126 24.43560260867992 5
      vertex -27.901664203302126 24.43560260867992 20
      vertex -27.77975432332819 24.890576474687265 20
    endloop
  endfacet
  facet normal -0.9335804264972015 0.35836794954530105 0
    outer loop
      vertex -27.77975432332819 24.890576474687265 5
      vertex -27.77975432332819 24.890576474687265 20
      vertex -27.610954559391704 25.330314893841102 20
    endloop
  endfacet
  facet normal -0.8910065241883675 0.4539904997395476 0
    outer loop
      vertex -27.610954559391704 25.330314893841102 5
      vertex -27.610954559391704 25.330314893841102 20
      vertex -27.397114317029974 25.75 20
    endloop
  endfacet
  facet normal -0.8386705679454249 0.5446390350150259 0
    outer loop
      vertex -27.397114317029974 25.75 5
      vertex -27.397114317029974 25.75 20
      vertex -27.140576474687265 26.14503363531613 20
    endloop
  endfacet
  facet normal -0.7771459614569679 0.629320391049841 0
    outer loop
      vertex -27.140576474687265 26.14503363531613 5
      vertex -27.140576474687265 26.14503363531613 20
      vertex -26.844151714648273 26.51108772861486 20
    endloop
  endfacet
  facet normal -0.7071067811865475 0.7071067811865475 0
    outer loop
      vertex -26.844151714648273 26.51108772861486 5
      vertex -26.844151714648273 26.51108772861486 20
      vertex -26.51108772861486 26.844151714648273 20
    endloop
  endfacet
  facet normal -0.629320391049841 0.7771459614569679 0
    outer loop
      vertex -26.51108772861486 26.844151714648273 5
      vertex -26.51108772861486 26.844151714648273 20
      vertex -26.14503363531613 27.140576474687265 20
    endloop
  endfacet
  facet normal -0.5446390350150259 0.8386705679454249 0
    outer loop
      vertex -26.14503363531613 27.140576474687265 5
      vertex -26.14503363531613 27.140576474687265 20
      vertex -25.75 27.397114317029974 20
    endloop
  endfacet
  facet normal -0.4539904997395476 0.8910065241883675 0
    outer loop
      vertex -25.75 27.397114317029974 5
      vertex -25.75 27.397114317029974 20
      vertex -25.330314893841102 27.610954559391704 20
    endloop
  endfacet
  facet normal -0.35836794954530105 0.9335804264972015 0
    outer loop
      vertex -25.330314893841102 27.610954559391704 5
      vertex -25.330314893841102 27.610954559391704 20
      vertex -24.890576474687265 27.77975432332819 20
    endloop
  endfacet
  facet normal -0.2588190451025205 0.9659258262890683 0
    outer loop
      vertex -24.890576474687265 27.77975432332819 5
      vertex -24.890576474687265 27.77975432332819 20
      vertex -24.43560260867992 27.901664203302126 20
    endloop
  endfacet
  facet normal -0.1564344650402302 0.9876883405951378 0
    outer loop
      vertex -24.43560260867992 27.901664203302126 5
      vertex -24.43560260867992 27.901664203302126 20
      vertex -23.97037808470444 27.97534852915723 20
    endloop
  endfacet
  facet normal -0.052335956242943266 0.9986295347545739 0
    outer loop
      vertex -23.97037808470444 27.97534852915723 5
      vertex -23.97037808470444 27.97534852915723 20
      vertex -23.5 28 20
    endloop
  endfacet
  facet normal 0.052335956242943266 0.9986295347545739 0
    outer loop
      vertex -23.5 28 5
      vertex -23.5 28 20
      vertex -23.02962191529556 27.97534852915723 20
    endloop
  endfacet
  facet normal 0.1564344650402302 0.9876883405951378 0
    outer loop
      vertex -23.02962191529556 27.97534852915723 5
      vertex -23.02962191529556 27.97534852915723 20
      vertex -22.56439739132008 27.901664203302126 20
    endloop
  endfacet
  facet normal 0.2588190451025205 0.9659258262890683 0
    outer loop
      vertex -22.56439739132008 27.901664203302126 5
      vertex -22.56439739132008 27.901664203302126 20
      vertex -22.109423525312735 27.77975432332819 20
    endloop
  endfacet
  facet normal 0.35836794954530105 0.9335804264972015 0
    outer loop
      vertex -22.109423525312735 27.77975432332819 5
      vertex -22.109423525312735 27.77975432332819 20
      vertex -21.669685106158898 27.610954559391704 20
    endloop
  endfacet
  facet normal 0.4539904997395476 0.8910065241883675 0
    outer loop
      vertex -21.669685106158898 27.610954559391704 5
      vertex -21.669685106158898 27.610954559391704 20
      vertex -21.25 27.397114317029974 20
    endloop
  endfacet
  facet normal 0 0 1
    outer loop
      vertex -27.610954559391704 21.669685106158898 20
      vertex -27.77975432332819 24.890576474687265 20
      vertex -27.77975432332819 22.109423525312735 20
    endloop
  endfacet
  facet normal 0 0 1
    outer loop
      vertex -27.397114317029974 21.25 20
      vertex -27.610954559391704 25.330314893841102 20
      vertex -27.610954559391704 21.669685106158898 20
    endloop
  endfacet
  facet normal 0 0 1
    outer loop
      vertex -27.140576474687265 20.85496636468387 20
      vertex -26.844151714648273 20.48891227138514 20
      vertex -27.140576474687265 26.14503363531613 20
    endloop
  endfacet
  facet normal 0 0 1
    outer loop
      vertex -27.140576474687265 20.85496636468387 20
      vertex -27.397114317029974 25.75 20
      vertex -27.397114317029974 21.25 20
    endloop
  endfacet
  facet normal 0 0 1
    outer loop
      vertex -26.51108772861486 20.155848285351727 20
      vertex -26.844151714648273 26.51108772861486 20
      vertex -26.844151714648273 20.48891227138514 20
    endloop
  endfacet
  facet normal 0 0 1
    outer loop
      vertex -27.901664203302126 22.56439739132008 20
      vertex -27.77975432332819 22.109423525312735 20
      vertex -27.901664203302126 24.43560260867992 20
    endloop
  endfacet
  facet normal 0 0 1
    outer loop
      vertex -27.901664203302126 22.56439739132008 20
      vertex -27.97534852915723 23.97037808470444 20
      vertex -27.97534852915723 23.02962191529556 20
    endloop
  endfacet
  facet normal 0 0 1
    outer loop
      vertex -27.97534852915723 23.02962191529556 20
      vertex -27.97534852915723 23.97037808470444 20
      vertex -28 23.5 20
    endloop
  endfacet
  facet normal 0 0 1
    outer loop
      vertex -27.901664203302126 22.56439739132008 20
      vertex -27.901664203302126 24.43560260867992 20
      vertex -27.97534852915723 23.97037808470444 20
    endloop
  endfacet
  facet normal 0 0 1
    outer loop
      vertex -27.77975432332819 22.109423525312735 20
      vertex -27.77975432332819 24.890576474687265 20
      vertex -27.901664203302126 24.43560260867992 20
    endloop
  endfacet
  facet normal 0 0 1
    outer loop
      vertex -27.610954559391704 21.669685106158898 20
      vertex -27.610954559391704 25.330314893841102 20
      vertex -27.77975432332819 24.890576474687265 20
    endloop
  endfacet
  facet normal 0 0 1
    outer loop
      vertex -27.397114317029974 21.25 20
      vertex -27.397114317029974 25.75 20
      vertex -27.610954559391704 25.330314893841102 20
    endloop
  endfacet
  facet normal 0 0 1
    outer loop
      vertex -27.140576474687265 20.85496636468387 20
      vertex -27.140576474687265 26.14503363531613 20
      vertex -27.397114317029974 25.75 20
    endloop
  endfacet
  facet normal 0 0 1
    outer loop
      vertex -26.844151714648273 20.48891227138514 20
      vertex -26.844151714648273 26.51108772861486 20
      vertex -27.140576474687265 26.14503363531613 20
    endloop
  endfacet
  facet normal 0 0 1
    outer loop
      vertex -26.51108772861486 20.155848285351727 20
      vertex -26.51108772861486 26.844151714648273 20
      vertex -26.844151714648273 26.51108772861486 20
    endloop
  endfacet
  facet normal 0 0 1
    outer loop
      vertex -26.51108772861486 20.155848285351727 20
      vertex -26.14503363531613 19.859423525312735 20
      vertex -26.51108772861486 26.844151714648273 20
    endloop
  endfacet
  facet normal 0 0 1
    outer loop
      vertex -26.14503363531613 19.859423525312735 20
      vertex -25.75 19.602885682970026 20
      vertex -26.14503363531613 27.140576474687265 20
    endloop
  endfacet
  facet normal 0 0 1
    outer loop
      vertex -25.330314893841102 19.389045440608296 20
      vertex -25.75 27.397114317029974 20
      vertex -25.75 19.602885682970026 20
    endloop
  endfacet
  facet normal 0 0 1
    outer loop
      vertex -24.890576474687265 19.22024567667181 20
      vertex -24.43560260867992 19.098335796697874 20
      vertex -24.890576474687265 27.77975432332819 20
    endloop
  endfacet
  facet normal 0 0 1
    outer loop
      vertex -25.330314893841102 19.389045440608296 20
      vertex -24.890576474687265 19.22024567667181 20
      vertex -25.330314893841102 27.610954559391704 20
    endloop
  endfacet
  facet normal 0 0 1
    outer loop
      vertex -26.14503363531613 19.859423525312735 20
      vertex -26.14503363531613 27.140576474687265 20
      vertex -26.51108772861486 26.844151714648273 20
    endloop
  endfacet
  facet normal 0 0 1
    outer loop
      vertex -25.75 19.602885682970026 20
      vertex -25.75 27.397114317029974 20
      vertex -26.14503363531613 27.140576474687265 20
    endloop
  endfacet
  facet normal 0 0 1
    outer loop
      vertex -25.330314893841102 19.389045440608296 20
      vertex -25.330314893841102 27.610954559391704 20
      vertex -25.75 27.397114317029974 20
    endloop
  endfacet
  facet normal 0 0 1
    outer loop
      vertex -24.890576474687265 19.22024567667181 20
      vertex -24.890576474687265 27.77975432332819 20
      vertex -25.330314893841102 27.610954559391704 20
    endloop
  endfacet
  facet normal 0 0 1
    outer loop
      vertex -24.43560260867992 19.098335796697874 20
      vertex -23.97037808470444 19.02465147084277 20
      vertex -24.43560260867992 27.901664203302126 20
    endloop
  endfacet
  facet normal 0 0 1
    outer loop
      vertex -23.97037808470444 19.02465147084277 20
      vertex -23.5 19 20
      vertex -23.97037808470444 27.97534852915723 20
    endloop
  endfacet
  facet normal 0 0 1
    outer loop
      vertex -23.5 19 20
      vertex -23.02962191529556 19.02465147084277 20
      vertex -23.5 28 20
    endloop
  endfacet
  facet normal 0 0 1
    outer loop
      vertex -23.02962191529556 19.02465147084277 20
      vertex -22.56439739132008 19.098335796697874 20
      vertex -23.02962191529556 27.97534852915723 20
    endloop
  endfacet
  facet normal 0 0 1
    outer loop
      vertex -22.56439739132008 19.098335796697874 20
      vertex -22.109423525312735 19.22024567667181 20
      vertex -22.56439739132008 27.901664203302126 20
    endloop
  endfacet
  facet normal 0 0 1
    outer loop
      vertex -22.109423525312735 19.22024567667181 20
      vertex -21.669685106158898 19.389045440608296 20
      vertex -22.109423525312735 27.77975432332819 20
    endloop
  endfacet
  facet normal 0 0 1
    outer loop
      vertex -21.669685106158898 19.389045440608296 20
      vertex -21.25 19.602885682970026 20
      vertex -21.669685106158898 27.610954559391704 20
    endloop
  endfacet
  facet normal 0 0 1
    outer loop
      vertex -24.43560260867992 19.098335796697874 20
      vertex -24.43560260867992 27.901664203302126 20
      vertex -24.890576474687265 27.77975432332819 20
    endloop
  endfacet
  facet normal 0 0 1
    outer loop
      vertex -23.97037808470444 19.02465147084277 20
      vertex -23.97037808470444 27.97534852915723 20
      vertex -24.43560260867992 27.901664203302126 20
    endloop
  endfacet
  facet normal 0 0 1
    outer loop
      vertex -23.5 19 20
      vertex -23.5 28 20
      vertex -23.97037808470444 27.97534852915723 20
    endloop
  endfacet
  facet normal 0 0 1
    outer loop
      vertex -23.02962191529556 19.02465147084277 20
      vertex -23.02962191529556 27.97534852915723 20
      vertex -23.5 28 20
    endloop
  endfacet
  facet normal 0 0 1
    outer loop
      vertex -22.56439739132008 19.098335796697874 20
      vertex -22.56439739132008 27.901664203302126 20
      vertex -23.02962191529556 27.97534852915723 20
    endloop
  endfacet
  facet normal 0 0 1
    outer loop
      vertex -22.109423525312735 19.22024567667181 20
      vertex -22.109423525312735 27.77975432332819 20
      vertex -22.56439739132008 27.901664203302126 20
    endloop
  endfacet
  facet normal 0 0 1
    outer loop
      vertex -21.669685106158898 19.389045440608296 20
      vertex -21.669685106158898 27.610954559391704 20
      vertex -22.109423525312735 27.77975432332819 20
    endloop
  endfacet
  facet normal 0 0 1
    outer loop
      vertex -21.25 19.602885682970026 20
      vertex -21.25 27.397114317029974 20
      vertex -21.669685106158898 27.610954559391704 20
    endloop
  endfacet
  facet normal 0.5446390350150259 -0.8386705679454249 0
    outer loop
      vertex -20.85496636468387 19.859423525312735 5
      vertex -20.85496636468387 19.859423525312735 20
      vertex -21.25 19.602885682970026 20
    endloop
  endfacet
  facet normal 0.629320391049841 -0.7771459614569679 0
    outer loop
      vertex -20.48891227138514 20.155848285351727 5
      vertex -20.48891227138514 20.155848285351727 20
      vertex -20.85496636468387 19.859423525312735 20
    endloop
  endfacet
  facet normal 0.7071067811865475 -0.7071067811865475 0
    outer loop
      vertex -20.155848285351727 20.48891227138514 5
      vertex -20.155848285351727 20.48891227138514 20
      vertex -20.48891227138514 20.155848285351727 20
    endloop
  endfacet
  facet normal 0.7771459614569679 -0.629320391049841 0
    outer loop
      vertex -19.859423525312735 20.85496636468387 5
      vertex -19.859423525312735 20.85496636468387 20
      vertex -20.155848285351727 20.48891227138514 20
    endloop
  endfacet
  facet normal 0.8386705679454249 -0.5446390350150259 0
    outer loop
      vertex -19.602885682970026 21.25 5
      vertex -19.602885682970026 21.25 20
      vertex -19.859423525312735 20.85496636468387 20
    endloop
  endfacet
  facet normal 0.8910065241883675 -0.4539904997395476 0
    outer loop
      vertex -19.389045440608296 21.669685106158898 5
      vertex -19.389045440608296 21.669685106158898 20
      vertex -19.602885682970026 21.25 20
    endloop
  endfacet
  facet normal 0.9335804264972015 -0.35836794954530105 0
    outer loop
      vertex -19.22024567667181 22.109423525312735 5
      vertex -19.22024567667181 22.109423525312735 20
      vertex -19.389045440608296 21.669685106158898 20
    endloop
  endfacet
  facet normal 0.9659258262890683 -0.2588190451025205 0
    outer loop
      vertex -19.098335796697874 22.56439739132008 5
      vertex -19.098335796697874 22.56439739132008 20
      vertex -19.22024567667181 22.109423525312735 20
    endloop
  endfacet
  facet normal 0.9876883405951378 -0.1564344650402302 0
    outer loop
      vertex -19.02465147084277 23.02962191529556 5
      vertex -19.02465147084277 23.02962191529556 20
      vertex -19.098335796697874 22.56439739132008 20
    endloop
  endfacet
  facet normal 0.9986295347545739 -0.052335956242943266 0
    outer loop
      vertex -19 23.5 5
      vertex -19 23.5 20
      vertex -19.02465147084277 23.02962191529556 20
    endloop
  endfacet
  facet normal 0.9986295347545739 0.052335956242943266 0
    outer loop
      vertex -19.02465147084277 23.97037808470444 5
      vertex -19.02465147084277 23.97037808470444 20
      vertex -19 23.5 20
    endloop
  endfacet
  facet normal 0.9876883405951378 0.1564344650402302 0
    outer loop
      vertex -19.098335796697874 24.43560260867992 5
      vertex -19.098335796697874 24.43560260867992 20
      vertex -19.02465147084277 23.97037808470444 20
    endloop
  endfacet
  facet normal 0.7771459614569679 0.629320391049841 0
    outer loop
      vertex -20.155848285351727 26.51108772861486 5
      vertex -20.155848285351727 26.51108772861486 20
      vertex -19.859423525312735 26.14503363531613 20
    endloop
  endfacet
  facet normal 0.8386705679454249 0.5446390350150259 0
    outer loop
      vertex -19.859423525312735 26.14503363531613 5
      vertex -19.859423525312735 26.14503363531613 20
      vertex -19.602885682970026 25.75 20
    endloop
  endfacet
  facet normal 0.8910065241883675 0.4539904997395476 0
    outer loop
      vertex -19.602885682970026 25.75 5
      vertex -19.602885682970026 25.75 20
      vertex -19.389045440608296 25.330314893841102 20
    endloop
  endfacet
  facet normal 0.5446390350150259 0.8386705679454249 0
    outer loop
      vertex -21.25 27.397114317029974 5
      vertex -21.25 27.397114317029974 20
      vertex -20.85496636468387 27.140576474687265 20
    endloop
  endfacet
  facet normal 0.7071067811865475 0.7071067811865475 0
    outer loop
      vertex -20.48891227138514 26.844151714648273 5
      vertex -20.48891227138514 26.844151714648273 20
      vertex -20.155848285351727 26.51108772861486 20
    endloop
  endfacet
  facet normal 0.629320391049841 0.7771459614569679 0
    outer loop
      vertex -20.85496636468387 27.140576474687265 5
      vertex -20.85496636468387 27.140576474687265 20
      vertex -20.48891227138514 26.844151714648273 20
    endloop
  endfacet
  facet normal 0.9659258262890683 0.2588190451025205 0
    outer loop
      vertex -19.22024567667181 24.890576474687265 5
      vertex -19.22024567667181 24.890576474687265 20
      vertex -19.098335796697874 24.43560260867992 20
    endloop
  endfacet
  facet normal 0.9335804264972015 0.35836794954530105 0
    outer loop
      vertex -19.389045440608296 25.330314893841102 5
      vertex -19.389045440608296 25.330314893841102 20
      vertex -19.22024567667181 24.890576474687265 20
    endloop
  endfacet
  facet normal 0 0 1
    outer loop
      vertex -21.25 19.602885682970026 20
      vertex -20.85496636468387 19.859423525312735 20
      vertex -21.25 27.397114317029974 20
    endloop
  endfacet
  facet normal 0 0 1
    outer loop
      vertex -20.85496636468387 19.859423525312735 20
      vertex -20.48891227138514 20.155848285351727 20
      vertex -20.85496636468387 27.140576474687265 20
    endloop
  endfacet
  facet normal 0 0 1
    outer loop
      vertex -20.48891227138514 20.155848285351727 20
      vertex -20.155848285351727 20.48891227138514 20
      vertex -20.48891227138514 26.844151714648273 20
    endloop
  endfacet
  facet normal 0 0 1
    outer loop
      vertex -20.155848285351727 20.48891227138514 20
      vertex -19.859423525312735 20.85496636468387 20
      vertex -20.155848285351727 26.51108772861486 20
    endloop
  endfacet
  facet normal 0 0 1
    outer loop
      vertex -19.859423525312735 20.85496636468387 20
      vertex -19.602885682970026 21.25 20
      vertex -19.859423525312735 26.14503363531613 20
    endloop
  endfacet
  facet normal 0 0 1
    outer loop
      vertex -19.602885682970026 21.25 20
      vertex -19.389045440608296 21.669685106158898 20
      vertex -19.602885682970026 25.75 20
    endloop
  endfacet
  facet normal 0 0 1
    outer loop
      vertex -20.48891227138514 20.155848285351727 20
      vertex -20.48891227138514 26.844151714648273 20
      vertex -20.85496636468387 27.140576474687265 20
    endloop
  endfacet
  facet normal 0 0 1
    outer loop
      vertex -20.155848285351727 20.48891227138514 20
      vertex -20.155848285351727 26.51108772861486 20
      vertex -20.48891227138514 26.844151714648273 20
    endloop
  endfacet
  facet normal 0 0 1
    outer loop
      vertex -19.859423525312735 20.85496636468387 20
      vertex -19.859423525312735 26.14503363531613 20
      vertex -20.155848285351727 26.51108772861486 20
    endloop
  endfacet
  facet normal 0 0 1
    outer loop
      vertex -19.389045440608296 21.669685106158898 20
      vertex -19.389045440608296 25.330314893841102 20
      vertex -19.602885682970026 25.75 20
    endloop
  endfacet
  facet normal 0 0 1
    outer loop
      vertex -19.602885682970026 21.25 20
      vertex -19.602885682970026 25.75 20
      vertex -19.859423525312735 26.14503363531613 20
    endloop
  endfacet
  facet normal 0 0 1
    outer loop
      vertex -19.389045440608296 21.669685106158898 20
      vertex -19.22024567667181 22.109423525312735 20
      vertex -19.389045440608296 25.330314893841102 20
    endloop
  endfacet
  facet normal 0 0 1
    outer loop
      vertex -19.22024567667181 22.109423525312735 20
      vertex -19.098335796697874 22.56439739132008 20
      vertex -19.22024567667181 24.890576474687265 20
    endloop
  endfacet
  facet normal 0 0 1
    outer loop
      vertex -19.098335796697874 22.56439739132008 20
      vertex -19.02465147084277 23.02962191529556 20
      vertex -19.098335796697874 24.43560260867992 20
    endloop
  endfacet
  facet normal 0 0 1
    outer loop
      vertex -19.02465147084277 23.02962191529556 20
      vertex -19 23.5 20
      vertex -19.02465147084277 23.97037808470444 20
    endloop
  endfacet
  facet normal 0 0 1
    outer loop
      vertex -19.02465147084277 23.02962191529556 20
      vertex -19.02465147084277 23.97037808470444 20
      vertex -19.098335796697874 24.43560260867992 20
    endloop
  endfacet
  facet normal 0 0 1
    outer loop
      vertex -19.22024567667181 22.109423525312735 20
      vertex -19.22024567667181 24.890576474687265 20
      vertex -19.389045440608296 25.330314893841102 20
    endloop
  endfacet
  facet normal 0 0 1
    outer loop
      vertex -19.098335796697874 22.56439739132008 20
      vertex -19.098335796697874 24.43560260867992 20
      vertex -19.22024567667181 24.890576474687265 20
    endloop
  endfacet
  facet normal 0 0 1
    outer loop
      vertex -21.25 27.397114317029974 20
      vertex -20.85496636468387 19.859423525312735 20
      vertex -20.85496636468387 27.140576474687265 20
    endloop
  endfacet
  facet normal 0 0 -1
    outer loop
      vertex 20.155848285351727 -26.51108772861486 0
      vertex 21.916666666675 -26.242413778636287 0
      vertex 20.48891227138514 -26.844151714648273 0
    endloop
  endfacet
  facet normal 0 0 -1
    outer loop
      vertex 20.48891227138514 -26.844151714648273 0
      vertex 21.916666666675 -26.242413778636287 0
      vertex 20.85496636468387 -27.140576474687265 0
    endloop
  endfacet
  facet normal 0 0 -1
    outer loop
      vertex 20.155848285351727 -26.51108772861486 0
      vertex 20.33333333335 -23.5 0
      vertex 21.916666666675 -26.242413778636287 0
    endloop
  endfacet
  facet normal 0 0 -1
    outer loop
      vertex 19.389045440608296 -25.330314893841102 0
      vertex 19.22024567667181 -24.890576474687265 0
      vertex 19.389045440608296 -21.669685106158898 0
    endloop
  endfacet
  facet normal 0 0 -1
    outer loop
      vertex 19.098335796697874 -24.43560260867992 0
      vertex 19.02465147084277 -23.97037808470444 0
      vertex 19.098335796697874 -22.56439739132008 0
    endloop
  endfacet
  facet normal 0 0 -1
    outer loop
      vertex 19.22024567667181 -24.890576474687265 0
      vertex 19.098335796697874 -24.43560260867992 0
      vertex 19.22024567667181 -22.109423525312735 0
    endloop
  endfacet
  facet normal 0 0 -1
    outer loop
      vertex 19.02465147084277 -23.97037808470444 0
      vertex 19 -23.5 0
      vertex 19.02465147084277 -23.02962191529556 0
    endloop
  endfacet
  facet normal 0 0 -1
    outer loop
      vertex 19.02465147084277 -23.97037808470444 0
      vertex 19.02465147084277 -23.02962191529556 0
      vertex 19.098335796697874 -22.56439739132008 0
    endloop
  endfacet
  facet normal 0 0 -1
    outer loop
      vertex 19.098335796697874 -24.43560260867992 0
      vertex 19.098335796697874 -22.56439739132008 0
      vertex 19.22024567667181 -22.109423525312735 0
    endloop
  endfacet
  facet normal 0 0 -1
    outer loop
      vertex 19.22024567667181 -24.890576474687265 0
      vertex 19.22024567667181 -22.109423525312735 0
      vertex 19.389045440608296 -21.669685106158898 0
    endloop
  endfacet
  facet normal 0 0 -1
    outer loop
      vertex 19.389045440608296 -25.330314893841102 0
      vertex 19.602885682970026 -21.25 0
      vertex 19.602885682970026 -25.75 0
    endloop
  endfacet
  facet normal 0 0 -1
    outer loop
      vertex 19.859423525312735 -26.14503363531613 0
      vertex 19.602885682970026 -25.75 0
      vertex 19.859423525312735 -20.85496636468387 0
    endloop
  endfacet
  facet normal 0 0 -1
    outer loop
      vertex 20.155848285351727 -26.51108772861486 0
      vertex 19.859423525312735 -26.14503363531613 0
      vertex 20.155848285351727 -20.48891227138514 0
    endloop
  endfacet
  facet normal 0 0 -1
    outer loop
      vertex 20.155848285351727 -26.51108772861486 0
      vertex 20.48891227138514 -20.155848285351727 0
      vertex 20.33333333335 -23.5 0
    endloop
  endfacet
  facet normal 0 0 -1
    outer loop
      vertex 19.389045440608296 -25.330314893841102 0
      vertex 19.389045440608296 -21.669685106158898 0
      vertex 19.602885682970026 -21.25 0
    endloop
  endfacet
  facet normal 0 0 -1
    outer loop
      vertex 19.602885682970026 -25.75 0
      vertex 19.602885682970026 -21.25 0
      vertex 19.859423525312735 -20.85496636468387 0
    endloop
  endfacet
  facet normal 0 0 -1
    outer loop
      vertex 19.859423525312735 -26.14503363531613 0
      vertex 19.859423525312735 -20.85496636468387 0
      vertex 20.155848285351727 -20.48891227138514 0
    endloop
  endfacet
  facet normal 0 0 -1
    outer loop
      vertex 20.155848285351727 -26.51108772861486 0
      vertex 20.155848285351727 -20.48891227138514 0
      vertex 20.48891227138514 -20.155848285351727 0
    endloop
  endfacet
  facet normal 0 0 -1
    outer loop
      vertex 20.48891227138514 -20.155848285351727 0
      vertex 20.85496636468387 -19.859423525312735 0
      vertex 20.33333333335 -23.5 0
    endloop
  endfacet
  facet normal 0 0 -1
    outer loop
      vertex 20.85496636468387 -19.859423525312735 0
      vertex 21.25 -19.602885682970026 0
      vertex 20.33333333335 -23.5 0
    endloop
  endfacet
  facet normal 0 0 -1
    outer loop
      vertex 21.25 -19.602885682970026 0
      vertex 21.669685106158898 -19.389045440608296 0
      vertex 20.33333333335 -23.5 0
    endloop
  endfacet
  facet normal 0 0 -1
    outer loop
      vertex 20.85496636468387 -27.140576474687265 0
      vertex 21.916666666675 -26.242413778636287 0
      vertex 21.25 -27.397114317029974 0
    endloop
  endfacet
  facet normal 0 0 -1
    outer loop
      vertex 21.25 -27.397114317029974 0
      vertex 21.916666666675 -26.242413778636287 0
      vertex 21.669685106158898 -27.610954559391704 0
    endloop
  endfacet
  facet normal 0 0 -1
    outer loop
      vertex 21.669685106158898 -27.610954559391704 0
      vertex 21.916666666675 -26.242413778636287 0
      vertex 25.083333333325 -26.242413778636287 0
    endloop
  endfacet
  facet normal 0 0 -1
    outer loop
      vertex 22.56439739132008 -27.901664203302126 0
      vertex 25.083333333325 -26.242413778636287 0
      vertex 23.02962191529556 -27.97534852915723 0
    endloop
  endfacet
  facet normal 0 0 -1
    outer loop
      vertex 21.669685106158898 -27.610954559391704 0
      vertex 25.083333333325 -26.242413778636287 0
      vertex 22.109423525312735 -27.77975432332819 0
    endloop
  endfacet
  facet normal 0 0 -1
    outer loop
      vertex 22.109423525312735 -27.77975432332819 0
      vertex 25.083333333325 -26.242413778636287 0
      vertex 22.56439739132008 -27.901664203302126 0
    endloop
  endfacet
  facet normal 0 0 -1
    outer loop
      vertex 23.02962191529556 -27.97534852915723 0
      vertex 25.083333333325 -26.242413778636287 0
      vertex 23.5 -28 0
    endloop
  endfacet
  facet normal 0 0 -1
    outer loop
      vertex 23.5 -28 0
      vertex 25.083333333325 -26.242413778636287 0
      vertex 23.97037808470444 -27.97534852915723 0
    endloop
  endfacet
  facet normal 0 0 -1
    outer loop
      vertex 23.97037808470444 -27.97534852915723 0
      vertex 25.083333333325 -26.242413778636287 0
      vertex 24.43560260867992 -27.901664203302126 0
    endloop
  endfacet
  facet normal 0 0 -1
    outer loop
      vertex 21.669685106158898 -19.389045440608296 0
      vertex 21.916666666675 -20.757586221363713 0
      vertex 20.33333333335 -23.5 0
    endloop
  endfacet
  facet normal 0 0 -1
    outer loop
      vertex 24.43560260867992 -27.901664203302126 0
      vertex 25.083333333325 -26.242413778636287 0
      vertex 24.890576474687265 -27.77975432332819 0
    endloop
  endfacet
  facet normal 0 0 -1
    outer loop
      vertex 24.890576474687265 -27.77975432332819 0
      vertex 25.083333333325 -26.242413778636287 0
      vertex 25.330314893841102 -27.610954559391704 0
    endloop
  endfacet
  facet normal 0 0 -1
    outer loop
      vertex 25.330314893841102 -27.610954559391704 0
      vertex 26.66666666665 -23.5 0
      vertex 25.75 -27.397114317029974 0
    endloop
  endfacet
  facet normal 0 0 -1
    outer loop
      vertex 25.330314893841102 -27.610954559391704 0
      vertex 25.083333333325 -26.242413778636287 0
      vertex 26.66666666665 -23.5 0
    endloop
  endfacet
  facet normal 0 0 -1
    outer loop
      vertex 25.75 -27.397114317029974 0
      vertex 26.66666666665 -23.5 0
      vertex 26.14503363531613 -27.140576474687265 0
    endloop
  endfacet
  facet normal 0 0 -1
    outer loop
      vertex 26.14503363531613 -27.140576474687265 0
      vertex 26.66666666665 -23.5 0
      vertex 26.51108772861486 -26.844151714648273 0
    endloop
  endfacet
  facet normal 0 0 -1
    outer loop
      vertex 26.844151714648273 -20.48891227138514 0
      vertex 26.66666666665 -23.5 0
      vertex 25.083333333325 -20.757586221363713 0
    endloop
  endfacet
  facet normal 0 0 -1
    outer loop
      vertex 26.51108772861486 -26.844151714648273 0
      vertex 26.844151714648273 -20.48891227138514 0
      vertex 26.844151714648273 -26.51108772861486 0
    endloop
  endfacet
  facet normal 0 0 -1
    outer loop
      vertex 26.844151714648273 -26.51108772861486 0
      vertex 27.140576474687265 -20.85496636468387 0
      vertex 27.140576474687265 -26.14503363531613 0
    endloop
  endfacet
  facet normal 0 0 -1
    outer loop
      vertex 27.140576474687265 -26.14503363531613 0
      vertex 27.397114317029974 -21.25 0
      vertex 27.397114317029974 -25.75 0
    endloop
  endfacet
  facet normal 0 0 -1
    outer loop
      vertex 26.51108772861486 -26.844151714648273 0
      vertex 26.66666666665 -23.5 0
      vertex 26.844151714648273 -20.48891227138514 0
    endloop
  endfacet
  facet normal 0 0 -1
    outer loop
      vertex 27.397114317029974 -25.75 0
      vertex 27.610954559391704 -21.669685106158898 0
      vertex 27.610954559391704 -25.330314893841102 0
    endloop
  endfacet
  facet normal 0 0 -1
    outer loop
      vertex 27.610954559391704 -25.330314893841102 0
      vertex 27.77975432332819 -22.109423525312735 0
      vertex 27.77975432332819 -24.890576474687265 0
    endloop
  endfacet
  facet normal 0 0 -1
    outer loop
      vertex 27.77975432332819 -24.890576474687265 0
      vertex 27.901664203302126 -22.56439739132008 0
      vertex 27.901664203302126 -24.43560260867992 0
    endloop
  endfacet
  facet normal 0 0 -1
    outer loop
      vertex 27.610954559391704 -25.330314893841102 0
      vertex 27.610954559391704 -21.669685106158898 0
      vertex 27.77975432332819 -22.109423525312735 0
    endloop
  endfacet
  facet normal 0 0 -1
    outer loop
      vertex 27.901664203302126 -24.43560260867992 0
      vertex 27.97534852915723 -23.02962191529556 0
      vertex 27.97534852915723 -23.97037808470444 0
    endloop
  endfacet
  facet normal 0 0 -1
    outer loop
      vertex 27.97534852915723 -23.97037808470444 0
      vertex 27.97534852915723 -23.02962191529556 0
      vertex 28 -23.5 0
    endloop
  endfacet
  facet normal 0 0 -1
    outer loop
      vertex 27.77975432332819 -24.890576474687265 0
      vertex 27.77975432332819 -22.109423525312735 0
      vertex 27.901664203302126 -22.56439739132008 0
    endloop
  endfacet
  facet normal 0 0 -1
    outer loop
      vertex 27.901664203302126 -24.43560260867992 0
      vertex 27.901664203302126 -22.56439739132008 0
      vertex 27.97534852915723 -23.02962191529556 0
    endloop
  endfacet
  facet normal 0 0 -1
    outer loop
      vertex 26.844151714648273 -26.51108772861486 0
      vertex 26.844151714648273 -20.48891227138514 0
      vertex 27.140576474687265 -20.85496636468387 0
    endloop
  endfacet
  facet normal 0 0 -1
    outer loop
      vertex 27.140576474687265 -26.14503363531613 0
      vertex 27.140576474687265 -20.85496636468387 0
      vertex 27.397114317029974 -21.25 0
    endloop
  endfacet
  facet normal 0 0 -1
    outer loop
      vertex 27.397114317029974 -25.75 0
      vertex 27.397114317029974 -21.25 0
      vertex 27.610954559391704 -21.669685106158898 0
    endloop
  endfacet
  facet normal 0 0 -1
    outer loop
      vertex 21.669685106158898 -19.389045440608296 0
      vertex 22.109423525312735 -19.22024567667181 0
      vertex 21.916666666675 -20.757586221363713 0
    endloop
  endfacet
  facet normal 0 0 -1
    outer loop
      vertex 22.109423525312735 -19.22024567667181 0
      vertex 22.56439739132008 -19.098335796697874 0
      vertex 21.916666666675 -20.757586221363713 0
    endloop
  endfacet
  facet normal 0 0 -1
    outer loop
      vertex 22.56439739132008 -19.098335796697874 0
      vertex 23.02962191529556 -19.02465147084277 0
      vertex 21.916666666675 -20.757586221363713 0
    endloop
  endfacet
  facet normal 0 0 -1
    outer loop
      vertex 23.02962191529556 -19.02465147084277 0
      vertex 23.5 -19 0
      vertex 21.916666666675 -20.757586221363713 0
    endloop
  endfacet
  facet normal 0 0 -1
    outer loop
      vertex 23.5 -19 0
      vertex 23.97037808470444 -19.02465147084277 0
      vertex 21.916666666675 -20.757586221363713 0
    endloop
  endfacet
  facet normal 0 0 -1
    outer loop
      vertex 23.97037808470444 -19.02465147084277 0
      vertex 24.43560260867992 -19.098335796697874 0
      vertex 21.916666666675 -20.757586221363713 0
    endloop
  endfacet
  facet normal 0 0 -1
    outer loop
      vertex 24.43560260867992 -19.098335796697874 0
      vertex 24.890576474687265 -19.22024567667181 0
      vertex 21.916666666675 -20.757586221363713 0
    endloop
  endfacet
  facet normal 0 0 -1
    outer loop
      vertex 25.330314893841102 -19.389045440608296 0
      vertex 25.083333333325 -20.757586221363713 0
      vertex 21.916666666675 -20.757586221363713 0
    endloop
  endfacet
  facet normal 0 0 -1
    outer loop
      vertex 24.890576474687265 -19.22024567667181 0
      vertex 25.330314893841102 -19.389045440608296 0
      vertex 21.916666666675 -20.757586221363713 0
    endloop
  endfacet
  facet normal 0 0 -1
    outer loop
      vertex 25.75 -19.602885682970026 0
      vertex 25.083333333325 -20.757586221363713 0
      vertex 25.330314893841102 -19.389045440608296 0
    endloop
  endfacet
  facet normal 0 0 -1
    outer loop
      vertex 26.844151714648273 -20.48891227138514 0
      vertex 25.083333333325 -20.757586221363713 0
      vertex 26.51108772861486 -20.155848285351727 0
    endloop
  endfacet
  facet normal 0 0 -1
    outer loop
      vertex 25.75 -19.602885682970026 0
      vertex 26.14503363531613 -19.859423525312735 0
      vertex 25.083333333325 -20.757586221363713 0
    endloop
  endfacet
  facet normal 0 0 -1
    outer loop
      vertex 26.14503363531613 -19.859423525312735 0
      vertex 26.51108772861486 -20.155848285351727 0
      vertex 25.083333333325 -20.757586221363713 0
    endloop
  endfacet
  facet normal -0.9335804264972015 -0.35836794954530105 0
    outer loop
      vertex 19.389045440608296 -25.330314893841102 5
      vertex 19.22024567667181 -24.890576474687265 20
      vertex 19.22024567667181 -24.890576474687265 5
    endloop
  endfacet
  facet normal -0.7071067811865475 -0.7071067811865475 0
    outer loop
      vertex 20.155848285351727 -26.51108772861486 5
      vertex 20.48891227138514 -26.844151714648273 5
      vertex 20.155848285351727 -26.51108772861486 20
    endloop
  endfacet
  facet normal -0.629320391049841 -0.7771459614569679 0
    outer loop
      vertex 20.48891227138514 -26.844151714648273 5
      vertex 20.85496636468387 -27.140576474687265 5
      vertex 20.48891227138514 -26.844151714648273 20
    endloop
  endfacet
  facet normal -0.5446390350150259 -0.8386705679454249 0
    outer loop
      vertex 20.85496636468387 -27.140576474687265 5
      vertex 21.25 -27.397114317029974 5
      vertex 20.85496636468387 -27.140576474687265 20
    endloop
  endfacet
  facet normal -0.8386705679454249 -0.5446390350150259 0
    outer loop
      vertex 19.859423525312735 -26.14503363531613 5
      vertex 19.602885682970026 -25.75 20
      vertex 19.602885682970026 -25.75 5
    endloop
  endfacet
  facet normal -0.7771459614569679 -0.629320391049841 0
    outer loop
      vertex 20.155848285351727 -26.51108772861486 5
      vertex 19.859423525312735 -26.14503363531613 20
      vertex 19.859423525312735 -26.14503363531613 5
    endloop
  endfacet
  facet normal -0.8910065241883675 -0.4539904997395476 0
    outer loop
      vertex 19.389045440608296 -25.330314893841102 5
      vertex 19.602885682970026 -25.75 5
      vertex 19.389045440608296 -25.330314893841102 20
    endloop
  endfacet
  facet normal -0.9659258262890683 -0.2588190451025205 0
    outer loop
      vertex 19.22024567667181 -24.890576474687265 5
      vertex 19.098335796697874 -24.43560260867992 20
      vertex 19.098335796697874 -24.43560260867992 5
    endloop
  endfacet
  facet normal -0.9876883405951378 -0.1564344650402302 0
    outer loop
      vertex 19.098335796697874 -24.43560260867992 5
      vertex 19.02465147084277 -23.97037808470444 20
      vertex 19.02465147084277 -23.97037808470444 5
    endloop
  endfacet
  facet normal -0.9986295347545739 -0.052335956242943266 0
    outer loop
      vertex 19.02465147084277 -23.97037808470444 5
      vertex 19 -23.5 20
      vertex 19 -23.5 5
    endloop
  endfacet
  facet normal -0.9986295347545739 0.052335956242943266 0
    outer loop
      vertex 19 -23.5 5
      vertex 19.02465147084277 -23.02962191529556 20
      vertex 19.02465147084277 -23.02962191529556 5
    endloop
  endfacet
  facet normal -0.9876883405951378 0.1564344650402302 0
    outer loop
      vertex 19.02465147084277 -23.02962191529556 5
      vertex 19.098335796697874 -22.56439739132008 20
      vertex 19.098335796697874 -22.56439739132008 5
    endloop
  endfacet
  facet normal -0.9659258262890683 0.2588190451025205 0
    outer loop
      vertex 19.098335796697874 -22.56439739132008 5
      vertex 19.22024567667181 -22.109423525312735 20
      vertex 19.22024567667181 -22.109423525312735 5
    endloop
  endfacet
  facet normal -0.9335804264972015 0.35836794954530105 0
    outer loop
      vertex 19.22024567667181 -22.109423525312735 5
      vertex 19.389045440608296 -21.669685106158898 20
      vertex 19.389045440608296 -21.669685106158898 5
    endloop
  endfacet
  facet normal -0.8910065241883675 0.4539904997395476 0
    outer loop
      vertex 19.389045440608296 -21.669685106158898 5
      vertex 19.602885682970026 -21.25 20
      vertex 19.602885682970026 -21.25 5
    endloop
  endfacet
  facet normal -0.8386705679454249 0.5446390350150259 0
    outer loop
      vertex 19.602885682970026 -21.25 5
      vertex 19.859423525312735 -20.85496636468387 20
      vertex 19.859423525312735 -20.85496636468387 5
    endloop
  endfacet
  facet normal -0.7771459614569679 0.629320391049841 0
    outer loop
      vertex 19.859423525312735 -20.85496636468387 5
      vertex 20.155848285351727 -20.48891227138514 20
      vertex 20.155848285351727 -20.48891227138514 5
    endloop
  endfacet
  facet normal -0.7071067811865475 0.7071067811865475 0
    outer loop
      vertex 20.155848285351727 -20.48891227138514 5
      vertex 20.48891227138514 -20.155848285351727 20
      vertex 20.48891227138514 -20.155848285351727 5
    endloop
  endfacet
  facet normal -0.629320391049841 0.7771459614569679 0
    outer loop
      vertex 20.48891227138514 -20.155848285351727 5
      vertex 20.85496636468387 -19.859423525312735 20
      vertex 20.85496636468387 -19.859423525312735 5
    endloop
  endfacet
  facet normal -0.5446390350150259 0.8386705679454249 0
    outer loop
      vertex 20.85496636468387 -19.859423525312735 5
      vertex 21.25 -19.602885682970026 20
      vertex 21.25 -19.602885682970026 5
    endloop
  endfacet
  facet normal -0.4539904997395476 -0.8910065241883675 0
    outer loop
      vertex 21.25 -27.397114317029974 5
      vertex 21.669685106158898 -27.610954559391704 5
      vertex 21.25 -27.397114317029974 20
    endloop
  endfacet
  facet normal -0.35836794954530105 -0.9335804264972015 0
    outer loop
      vertex 21.669685106158898 -27.610954559391704 5
      vertex 22.109423525312735 -27.77975432332819 5
      vertex 21.669685106158898 -27.610954559391704 20
    endloop
  endfacet
  facet normal -0.2588190451025205 -0.9659258262890683 0
    outer loop
      vertex 22.109423525312735 -27.77975432332819 5
      vertex 22.56439739132008 -27.901664203302126 5
      vertex 22.109423525312735 -27.77975432332819 20
    endloop
  endfacet
  facet normal -0.1564344650402302 -0.9876883405951378 0
    outer loop
      vertex 22.56439739132008 -27.901664203302126 5
      vertex 23.02962191529556 -27.97534852915723 5
      vertex 22.56439739132008 -27.901664203302126 20
    endloop
  endfacet
  facet normal -0.052335956242943266 -0.9986295347545739 0
    outer loop
      vertex 23.02962191529556 -27.97534852915723 5
      vertex 23.5 -28 5
      vertex 23.02962191529556 -27.97534852915723 20
    endloop
  endfacet
  facet normal 0.052335956242943266 -0.9986295347545739 0
    outer loop
      vertex 23.5 -28 5
      vertex 23.97037808470444 -27.97534852915723 5
      vertex 23.5 -28 20
    endloop
  endfacet
  facet normal 0.1564344650402302 -0.9876883405951378 0
    outer loop
      vertex 23.97037808470444 -27.97534852915723 5
      vertex 24.43560260867992 -27.901664203302126 5
      vertex 23.97037808470444 -27.97534852915723 20
    endloop
  endfacet
  facet normal 0.2588190451025205 -0.9659258262890683 0
    outer loop
      vertex 24.43560260867992 -27.901664203302126 5
      vertex 24.890576474687265 -27.77975432332819 5
      vertex 24.43560260867992 -27.901664203302126 20
    endloop
  endfacet
  facet normal 0.35836794954530105 -0.9335804264972015 0
    outer loop
      vertex 24.890576474687265 -27.77975432332819 5
      vertex 25.330314893841102 -27.610954559391704 5
      vertex 24.890576474687265 -27.77975432332819 20
    endloop
  endfacet
  facet normal 0.4539904997395476 -0.8910065241883675 0
    outer loop
      vertex 25.330314893841102 -27.610954559391704 5
      vertex 25.75 -27.397114317029974 5
      vertex 25.330314893841102 -27.610954559391704 20
    endloop
  endfacet
  facet normal 0.5446390350150259 -0.8386705679454249 0
    outer loop
      vertex 25.75 -27.397114317029974 5
      vertex 26.14503363531613 -27.140576474687265 5
      vertex 25.75 -27.397114317029974 20
    endloop
  endfacet
  facet normal 0.629320391049841 -0.7771459614569679 0
    outer loop
      vertex 26.14503363531613 -27.140576474687265 5
      vertex 26.51108772861486 -26.844151714648273 5
      vertex 26.14503363531613 -27.140576474687265 20
    endloop
  endfacet
  facet normal 0.7071067811865475 -0.7071067811865475 0
    outer loop
      vertex 26.51108772861486 -26.844151714648273 5
      vertex 26.844151714648273 -26.51108772861486 5
      vertex 26.51108772861486 -26.844151714648273 20
    endloop
  endfacet
  facet normal 0.7771459614569679 -0.629320391049841 0
    outer loop
      vertex 26.844151714648273 -26.51108772861486 5
      vertex 27.140576474687265 -26.14503363531613 5
      vertex 26.844151714648273 -26.51108772861486 20
    endloop
  endfacet
  facet normal 0.8386705679454249 -0.5446390350150259 0
    outer loop
      vertex 27.140576474687265 -26.14503363531613 5
      vertex 27.397114317029974 -25.75 5
      vertex 27.140576474687265 -26.14503363531613 20
    endloop
  endfacet
  facet normal 0.8910065241883675 -0.4539904997395476 0
    outer loop
      vertex 27.397114317029974 -25.75 5
      vertex 27.610954559391704 -25.330314893841102 5
      vertex 27.397114317029974 -25.75 20
    endloop
  endfacet
  facet normal 0.9335804264972015 -0.35836794954530105 0
    outer loop
      vertex 27.610954559391704 -25.330314893841102 5
      vertex 27.77975432332819 -24.890576474687265 5
      vertex 27.610954559391704 -25.330314893841102 20
    endloop
  endfacet
  facet normal 0.9659258262890683 -0.2588190451025205 0
    outer loop
      vertex 27.77975432332819 -24.890576474687265 5
      vertex 27.901664203302126 -24.43560260867992 5
      vertex 27.77975432332819 -24.890576474687265 20
    endloop
  endfacet
  facet normal 0.9876883405951378 -0.1564344650402302 0
    outer loop
      vertex 27.901664203302126 -24.43560260867992 5
      vertex 27.97534852915723 -23.97037808470444 5
      vertex 27.901664203302126 -24.43560260867992 20
    endloop
  endfacet
  facet normal 0.9986295347545739 -0.052335956242943266 0
    outer loop
      vertex 27.97534852915723 -23.97037808470444 5
      vertex 28 -23.5 5
      vertex 27.97534852915723 -23.97037808470444 20
    endloop
  endfacet
  facet normal 0.9986295347545739 0.052335956242943266 0
    outer loop
      vertex 28 -23.5 5
      vertex 27.97534852915723 -23.02962191529556 5
      vertex 28 -23.5 20
    endloop
  endfacet
  facet normal 0.9876883405951378 0.1564344650402302 0
    outer loop
      vertex 27.97534852915723 -23.02962191529556 5
      vertex 27.901664203302126 -22.56439739132008 5
      vertex 27.97534852915723 -23.02962191529556 20
    endloop
  endfacet
  facet normal 0.9659258262890683 0.2588190451025205 0
    outer loop
      vertex 27.77975432332819 -22.109423525312735 5
      vertex 27.901664203302126 -22.56439739132008 20
      vertex 27.901664203302126 -22.56439739132008 5
    endloop
  endfacet
  facet normal 0.9335804264972015 0.35836794954530105 0
    outer loop
      vertex 27.77975432332819 -22.109423525312735 5
      vertex 27.610954559391704 -21.669685106158898 5
      vertex 27.77975432332819 -22.109423525312735 20
    endloop
  endfacet
  facet normal 0.8910065241883675 0.4539904997395476 0
    outer loop
      vertex 27.610954559391704 -21.669685106158898 5
      vertex 27.397114317029974 -21.25 5
      vertex 27.610954559391704 -21.669685106158898 20
    endloop
  endfacet
  facet normal -0.4539904997395476 0.8910065241883675 0
    outer loop
      vertex 21.25 -19.602885682970026 5
      vertex 21.669685106158898 -19.389045440608296 20
      vertex 21.669685106158898 -19.389045440608296 5
    endloop
  endfacet
  facet normal -0.35836794954530105 0.9335804264972015 0
    outer loop
      vertex 21.669685106158898 -19.389045440608296 5
      vertex 22.109423525312735 -19.22024567667181 20
      vertex 22.109423525312735 -19.22024567667181 5
    endloop
  endfacet
  facet normal -0.2588190451025205 0.9659258262890683 0
    outer loop
      vertex 22.109423525312735 -19.22024567667181 5
      vertex 22.56439739132008 -19.098335796697874 20
      vertex 22.56439739132008 -19.098335796697874 5
    endloop
  endfacet
  facet normal -0.1564344650402302 0.9876883405951378 0
    outer loop
      vertex 22.56439739132008 -19.098335796697874 5
      vertex 23.02962191529556 -19.02465147084277 20
      vertex 23.02962191529556 -19.02465147084277 5
    endloop
  endfacet
  facet normal -0.052335956242943266 0.9986295347545739 0
    outer loop
      vertex 23.02962191529556 -19.02465147084277 5
      vertex 23.5 -19 20
      vertex 23.5 -19 5
    endloop
  endfacet
  facet normal 0.052335956242943266 0.9986295347545739 0
    outer loop
      vertex 23.5 -19 5
      vertex 23.97037808470444 -19.02465147084277 20
      vertex 23.97037808470444 -19.02465147084277 5
    endloop
  endfacet
  facet normal 0.1564344650402302 0.9876883405951378 0
    outer loop
      vertex 23.97037808470444 -19.02465147084277 5
      vertex 24.43560260867992 -19.098335796697874 20
      vertex 24.43560260867992 -19.098335796697874 5
    endloop
  endfacet
  facet normal 0.4539904997395476 0.8910065241883675 0
    outer loop
      vertex 25.75 -19.602885682970026 5
      vertex 25.330314893841102 -19.389045440608296 5
      vertex 25.75 -19.602885682970026 20
    endloop
  endfacet
  facet normal 0.5446390350150259 0.8386705679454249 0
    outer loop
      vertex 25.75 -19.602885682970026 5
      vertex 26.14503363531613 -19.859423525312735 20
      vertex 26.14503363531613 -19.859423525312735 5
    endloop
  endfacet
  facet normal 0.629320391049841 0.7771459614569679 0
    outer loop
      vertex 26.14503363531613 -19.859423525312735 5
      vertex 26.51108772861486 -20.155848285351727 20
      vertex 26.51108772861486 -20.155848285351727 5
    endloop
  endfacet
  facet normal 0.2588190451025205 0.9659258262890683 0
    outer loop
      vertex 24.43560260867992 -19.098335796697874 5
      vertex 24.890576474687265 -19.22024567667181 20
      vertex 24.890576474687265 -19.22024567667181 5
    endloop
  endfacet
  facet normal 0.35836794954530105 0.9335804264972015 0
    outer loop
      vertex 24.890576474687265 -19.22024567667181 5
      vertex 25.330314893841102 -19.389045440608296 20
      vertex 25.330314893841102 -19.389045440608296 5
    endloop
  endfacet
  facet normal 0.7071067811865475 0.7071067811865475 0
    outer loop
      vertex 26.844151714648273 -20.48891227138514 5
      vertex 26.51108772861486 -20.155848285351727 5
      vertex 26.844151714648273 -20.48891227138514 20
    endloop
  endfacet
  facet normal 0.8386705679454249 0.5446390350150259 0
    outer loop
      vertex 27.397114317029974 -21.25 5
      vertex 27.140576474687265 -20.85496636468387 5
      vertex 27.397114317029974 -21.25 20
    endloop
  endfacet
  facet normal 0.7771459614569679 0.629320391049841 0
    outer loop
      vertex 26.844151714648273 -20.48891227138514 5
      vertex 27.140576474687265 -20.85496636468387 20
      vertex 27.140576474687265 -20.85496636468387 5
    endloop
  endfacet
  facet normal -0.9335804264972015 -0.35836794954530105 0
    outer loop
      vertex 19.389045440608296 -25.330314893841102 5
      vertex 19.389045440608296 -25.330314893841102 20
      vertex 19.22024567667181 -24.890576474687265 20
    endloop
  endfacet
  facet normal -0.9659258262890683 -0.2588190451025205 0
    outer loop
      vertex 19.22024567667181 -24.890576474687265 5
      vertex 19.22024567667181 -24.890576474687265 20
      vertex 19.098335796697874 -24.43560260867992 20
    endloop
  endfacet
  facet normal -0.629320391049841 -0.7771459614569679 0
    outer loop
      vertex 20.85496636468387 -27.140576474687265 5
      vertex 20.85496636468387 -27.140576474687265 20
      vertex 20.48891227138514 -26.844151714648273 20
    endloop
  endfacet
  facet normal -0.7071067811865475 -0.7071067811865475 0
    outer loop
      vertex 20.48891227138514 -26.844151714648273 5
      vertex 20.48891227138514 -26.844151714648273 20
      vertex 20.155848285351727 -26.51108772861486 20
    endloop
  endfacet
  facet normal -0.5446390350150259 -0.8386705679454249 0
    outer loop
      vertex 21.25 -27.397114317029974 5
      vertex 21.25 -27.397114317029974 20
      vertex 20.85496636468387 -27.140576474687265 20
    endloop
  endfacet
  facet normal -0.8910065241883675 -0.4539904997395476 0
    outer loop
      vertex 19.602885682970026 -25.75 5
      vertex 19.602885682970026 -25.75 20
      vertex 19.389045440608296 -25.330314893841102 20
    endloop
  endfacet
  facet normal -0.8386705679454249 -0.5446390350150259 0
    outer loop
      vertex 19.859423525312735 -26.14503363531613 5
      vertex 19.859423525312735 -26.14503363531613 20
      vertex 19.602885682970026 -25.75 20
    endloop
  endfacet
  facet normal -0.7771459614569679 -0.629320391049841 0
    outer loop
      vertex 20.155848285351727 -26.51108772861486 5
      vertex 20.155848285351727 -26.51108772861486 20
      vertex 19.859423525312735 -26.14503363531613 20
    endloop
  endfacet
  facet normal -0.9876883405951378 -0.1564344650402302 0
    outer loop
      vertex 19.098335796697874 -24.43560260867992 5
      vertex 19.098335796697874 -24.43560260867992 20
      vertex 19.02465147084277 -23.97037808470444 20
    endloop
  endfacet
  facet normal -0.9986295347545739 -0.052335956242943266 0
    outer loop
      vertex 19.02465147084277 -23.97037808470444 5
      vertex 19.02465147084277 -23.97037808470444 20
      vertex 19 -23.5 20
    endloop
  endfacet
  facet normal -0.9986295347545739 0.052335956242943266 0
    outer loop
      vertex 19 -23.5 5
      vertex 19 -23.5 20
      vertex 19.02465147084277 -23.02962191529556 20
    endloop
  endfacet
  facet normal -0.9876883405951378 0.1564344650402302 0
    outer loop
      vertex 19.02465147084277 -23.02962191529556 5
      vertex 19.02465147084277 -23.02962191529556 20
      vertex 19.098335796697874 -22.56439739132008 20
    endloop
  endfacet
  facet normal -0.9659258262890683 0.2588190451025205 0
    outer loop
      vertex 19.098335796697874 -22.56439739132008 5
      vertex 19.098335796697874 -22.56439739132008 20
      vertex 19.22024567667181 -22.109423525312735 20
    endloop
  endfacet
  facet normal -0.9335804264972015 0.35836794954530105 0
    outer loop
      vertex 19.22024567667181 -22.109423525312735 5
      vertex 19.22024567667181 -22.109423525312735 20
      vertex 19.389045440608296 -21.669685106158898 20
    endloop
  endfacet
  facet normal -0.8910065241883675 0.4539904997395476 0
    outer loop
      vertex 19.389045440608296 -21.669685106158898 5
      vertex 19.389045440608296 -21.669685106158898 20
      vertex 19.602885682970026 -21.25 20
    endloop
  endfacet
  facet normal 0 0 1
    outer loop
      vertex 20.85496636468387 -27.140576474687265 20
      vertex 21.25 -27.397114317029974 20
      vertex 20.85496636468387 -19.859423525312735 20
    endloop
  endfacet
  facet normal 0 0 1
    outer loop
      vertex 19.22024567667181 -24.890576474687265 20
      vertex 19.098335796697874 -22.56439739132008 20
      vertex 19.098335796697874 -24.43560260867992 20
    endloop
  endfacet
  facet normal 0 0 1
    outer loop
      vertex 19.389045440608296 -25.330314893841102 20
      vertex 19.22024567667181 -22.109423525312735 20
      vertex 19.22024567667181 -24.890576474687265 20
    endloop
  endfacet
  facet normal 0 0 1
    outer loop
      vertex 19.098335796697874 -24.43560260867992 20
      vertex 19.02465147084277 -23.02962191529556 20
      vertex 19.02465147084277 -23.97037808470444 20
    endloop
  endfacet
  facet normal 0 0 1
    outer loop
      vertex 19.02465147084277 -23.97037808470444 20
      vertex 19.02465147084277 -23.02962191529556 20
      vertex 19 -23.5 20
    endloop
  endfacet
  facet normal 0 0 1
    outer loop
      vertex 19.098335796697874 -24.43560260867992 20
      vertex 19.098335796697874 -22.56439739132008 20
      vertex 19.02465147084277 -23.02962191529556 20
    endloop
  endfacet
  facet normal 0 0 1
    outer loop
      vertex 19.22024567667181 -24.890576474687265 20
      vertex 19.22024567667181 -22.109423525312735 20
      vertex 19.098335796697874 -22.56439739132008 20
    endloop
  endfacet
  facet normal 0 0 1
    outer loop
      vertex 19.389045440608296 -25.330314893841102 20
      vertex 19.389045440608296 -21.669685106158898 20
      vertex 19.22024567667181 -22.109423525312735 20
    endloop
  endfacet
  facet normal 0 0 1
    outer loop
      vertex 19.859423525312735 -26.14503363531613 20
      vertex 19.602885682970026 -21.25 20
      vertex 19.602885682970026 -25.75 20
    endloop
  endfacet
  facet normal 0 0 1
    outer loop
      vertex 19.389045440608296 -25.330314893841102 20
      vertex 19.602885682970026 -25.75 20
      vertex 19.389045440608296 -21.669685106158898 20
    endloop
  endfacet
  facet normal 0 0 1
    outer loop
      vertex 20.155848285351727 -26.51108772861486 20
      vertex 19.859423525312735 -20.85496636468387 20
      vertex 19.859423525312735 -26.14503363531613 20
    endloop
  endfacet
  facet normal 0 0 1
    outer loop
      vertex 20.155848285351727 -26.51108772861486 20
      vertex 20.48891227138514 -26.844151714648273 20
      vertex 20.155848285351727 -20.48891227138514 20
    endloop
  endfacet
  facet normal 0 0 1
    outer loop
      vertex 20.48891227138514 -26.844151714648273 20
      vertex 20.85496636468387 -27.140576474687265 20
      vertex 20.48891227138514 -20.155848285351727 20
    endloop
  endfacet
  facet normal 0 0 1
    outer loop
      vertex 19.602885682970026 -25.75 20
      vertex 19.602885682970026 -21.25 20
      vertex 19.389045440608296 -21.669685106158898 20
    endloop
  endfacet
  facet normal 0 0 1
    outer loop
      vertex 19.859423525312735 -26.14503363531613 20
      vertex 19.859423525312735 -20.85496636468387 20
      vertex 19.602885682970026 -21.25 20
    endloop
  endfacet
  facet normal 0 0 1
    outer loop
      vertex 20.155848285351727 -26.51108772861486 20
      vertex 20.155848285351727 -20.48891227138514 20
      vertex 19.859423525312735 -20.85496636468387 20
    endloop
  endfacet
  facet normal 0 0 1
    outer loop
      vertex 20.48891227138514 -26.844151714648273 20
      vertex 20.48891227138514 -20.155848285351727 20
      vertex 20.155848285351727 -20.48891227138514 20
    endloop
  endfacet
  facet normal 0 0 1
    outer loop
      vertex 20.85496636468387 -27.140576474687265 20
      vertex 20.85496636468387 -19.859423525312735 20
      vertex 20.48891227138514 -20.155848285351727 20
    endloop
  endfacet
  facet normal 0 0 1
    outer loop
      vertex 20.85496636468387 -19.859423525312735 20
      vertex 21.25 -27.397114317029974 20
      vertex 21.25 -19.602885682970026 20
    endloop
  endfacet
  facet normal -0.8386705679454249 0.5446390350150259 0
    outer loop
      vertex 19.602885682970026 -21.25 5
      vertex 19.602885682970026 -21.25 20
      vertex 19.859423525312735 -20.85496636468387 20
    endloop
  endfacet
  facet normal -0.7771459614569679 0.629320391049841 0
    outer loop
      vertex 19.859423525312735 -20.85496636468387 5
      vertex 19.859423525312735 -20.85496636468387 20
      vertex 20.155848285351727 -20.48891227138514 20
    endloop
  endfacet
  facet normal -0.7071067811865475 0.7071067811865475 0
    outer loop
      vertex 20.155848285351727 -20.48891227138514 5
      vertex 20.155848285351727 -20.48891227138514 20
      vertex 20.48891227138514 -20.155848285351727 20
    endloop
  endfacet
  facet normal -0.629320391049841 0.7771459614569679 0
    outer loop
      vertex 20.48891227138514 -20.155848285351727 5
      vertex 20.48891227138514 -20.155848285351727 20
      vertex 20.85496636468387 -19.859423525312735 20
    endloop
  endfacet
  facet normal -0.5446390350150259 0.8386705679454249 0
    outer loop
      vertex 20.85496636468387 -19.859423525312735 5
      vertex 20.85496636468387 -19.859423525312735 20
      vertex 21.25 -19.602885682970026 20
    endloop
  endfacet
  facet normal -0.4539904997395476 -0.8910065241883675 0
    outer loop
      vertex 21.669685106158898 -27.610954559391704 5
      vertex 21.669685106158898 -27.610954559391704 20
      vertex 21.25 -27.397114317029974 20
    endloop
  endfacet
  facet normal -0.35836794954530105 -0.9335804264972015 0
    outer loop
      vertex 22.109423525312735 -27.77975432332819 5
      vertex 22.109423525312735 -27.77975432332819 20
      vertex 21.669685106158898 -27.610954559391704 20
    endloop
  endfacet
  facet normal -0.2588190451025205 -0.9659258262890683 0
    outer loop
      vertex 22.56439739132008 -27.901664203302126 5
      vertex 22.56439739132008 -27.901664203302126 20
      vertex 22.109423525312735 -27.77975432332819 20
    endloop
  endfacet
  facet normal -0.1564344650402302 -0.9876883405951378 0
    outer loop
      vertex 23.02962191529556 -27.97534852915723 5
      vertex 23.02962191529556 -27.97534852915723 20
      vertex 22.56439739132008 -27.901664203302126 20
    endloop
  endfacet
  facet normal -0.052335956242943266 -0.9986295347545739 0
    outer loop
      vertex 23.5 -28 5
      vertex 23.5 -28 20
      vertex 23.02962191529556 -27.97534852915723 20
    endloop
  endfacet
  facet normal 0.052335956242943266 -0.9986295347545739 0
    outer loop
      vertex 23.97037808470444 -27.97534852915723 5
      vertex 23.97037808470444 -27.97534852915723 20
      vertex 23.5 -28 20
    endloop
  endfacet
  facet normal 0.1564344650402302 -0.9876883405951378 0
    outer loop
      vertex 24.43560260867992 -27.901664203302126 5
      vertex 24.43560260867992 -27.901664203302126 20
      vertex 23.97037808470444 -27.97534852915723 20
    endloop
  endfacet
  facet normal 0.2588190451025205 -0.9659258262890683 0
    outer loop
      vertex 24.890576474687265 -27.77975432332819 5
      vertex 24.890576474687265 -27.77975432332819 20
      vertex 24.43560260867992 -27.901664203302126 20
    endloop
  endfacet
  facet normal 0.35836794954530105 -0.9335804264972015 0
    outer loop
      vertex 25.330314893841102 -27.610954559391704 5
      vertex 25.330314893841102 -27.610954559391704 20
      vertex 24.890576474687265 -27.77975432332819 20
    endloop
  endfacet
  facet normal 0.4539904997395476 -0.8910065241883675 0
    outer loop
      vertex 25.75 -27.397114317029974 5
      vertex 25.75 -27.397114317029974 20
      vertex 25.330314893841102 -27.610954559391704 20
    endloop
  endfacet
  facet normal 0.5446390350150259 -0.8386705679454249 0
    outer loop
      vertex 26.14503363531613 -27.140576474687265 5
      vertex 26.14503363531613 -27.140576474687265 20
      vertex 25.75 -27.397114317029974 20
    endloop
  endfacet
  facet normal 0.629320391049841 -0.7771459614569679 0
    outer loop
      vertex 26.51108772861486 -26.844151714648273 5
      vertex 26.51108772861486 -26.844151714648273 20
      vertex 26.14503363531613 -27.140576474687265 20
    endloop
  endfacet
  facet normal 0.7071067811865475 -0.7071067811865475 0
    outer loop
      vertex 26.844151714648273 -26.51108772861486 5
      vertex 26.844151714648273 -26.51108772861486 20
      vertex 26.51108772861486 -26.844151714648273 20
    endloop
  endfacet
  facet normal 0.7771459614569679 -0.629320391049841 0
    outer loop
      vertex 27.140576474687265 -26.14503363531613 5
      vertex 27.140576474687265 -26.14503363531613 20
      vertex 26.844151714648273 -26.51108772861486 20
    endloop
  endfacet
  facet normal 0.8386705679454249 -0.5446390350150259 0
    outer loop
      vertex 27.397114317029974 -25.75 5
      vertex 27.397114317029974 -25.75 20
      vertex 27.140576474687265 -26.14503363531613 20
    endloop
  endfacet
  facet normal 0.8910065241883675 -0.4539904997395476 0
    outer loop
      vertex 27.610954559391704 -25.330314893841102 5
      vertex 27.610954559391704 -25.330314893841102 20
      vertex 27.397114317029974 -25.75 20
    endloop
  endfacet
  facet normal 0.9335804264972015 -0.35836794954530105 0
    outer loop
      vertex 27.77975432332819 -24.890576474687265 5
      vertex 27.77975432332819 -24.890576474687265 20
      vertex 27.610954559391704 -25.330314893841102 20
    endloop
  endfacet
  facet normal 0.9659258262890683 -0.2588190451025205 0
    outer loop
      vertex 27.901664203302126 -24.43560260867992 5
      vertex 27.901664203302126 -24.43560260867992 20
      vertex 27.77975432332819 -24.890576474687265 20
    endloop
  endfacet
  facet normal 0.9876883405951378 -0.1564344650402302 0
    outer loop
      vertex 27.97534852915723 -23.97037808470444 5
      vertex 27.97534852915723 -23.97037808470444 20
      vertex 27.901664203302126 -24.43560260867992 20
    endloop
  endfacet
  facet normal 0.9986295347545739 -0.052335956242943266 0
    outer loop
      vertex 28 -23.5 5
      vertex 28 -23.5 20
      vertex 27.97534852915723 -23.97037808470444 20
    endloop
  endfacet
  facet normal 0.9986295347545739 0.052335956242943266 0
    outer loop
      vertex 27.97534852915723 -23.02962191529556 5
      vertex 27.97534852915723 -23.02962191529556 20
      vertex 28 -23.5 20
    endloop
  endfacet
  facet normal 0.9876883405951378 0.1564344650402302 0
    outer loop
      vertex 27.901664203302126 -22.56439739132008 5
      vertex 27.901664203302126 -22.56439739132008 20
      vertex 27.97534852915723 -23.02962191529556 20
    endloop
  endfacet
  facet normal 0.9659258262890683 0.2588190451025205 0
    outer loop
      vertex 27.77975432332819 -22.109423525312735 5
      vertex 27.77975432332819 -22.109423525312735 20
      vertex 27.901664203302126 -22.56439739132008 20
    endloop
  endfacet
  facet normal 0.9335804264972015 0.35836794954530105 0
    outer loop
      vertex 27.610954559391704 -21.669685106158898 5
      vertex 27.610954559391704 -21.669685106158898 20
      vertex 27.77975432332819 -22.109423525312735 20
    endloop
  endfacet
  facet normal 0.8910065241883675 0.4539904997395476 0
    outer loop
      vertex 27.397114317029974 -21.25 5
      vertex 27.397114317029974 -21.25 20
      vertex 27.610954559391704 -21.669685106158898 20
    endloop
  endfacet
  facet normal 0 0 1
    outer loop
      vertex 21.25 -27.397114317029974 20
      vertex 21.669685106158898 -27.610954559391704 20
      vertex 21.25 -19.602885682970026 20
    endloop
  endfacet
  facet normal 0 0 1
    outer loop
      vertex 21.669685106158898 -27.610954559391704 20
      vertex 22.109423525312735 -27.77975432332819 20
      vertex 21.669685106158898 -19.389045440608296 20
    endloop
  endfacet
  facet normal 0 0 1
    outer loop
      vertex 22.109423525312735 -27.77975432332819 20
      vertex 22.56439739132008 -27.901664203302126 20
      vertex 22.109423525312735 -19.22024567667181 20
    endloop
  endfacet
  facet normal 0 0 1
    outer loop
      vertex 22.56439739132008 -27.901664203302126 20
      vertex 23.02962191529556 -27.97534852915723 20
      vertex 22.56439739132008 -19.098335796697874 20
    endloop
  endfacet
  facet normal 0 0 1
    outer loop
      vertex 23.02962191529556 -27.97534852915723 20
      vertex 23.5 -28 20
      vertex 23.02962191529556 -19.02465147084277 20
    endloop
  endfacet
  facet normal 0 0 1
    outer loop
      vertex 23.5 -28 20
      vertex 23.97037808470444 -27.97534852915723 20
      vertex 23.5 -19 20
    endloop
  endfacet
  facet normal 0 0 1
    outer loop
      vertex 23.97037808470444 -27.97534852915723 20
      vertex 24.43560260867992 -27.901664203302126 20
      vertex 23.97037808470444 -19.02465147084277 20
    endloop
  endfacet
  facet normal 0 0 1
    outer loop
      vertex 24.43560260867992 -27.901664203302126 20
      vertex 24.890576474687265 -27.77975432332819 20
      vertex 24.43560260867992 -19.098335796697874 20
    endloop
  endfacet
  facet normal 0 0 1
    outer loop
      vertex 21.669685106158898 -27.610954559391704 20
      vertex 21.669685106158898 -19.389045440608296 20
      vertex 21.25 -19.602885682970026 20
    endloop
  endfacet
  facet normal 0 0 1
    outer loop
      vertex 22.109423525312735 -27.77975432332819 20
      vertex 22.109423525312735 -19.22024567667181 20
      vertex 21.669685106158898 -19.389045440608296 20
    endloop
  endfacet
  facet normal 0 0 1
    outer loop
      vertex 22.56439739132008 -27.901664203302126 20
      vertex 22.56439739132008 -19.098335796697874 20
      vertex 22.109423525312735 -19.22024567667181 20
    endloop
  endfacet
  facet normal 0 0 1
    outer loop
      vertex 23.02962191529556 -27.97534852915723 20
      vertex 23.02962191529556 -19.02465147084277 20
      vertex 22.56439739132008 -19.098335796697874 20
    endloop
  endfacet
  facet normal 0 0 1
    outer loop
      vertex 23.5 -28 20
      vertex 23.5 -19 20
      vertex 23.02962191529556 -19.02465147084277 20
    endloop
  endfacet
  facet normal 0 0 1
    outer loop
      vertex 23.97037808470444 -27.97534852915723 20
      vertex 23.97037808470444 -19.02465147084277 20
      vertex 23.5 -19 20
    endloop
  endfacet
  facet normal 0 0 1
    outer loop
      vertex 24.43560260867992 -27.901664203302126 20
      vertex 24.43560260867992 -19.098335796697874 20
      vertex 23.97037808470444 -19.02465147084277 20
    endloop
  endfacet
  facet normal 0 0 1
    outer loop
      vertex 24.890576474687265 -27.77975432332819 20
      vertex 25.330314893841102 -27.610954559391704 20
      vertex 24.890576474687265 -19.22024567667181 20
    endloop
  endfacet
  facet normal 0 0 1
    outer loop
      vertex 25.330314893841102 -27.610954559391704 20
      vertex 25.75 -27.397114317029974 20
      vertex 25.330314893841102 -19.389045440608296 20
    endloop
  endfacet
  facet normal 0 0 1
    outer loop
      vertex 25.75 -27.397114317029974 20
      vertex 26.14503363531613 -27.140576474687265 20
      vertex 25.75 -19.602885682970026 20
    endloop
  endfacet
  facet normal 0 0 1
    outer loop
      vertex 26.14503363531613 -27.140576474687265 20
      vertex 26.51108772861486 -26.844151714648273 20
      vertex 26.14503363531613 -19.859423525312735 20
    endloop
  endfacet
  facet normal 0 0 1
    outer loop
      vertex 25.330314893841102 -27.610954559391704 20
      vertex 25.330314893841102 -19.389045440608296 20
      vertex 24.890576474687265 -19.22024567667181 20
    endloop
  endfacet
  facet normal 0 0 1
    outer loop
      vertex 24.890576474687265 -27.77975432332819 20
      vertex 24.890576474687265 -19.22024567667181 20
      vertex 24.43560260867992 -19.098335796697874 20
    endloop
  endfacet
  facet normal 0 0 1
    outer loop
      vertex 25.75 -27.397114317029974 20
      vertex 25.75 -19.602885682970026 20
      vertex 25.330314893841102 -19.389045440608296 20
    endloop
  endfacet
  facet normal 0 0 1
    outer loop
      vertex 26.14503363531613 -27.140576474687265 20
      vertex 26.14503363531613 -19.859423525312735 20
      vertex 25.75 -19.602885682970026 20
    endloop
  endfacet
  facet normal 0 0 1
    outer loop
      vertex 26.51108772861486 -26.844151714648273 20
      vertex 26.51108772861486 -20.155848285351727 20
      vertex 26.14503363531613 -19.859423525312735 20
    endloop
  endfacet
  facet normal 0 0 1
    outer loop
      vertex 26.51108772861486 -26.844151714648273 20
      vertex 26.844151714648273 -26.51108772861486 20
      vertex 26.51108772861486 -20.155848285351727 20
    endloop
  endfacet
  facet normal 0 0 1
    outer loop
      vertex 26.844151714648273 -26.51108772861486 20
      vertex 27.140576474687265 -26.14503363531613 20
      vertex 26.844151714648273 -20.48891227138514 20
    endloop
  endfacet
  facet normal 0 0 1
    outer loop
      vertex 27.140576474687265 -26.14503363531613 20
      vertex 27.397114317029974 -25.75 20
      vertex 27.140576474687265 -20.85496636468387 20
    endloop
  endfacet
  facet normal 0 0 1
    outer loop
      vertex 27.397114317029974 -25.75 20
      vertex 27.610954559391704 -25.330314893841102 20
      vertex 27.397114317029974 -21.25 20
    endloop
  endfacet
  facet normal 0 0 1
    outer loop
      vertex 27.610954559391704 -25.330314893841102 20
      vertex 27.77975432332819 -24.890576474687265 20
      vertex 27.610954559391704 -21.669685106158898 20
    endloop
  endfacet
  facet normal 0 0 1
    outer loop
      vertex 27.77975432332819 -24.890576474687265 20
      vertex 27.901664203302126 -24.43560260867992 20
      vertex 27.77975432332819 -22.109423525312735 20
    endloop
  endfacet
  facet normal 0 0 1
    outer loop
      vertex 27.901664203302126 -24.43560260867992 20
      vertex 27.97534852915723 -23.97037808470444 20
      vertex 27.901664203302126 -22.56439739132008 20
    endloop
  endfacet
  facet normal 0 0 1
    outer loop
      vertex 27.97534852915723 -23.97037808470444 20
      vertex 28 -23.5 20
      vertex 27.97534852915723 -23.02962191529556 20
    endloop
  endfacet
  facet normal 0 0 1
    outer loop
      vertex 27.97534852915723 -23.97037808470444 20
      vertex 27.97534852915723 -23.02962191529556 20
      vertex 27.901664203302126 -22.56439739132008 20
    endloop
  endfacet
  facet normal 0 0 1
    outer loop
      vertex 27.901664203302126 -24.43560260867992 20
      vertex 27.901664203302126 -22.56439739132008 20
      vertex 27.77975432332819 -22.109423525312735 20
    endloop
  endfacet
  facet normal 0 0 1
    outer loop
      vertex 26.844151714648273 -26.51108772861486 20
      vertex 26.844151714648273 -20.48891227138514 20
      vertex 26.51108772861486 -20.155848285351727 20
    endloop
  endfacet
  facet normal 0 0 1
    outer loop
      vertex 27.397114317029974 -25.75 20
      vertex 27.397114317029974 -21.25 20
      vertex 27.140576474687265 -20.85496636468387 20
    endloop
  endfacet
  facet normal 0 0 1
    outer loop
      vertex 27.140576474687265 -26.14503363531613 20
      vertex 27.140576474687265 -20.85496636468387 20
      vertex 26.844151714648273 -20.48891227138514 20
    endloop
  endfacet
  facet normal 0 0 1
    outer loop
      vertex 27.610954559391704 -25.330314893841102 20
      vertex 27.610954559391704 -21.669685106158898 20
      vertex 27.397114317029974 -21.25 20
    endloop
  endfacet
  facet normal 0 0 1
    outer loop
      vertex 27.77975432332819 -24.890576474687265 20
      vertex 27.77975432332819 -22.109423525312735 20
      vertex 27.610954559391704 -21.669685106158898 20
    endloop
  endfacet
  facet normal -0.4539904997395476 0.8910065241883675 0
    outer loop
      vertex 21.25 -19.602885682970026 5
      vertex 21.25 -19.602885682970026 20
      vertex 21.669685106158898 -19.389045440608296 20
    endloop
  endfacet
  facet normal -0.35836794954530105 0.9335804264972015 0
    outer loop
      vertex 21.669685106158898 -19.389045440608296 5
      vertex 21.669685106158898 -19.389045440608296 20
      vertex 22.109423525312735 -19.22024567667181 20
    endloop
  endfacet
  facet normal -0.2588190451025205 0.9659258262890683 0
    outer loop
      vertex 22.109423525312735 -19.22024567667181 5
      vertex 22.109423525312735 -19.22024567667181 20
      vertex 22.56439739132008 -19.098335796697874 20
    endloop
  endfacet
  facet normal -0.1564344650402302 0.9876883405951378 0
    outer loop
      vertex 22.56439739132008 -19.098335796697874 5
      vertex 22.56439739132008 -19.098335796697874 20
      vertex 23.02962191529556 -19.02465147084277 20
    endloop
  endfacet
  facet normal -0.052335956242943266 0.9986295347545739 0
    outer loop
      vertex 23.02962191529556 -19.02465147084277 5
      vertex 23.02962191529556 -19.02465147084277 20
      vertex 23.5 -19 20
    endloop
  endfacet
  facet normal 0.052335956242943266 0.9986295347545739 0
    outer loop
      vertex 23.5 -19 5
      vertex 23.5 -19 20
      vertex 23.97037808470444 -19.02465147084277 20
    endloop
  endfacet
  facet normal 0.1564344650402302 0.9876883405951378 0
    outer loop
      vertex 23.97037808470444 -19.02465147084277 5
      vertex 23.97037808470444 -19.02465147084277 20
      vertex 24.43560260867992 -19.098335796697874 20
    endloop
  endfacet
  facet normal 0.2588190451025205 0.9659258262890683 0
    outer loop
      vertex 24.43560260867992 -19.098335796697874 5
      vertex 24.43560260867992 -19.098335796697874 20
      vertex 24.890576474687265 -19.22024567667181 20
    endloop
  endfacet
  facet normal 0.4539904997395476 0.8910065241883675 0
    outer loop
      vertex 25.330314893841102 -19.389045440608296 5
      vertex 25.330314893841102 -19.389045440608296 20
      vertex 25.75 -19.602885682970026 20
    endloop
  endfacet
  facet normal 0.5446390350150259 0.8386705679454249 0
    outer loop
      vertex 25.75 -19.602885682970026 5
      vertex 25.75 -19.602885682970026 20
      vertex 26.14503363531613 -19.859423525312735 20
    endloop
  endfacet
  facet normal 0.629320391049841 0.7771459614569679 0
    outer loop
      vertex 26.14503363531613 -19.859423525312735 5
      vertex 26.14503363531613 -19.859423525312735 20
      vertex 26.51108772861486 -20.155848285351727 20
    endloop
  endfacet
  facet normal 0.35836794954530105 0.9335804264972015 0
    outer loop
      vertex 24.890576474687265 -19.22024567667181 5
      vertex 24.890576474687265 -19.22024567667181 20
      vertex 25.330314893841102 -19.389045440608296 20
    endloop
  endfacet
  facet normal 0.8386705679454249 0.5446390350150259 0
    outer loop
      vertex 27.140576474687265 -20.85496636468387 5
      vertex 27.140576474687265 -20.85496636468387 20
      vertex 27.397114317029974 -21.25 20
    endloop
  endfacet
  facet normal 0.7771459614569679 0.629320391049841 0
    outer loop
      vertex 26.844151714648273 -20.48891227138514 5
      vertex 26.844151714648273 -20.48891227138514 20
      vertex 27.140576474687265 -20.85496636468387 20
    endloop
  endfacet
  facet normal 0.7071067811865475 0.7071067811865475 0
    outer loop
      vertex 26.51108772861486 -20.155848285351727 5
      vertex 26.51108772861486 -20.155848285351727 20
      vertex 26.844151714648273 -20.48891227138514 20
    endloop
  endfacet
  facet normal 0 0 -1
    outer loop
      vertex -26.844151714648273 -26.51108772861486 0
      vertex -25.083333333325 -26.242413778636287 0
      vertex -26.51108772861486 -26.844151714648273 0
    endloop
  endfacet
  facet normal 0 0 -1
    outer loop
      vertex -25.75 -27.397114317029974 0
      vertex -26.14503363531613 -27.140576474687265 0
      vertex -25.083333333325 -26.242413778636287 0
    endloop
  endfacet
  facet normal 0 0 -1
    outer loop
      vertex -26.51108772861486 -26.844151714648273 0
      vertex -25.083333333325 -26.242413778636287 0
      vertex -26.14503363531613 -27.140576474687265 0
    endloop
  endfacet
  facet normal 0 0 -1
    outer loop
      vertex -25.75 -27.397114317029974 0
      vertex -25.083333333325 -26.242413778636287 0
      vertex -25.330314893841102 -27.610954559391704 0
    endloop
  endfacet
  facet normal 0 0 -1
    outer loop
      vertex -26.844151714648273 -26.51108772861486 0
      vertex -26.66666666665 -23.5 0
      vertex -25.083333333325 -26.242413778636287 0
    endloop
  endfacet
  facet normal 0 0 -1
    outer loop
      vertex -27.610954559391704 -25.330314893841102 0
      vertex -27.77975432332819 -24.890576474687265 0
      vertex -27.610954559391704 -21.669685106158898 0
    endloop
  endfacet
  facet normal 0 0 -1
    outer loop
      vertex -27.397114317029974 -25.75 0
      vertex -27.610954559391704 -25.330314893841102 0
      vertex -27.397114317029974 -21.25 0
    endloop
  endfacet
  facet normal 0 0 -1
    outer loop
      vertex -27.901664203302126 -24.43560260867992 0
      vertex -27.97534852915723 -23.97037808470444 0
      vertex -27.901664203302126 -22.56439739132008 0
    endloop
  endfacet
  facet normal 0 0 -1
    outer loop
      vertex -27.77975432332819 -24.890576474687265 0
      vertex -27.901664203302126 -24.43560260867992 0
      vertex -27.77975432332819 -22.109423525312735 0
    endloop
  endfacet
  facet normal 0 0 -1
    outer loop
      vertex -27.97534852915723 -23.97037808470444 0
      vertex -28 -23.5 0
      vertex -27.97534852915723 -23.02962191529556 0
    endloop
  endfacet
  facet normal 0 0 -1
    outer loop
      vertex -27.97534852915723 -23.97037808470444 0
      vertex -27.97534852915723 -23.02962191529556 0
      vertex -27.901664203302126 -22.56439739132008 0
    endloop
  endfacet
  facet normal 0 0 -1
    outer loop
      vertex -27.901664203302126 -24.43560260867992 0
      vertex -27.901664203302126 -22.56439739132008 0
      vertex -27.77975432332819 -22.109423525312735 0
    endloop
  endfacet
  facet normal 0 0 -1
    outer loop
      vertex -26.844151714648273 -26.51108772861486 0
      vertex -27.140576474687265 -26.14503363531613 0
      vertex -26.844151714648273 -20.48891227138514 0
    endloop
  endfacet
  facet normal 0 0 -1
    outer loop
      vertex -27.397114317029974 -25.75 0
      vertex -27.140576474687265 -20.85496636468387 0
      vertex -27.140576474687265 -26.14503363531613 0
    endloop
  endfacet
  facet normal 0 0 -1
    outer loop
      vertex -26.844151714648273 -26.51108772861486 0
      vertex -26.51108772861486 -20.155848285351727 0
      vertex -26.66666666665 -23.5 0
    endloop
  endfacet
  facet normal 0 0 -1
    outer loop
      vertex -27.77975432332819 -24.890576474687265 0
      vertex -27.77975432332819 -22.109423525312735 0
      vertex -27.610954559391704 -21.669685106158898 0
    endloop
  endfacet
  facet normal 0 0 -1
    outer loop
      vertex -27.610954559391704 -25.330314893841102 0
      vertex -27.610954559391704 -21.669685106158898 0
      vertex -27.397114317029974 -21.25 0
    endloop
  endfacet
  facet normal 0 0 -1
    outer loop
      vertex -27.397114317029974 -25.75 0
      vertex -27.397114317029974 -21.25 0
      vertex -27.140576474687265 -20.85496636468387 0
    endloop
  endfacet
  facet normal 0 0 -1
    outer loop
      vertex -27.140576474687265 -26.14503363531613 0
      vertex -27.140576474687265 -20.85496636468387 0
      vertex -26.844151714648273 -20.48891227138514 0
    endloop
  endfacet
  facet normal 0 0 -1
    outer loop
      vertex -26.844151714648273 -26.51108772861486 0
      vertex -26.844151714648273 -20.48891227138514 0
      vertex -26.51108772861486 -20.155848285351727 0
    endloop
  endfacet
  facet normal 0 0 -1
    outer loop
      vertex -25.330314893841102 -19.389045440608296 0
      vertex -25.083333333325 -20.757586221363713 0
      vertex -26.66666666665 -23.5 0
    endloop
  endfacet
  facet normal 0 0 -1
    outer loop
      vertex -25.330314893841102 -27.610954559391704 0
      vertex -21.916666666675 -26.242413778636287 0
      vertex -24.890576474687265 -27.77975432332819 0
    endloop
  endfacet
  facet normal 0 0 -1
    outer loop
      vertex -25.330314893841102 -27.610954559391704 0
      vertex -25.083333333325 -26.242413778636287 0
      vertex -21.916666666675 -26.242413778636287 0
    endloop
  endfacet
  facet normal 0 0 -1
    outer loop
      vertex -24.43560260867992 -27.901664203302126 0
      vertex -21.916666666675 -26.242413778636287 0
      vertex -23.97037808470444 -27.97534852915723 0
    endloop
  endfacet
  facet normal 0 0 -1
    outer loop
      vertex -23.97037808470444 -27.97534852915723 0
      vertex -21.916666666675 -26.242413778636287 0
      vertex -23.5 -28 0
    endloop
  endfacet
  facet normal 0 0 -1
    outer loop
      vertex -24.890576474687265 -27.77975432332819 0
      vertex -21.916666666675 -26.242413778636287 0
      vertex -24.43560260867992 -27.901664203302126 0
    endloop
  endfacet
  facet normal 0 0 -1
    outer loop
      vertex -23.5 -28 0
      vertex -21.916666666675 -26.242413778636287 0
      vertex -23.02962191529556 -27.97534852915723 0
    endloop
  endfacet
  facet normal 0 0 -1
    outer loop
      vertex -23.02962191529556 -27.97534852915723 0
      vertex -21.916666666675 -26.242413778636287 0
      vertex -22.56439739132008 -27.901664203302126 0
    endloop
  endfacet
  facet normal 0 0 -1
    outer loop
      vertex -22.56439739132008 -27.901664203302126 0
      vertex -21.916666666675 -26.242413778636287 0
      vertex -22.109423525312735 -27.77975432332819 0
    endloop
  endfacet
  facet normal 0 0 -1
    outer loop
      vertex -22.109423525312735 -27.77975432332819 0
      vertex -21.916666666675 -26.242413778636287 0
      vertex -21.669685106158898 -27.610954559391704 0
    endloop
  endfacet
  facet normal 0 0 -1
    outer loop
      vertex -21.669685106158898 -27.610954559391704 0
      vertex -21.916666666675 -26.242413778636287 0
      vertex -20.33333333335 -23.5 0
    endloop
  endfacet
  facet normal 0 0 -1
    outer loop
      vertex -26.51108772861486 -20.155848285351727 0
      vertex -26.14503363531613 -19.859423525312735 0
      vertex -26.66666666665 -23.5 0
    endloop
  endfacet
  facet normal 0 0 -1
    outer loop
      vertex -26.14503363531613 -19.859423525312735 0
      vertex -25.75 -19.602885682970026 0
      vertex -26.66666666665 -23.5 0
    endloop
  endfacet
  facet normal 0 0 -1
    outer loop
      vertex -25.75 -19.602885682970026 0
      vertex -25.330314893841102 -19.389045440608296 0
      vertex -26.66666666665 -23.5 0
    endloop
  endfacet
  facet normal 0 0 -1
    outer loop
      vertex -25.330314893841102 -19.389045440608296 0
      vertex -24.890576474687265 -19.22024567667181 0
      vertex -25.083333333325 -20.757586221363713 0
    endloop
  endfacet
  facet normal 0 0 -1
    outer loop
      vertex -24.890576474687265 -19.22024567667181 0
      vertex -24.43560260867992 -19.098335796697874 0
      vertex -25.083333333325 -20.757586221363713 0
    endloop
  endfacet
  facet normal 0 0 -1
    outer loop
      vertex -24.43560260867992 -19.098335796697874 0
      vertex -23.97037808470444 -19.02465147084277 0
      vertex -25.083333333325 -20.757586221363713 0
    endloop
  endfacet
  facet normal 0 0 -1
    outer loop
      vertex -23.97037808470444 -19.02465147084277 0
      vertex -23.5 -19 0
      vertex -25.083333333325 -20.757586221363713 0
    endloop
  endfacet
  facet normal 0 0 -1
    outer loop
      vertex -23.5 -19 0
      vertex -23.02962191529556 -19.02465147084277 0
      vertex -25.083333333325 -20.757586221363713 0
    endloop
  endfacet
  facet normal 0 0 -1
    outer loop
      vertex -23.02962191529556 -19.02465147084277 0
      vertex -22.56439739132008 -19.098335796697874 0
      vertex -25.083333333325 -20.757586221363713 0
    endloop
  endfacet
  facet normal 0 0 -1
    outer loop
      vertex -22.56439739132008 -19.098335796697874 0
      vertex -22.109423525312735 -19.22024567667181 0
      vertex -25.083333333325 -20.757586221363713 0
    endloop
  endfacet
  facet normal 0 0 -1
    outer loop
      vertex -22.109423525312735 -19.22024567667181 0
      vertex -21.669685106158898 -19.389045440608296 0
      vertex -25.083333333325 -20.757586221363713 0
    endloop
  endfacet
  facet normal 0 0 -1
    outer loop
      vertex -21.669685106158898 -19.389045440608296 0
      vertex -21.916666666675 -20.757586221363713 0
      vertex -25.083333333325 -20.757586221363713 0
    endloop
  endfacet
  facet normal 0 0 -1
    outer loop
      vertex -21.25 -19.602885682970026 0
      vertex -21.916666666675 -20.757586221363713 0
      vertex -21.669685106158898 -19.389045440608296 0
    endloop
  endfacet
  facet normal 0 0 -1
    outer loop
      vertex -21.25 -19.602885682970026 0
      vertex -20.85496636468387 -19.859423525312735 0
      vertex -21.916666666675 -20.757586221363713 0
    endloop
  endfacet
  facet normal 0 0 -1
    outer loop
      vertex -21.669685106158898 -27.610954559391704 0
      vertex -20.33333333335 -23.5 0
      vertex -21.25 -27.397114317029974 0
    endloop
  endfacet
  facet normal 0 0 -1
    outer loop
      vertex -21.25 -27.397114317029974 0
      vertex -20.33333333335 -23.5 0
      vertex -20.85496636468387 -27.140576474687265 0
    endloop
  endfacet
  facet normal 0 0 -1
    outer loop
      vertex -20.85496636468387 -27.140576474687265 0
      vertex -20.33333333335 -23.5 0
      vertex -20.48891227138514 -26.844151714648273 0
    endloop
  endfacet
  facet normal 0 0 -1
    outer loop
      vertex -20.48891227138514 -26.844151714648273 0
      vertex -20.33333333335 -23.5 0
      vertex -20.155848285351727 -20.48891227138514 0
    endloop
  endfacet
  facet normal 0 0 -1
    outer loop
      vertex -20.48891227138514 -26.844151714648273 0
      vertex -20.155848285351727 -20.48891227138514 0
      vertex -20.155848285351727 -26.51108772861486 0
    endloop
  endfacet
  facet normal 0 0 -1
    outer loop
      vertex -20.155848285351727 -26.51108772861486 0
      vertex -19.859423525312735 -20.85496636468387 0
      vertex -19.859423525312735 -26.14503363531613 0
    endloop
  endfacet
  facet normal 0 0 -1
    outer loop
      vertex -19.859423525312735 -26.14503363531613 0
      vertex -19.602885682970026 -21.25 0
      vertex -19.602885682970026 -25.75 0
    endloop
  endfacet
  facet normal 0 0 -1
    outer loop
      vertex -19.602885682970026 -25.75 0
      vertex -19.389045440608296 -21.669685106158898 0
      vertex -19.389045440608296 -25.330314893841102 0
    endloop
  endfacet
  facet normal 0 0 -1
    outer loop
      vertex -20.155848285351727 -20.48891227138514 0
      vertex -20.33333333335 -23.5 0
      vertex -21.916666666675 -20.757586221363713 0
    endloop
  endfacet
  facet normal 0 0 -1
    outer loop
      vertex -20.155848285351727 -26.51108772861486 0
      vertex -20.155848285351727 -20.48891227138514 0
      vertex -19.859423525312735 -20.85496636468387 0
    endloop
  endfacet
  facet normal 0 0 -1
    outer loop
      vertex -19.859423525312735 -26.14503363531613 0
      vertex -19.859423525312735 -20.85496636468387 0
      vertex -19.602885682970026 -21.25 0
    endloop
  endfacet
  facet normal 0 0 -1
    outer loop
      vertex -19.602885682970026 -25.75 0
      vertex -19.602885682970026 -21.25 0
      vertex -19.389045440608296 -21.669685106158898 0
    endloop
  endfacet
  facet normal 0 0 -1
    outer loop
      vertex -19.389045440608296 -25.330314893841102 0
      vertex -19.22024567667181 -22.109423525312735 0
      vertex -19.22024567667181 -24.890576474687265 0
    endloop
  endfacet
  facet normal 0 0 -1
    outer loop
      vertex -19.22024567667181 -24.890576474687265 0
      vertex -19.098335796697874 -22.56439739132008 0
      vertex -19.098335796697874 -24.43560260867992 0
    endloop
  endfacet
  facet normal 0 0 -1
    outer loop
      vertex -19.098335796697874 -24.43560260867992 0
      vertex -19.02465147084277 -23.02962191529556 0
      vertex -19.02465147084277 -23.97037808470444 0
    endloop
  endfacet
  facet normal 0 0 -1
    outer loop
      vertex -19.02465147084277 -23.97037808470444 0
      vertex -19.02465147084277 -23.02962191529556 0
      vertex -19 -23.5 0
    endloop
  endfacet
  facet normal 0 0 -1
    outer loop
      vertex -19.389045440608296 -25.330314893841102 0
      vertex -19.389045440608296 -21.669685106158898 0
      vertex -19.22024567667181 -22.109423525312735 0
    endloop
  endfacet
  facet normal 0 0 -1
    outer loop
      vertex -19.22024567667181 -24.890576474687265 0
      vertex -19.22024567667181 -22.109423525312735 0
      vertex -19.098335796697874 -22.56439739132008 0
    endloop
  endfacet
  facet normal 0 0 -1
    outer loop
      vertex -19.098335796697874 -24.43560260867992 0
      vertex -19.098335796697874 -22.56439739132008 0
      vertex -19.02465147084277 -23.02962191529556 0
    endloop
  endfacet
  facet normal 0 0 -1
    outer loop
      vertex -20.48891227138514 -20.155848285351727 0
      vertex -20.155848285351727 -20.48891227138514 0
      vertex -21.916666666675 -20.757586221363713 0
    endloop
  endfacet
  facet normal 0 0 -1
    outer loop
      vertex -20.85496636468387 -19.859423525312735 0
      vertex -20.48891227138514 -20.155848285351727 0
      vertex -21.916666666675 -20.757586221363713 0
    endloop
  endfacet
  facet normal -0.7071067811865475 -0.7071067811865475 0
    outer loop
      vertex -26.844151714648273 -26.51108772861486 5
      vertex -26.51108772861486 -26.844151714648273 5
      vertex -26.844151714648273 -26.51108772861486 20
    endloop
  endfacet
  facet normal -0.8910065241883675 -0.4539904997395476 0
    outer loop
      vertex -27.397114317029974 -25.75 5
      vertex -27.610954559391704 -25.330314893841102 20
      vertex -27.610954559391704 -25.330314893841102 5
    endloop
  endfacet
  facet normal -0.9335804264972015 -0.35836794954530105 0
    outer loop
      vertex -27.610954559391704 -25.330314893841102 5
      vertex -27.77975432332819 -24.890576474687265 20
      vertex -27.77975432332819 -24.890576474687265 5
    endloop
  endfacet
  facet normal -0.7771459614569679 -0.629320391049841 0
    outer loop
      vertex -26.844151714648273 -26.51108772861486 5
      vertex -27.140576474687265 -26.14503363531613 20
      vertex -27.140576474687265 -26.14503363531613 5
    endloop
  endfacet
  facet normal -0.8386705679454249 -0.5446390350150259 0
    outer loop
      vertex -27.397114317029974 -25.75 5
      vertex -27.140576474687265 -26.14503363531613 5
      vertex -27.397114317029974 -25.75 20
    endloop
  endfacet
  facet normal -0.4539904997395476 -0.8910065241883675 0
    outer loop
      vertex -25.75 -27.397114317029974 5
      vertex -25.330314893841102 -27.610954559391704 5
      vertex -25.75 -27.397114317029974 20
    endloop
  endfacet
  facet normal -0.629320391049841 -0.7771459614569679 0
    outer loop
      vertex -26.51108772861486 -26.844151714648273 5
      vertex -26.14503363531613 -27.140576474687265 5
      vertex -26.51108772861486 -26.844151714648273 20
    endloop
  endfacet
  facet normal -0.5446390350150259 -0.8386705679454249 0
    outer loop
      vertex -25.75 -27.397114317029974 5
      vertex -26.14503363531613 -27.140576474687265 20
      vertex -26.14503363531613 -27.140576474687265 5
    endloop
  endfacet
  facet normal -0.35836794954530105 -0.9335804264972015 0
    outer loop
      vertex -25.330314893841102 -27.610954559391704 5
      vertex -24.890576474687265 -27.77975432332819 5
      vertex -25.330314893841102 -27.610954559391704 20
    endloop
  endfacet
  facet normal -0.2588190451025205 -0.9659258262890683 0
    outer loop
      vertex -24.890576474687265 -27.77975432332819 5
      vertex -24.43560260867992 -27.901664203302126 5
      vertex -24.890576474687265 -27.77975432332819 20
    endloop
  endfacet
  facet normal -0.9659258262890683 -0.2588190451025205 0
    outer loop
      vertex -27.77975432332819 -24.890576474687265 5
      vertex -27.901664203302126 -24.43560260867992 20
      vertex -27.901664203302126 -24.43560260867992 5
    endloop
  endfacet
  facet normal -0.9876883405951378 -0.1564344650402302 0
    outer loop
      vertex -27.901664203302126 -24.43560260867992 5
      vertex -27.97534852915723 -23.97037808470444 20
      vertex -27.97534852915723 -23.97037808470444 5
    endloop
  endfacet
  facet normal -0.9986295347545739 -0.052335956242943266 0
    outer loop
      vertex -27.97534852915723 -23.97037808470444 5
      vertex -28 -23.5 20
      vertex -28 -23.5 5
    endloop
  endfacet
  facet normal -0.9986295347545739 0.052335956242943266 0
    outer loop
      vertex -28 -23.5 5
      vertex -27.97534852915723 -23.02962191529556 20
      vertex -27.97534852915723 -23.02962191529556 5
    endloop
  endfacet
  facet normal -0.9876883405951378 0.1564344650402302 0
    outer loop
      vertex -27.97534852915723 -23.02962191529556 5
      vertex -27.901664203302126 -22.56439739132008 20
      vertex -27.901664203302126 -22.56439739132008 5
    endloop
  endfacet
  facet normal -0.9659258262890683 0.2588190451025205 0
    outer loop
      vertex -27.901664203302126 -22.56439739132008 5
      vertex -27.77975432332819 -22.109423525312735 20
      vertex -27.77975432332819 -22.109423525312735 5
    endloop
  endfacet
  facet normal -0.9335804264972015 0.35836794954530105 0
    outer loop
      vertex -27.77975432332819 -22.109423525312735 5
      vertex -27.610954559391704 -21.669685106158898 20
      vertex -27.610954559391704 -21.669685106158898 5
    endloop
  endfacet
  facet normal -0.8910065241883675 0.4539904997395476 0
    outer loop
      vertex -27.610954559391704 -21.669685106158898 5
      vertex -27.397114317029974 -21.25 20
      vertex -27.397114317029974 -21.25 5
    endloop
  endfacet
  facet normal -0.1564344650402302 -0.9876883405951378 0
    outer loop
      vertex -24.43560260867992 -27.901664203302126 5
      vertex -23.97037808470444 -27.97534852915723 5
      vertex -24.43560260867992 -27.901664203302126 20
    endloop
  endfacet
  facet normal -0.052335956242943266 -0.9986295347545739 0
    outer loop
      vertex -23.97037808470444 -27.97534852915723 5
      vertex -23.5 -28 5
      vertex -23.97037808470444 -27.97534852915723 20
    endloop
  endfacet
  facet normal 0.052335956242943266 -0.9986295347545739 0
    outer loop
      vertex -23.5 -28 5
      vertex -23.02962191529556 -27.97534852915723 5
      vertex -23.5 -28 20
    endloop
  endfacet
  facet normal 0.1564344650402302 -0.9876883405951378 0
    outer loop
      vertex -23.02962191529556 -27.97534852915723 5
      vertex -22.56439739132008 -27.901664203302126 5
      vertex -23.02962191529556 -27.97534852915723 20
    endloop
  endfacet
  facet normal 0.2588190451025205 -0.9659258262890683 0
    outer loop
      vertex -22.56439739132008 -27.901664203302126 5
      vertex -22.109423525312735 -27.77975432332819 5
      vertex -22.56439739132008 -27.901664203302126 20
    endloop
  endfacet
  facet normal 0.35836794954530105 -0.9335804264972015 0
    outer loop
      vertex -22.109423525312735 -27.77975432332819 5
      vertex -21.669685106158898 -27.610954559391704 5
      vertex -22.109423525312735 -27.77975432332819 20
    endloop
  endfacet
  facet normal 0.4539904997395476 -0.8910065241883675 0
    outer loop
      vertex -21.669685106158898 -27.610954559391704 5
      vertex -21.25 -27.397114317029974 5
      vertex -21.669685106158898 -27.610954559391704 20
    endloop
  endfacet
  facet normal -0.8386705679454249 0.5446390350150259 0
    outer loop
      vertex -27.397114317029974 -21.25 5
      vertex -27.140576474687265 -20.85496636468387 20
      vertex -27.140576474687265 -20.85496636468387 5
    endloop
  endfacet
  facet normal -0.7771459614569679 0.629320391049841 0
    outer loop
      vertex -27.140576474687265 -20.85496636468387 5
      vertex -26.844151714648273 -20.48891227138514 20
      vertex -26.844151714648273 -20.48891227138514 5
    endloop
  endfacet
  facet normal -0.7071067811865475 0.7071067811865475 0
    outer loop
      vertex -26.844151714648273 -20.48891227138514 5
      vertex -26.51108772861486 -20.155848285351727 20
      vertex -26.51108772861486 -20.155848285351727 5
    endloop
  endfacet
  facet normal -0.629320391049841 0.7771459614569679 0
    outer loop
      vertex -26.51108772861486 -20.155848285351727 5
      vertex -26.14503363531613 -19.859423525312735 20
      vertex -26.14503363531613 -19.859423525312735 5
    endloop
  endfacet
  facet normal -0.5446390350150259 0.8386705679454249 0
    outer loop
      vertex -26.14503363531613 -19.859423525312735 5
      vertex -25.75 -19.602885682970026 20
      vertex -25.75 -19.602885682970026 5
    endloop
  endfacet
  facet normal -0.4539904997395476 0.8910065241883675 0
    outer loop
      vertex -25.75 -19.602885682970026 5
      vertex -25.330314893841102 -19.389045440608296 20
      vertex -25.330314893841102 -19.389045440608296 5
    endloop
  endfacet
  facet normal -0.35836794954530105 0.9335804264972015 0
    outer loop
      vertex -25.330314893841102 -19.389045440608296 5
      vertex -24.890576474687265 -19.22024567667181 20
      vertex -24.890576474687265 -19.22024567667181 5
    endloop
  endfacet
  facet normal -0.2588190451025205 0.9659258262890683 0
    outer loop
      vertex -24.890576474687265 -19.22024567667181 5
      vertex -24.43560260867992 -19.098335796697874 20
      vertex -24.43560260867992 -19.098335796697874 5
    endloop
  endfacet
  facet normal -0.1564344650402302 0.9876883405951378 0
    outer loop
      vertex -24.43560260867992 -19.098335796697874 5
      vertex -23.97037808470444 -19.02465147084277 20
      vertex -23.97037808470444 -19.02465147084277 5
    endloop
  endfacet
  facet normal -0.052335956242943266 0.9986295347545739 0
    outer loop
      vertex -23.97037808470444 -19.02465147084277 5
      vertex -23.5 -19 20
      vertex -23.5 -19 5
    endloop
  endfacet
  facet normal 0.052335956242943266 0.9986295347545739 0
    outer loop
      vertex -23.5 -19 5
      vertex -23.02962191529556 -19.02465147084277 20
      vertex -23.02962191529556 -19.02465147084277 5
    endloop
  endfacet
  facet normal 0.4539904997395476 0.8910065241883675 0
    outer loop
      vertex -21.25 -19.602885682970026 5
      vertex -21.669685106158898 -19.389045440608296 5
      vertex -21.25 -19.602885682970026 20
    endloop
  endfacet
  facet normal 0.1564344650402302 0.9876883405951378 0
    outer loop
      vertex -23.02962191529556 -19.02465147084277 5
      vertex -22.56439739132008 -19.098335796697874 20
      vertex -22.56439739132008 -19.098335796697874 5
    endloop
  endfacet
  facet normal 0.2588190451025205 0.9659258262890683 0
    outer loop
      vertex -22.56439739132008 -19.098335796697874 5
      vertex -22.109423525312735 -19.22024567667181 20
      vertex -22.109423525312735 -19.22024567667181 5
    endloop
  endfacet
  facet normal 0.35836794954530105 0.9335804264972015 0
    outer loop
      vertex -22.109423525312735 -19.22024567667181 5
      vertex -21.669685106158898 -19.389045440608296 20
      vertex -21.669685106158898 -19.389045440608296 5
    endloop
  endfacet
  facet normal 0.5446390350150259 -0.8386705679454249 0
    outer loop
      vertex -21.25 -27.397114317029974 5
      vertex -20.85496636468387 -27.140576474687265 5
      vertex -21.25 -27.397114317029974 20
    endloop
  endfacet
  facet normal 0.629320391049841 -0.7771459614569679 0
    outer loop
      vertex -20.85496636468387 -27.140576474687265 5
      vertex -20.48891227138514 -26.844151714648273 5
      vertex -20.85496636468387 -27.140576474687265 20
    endloop
  endfacet
  facet normal 0.7071067811865475 -0.7071067811865475 0
    outer loop
      vertex -20.48891227138514 -26.844151714648273 5
      vertex -20.155848285351727 -26.51108772861486 5
      vertex -20.48891227138514 -26.844151714648273 20
    endloop
  endfacet
  facet normal 0.7771459614569679 -0.629320391049841 0
    outer loop
      vertex -20.155848285351727 -26.51108772861486 5
      vertex -19.859423525312735 -26.14503363531613 5
      vertex -20.155848285351727 -26.51108772861486 20
    endloop
  endfacet
  facet normal 0.8386705679454249 -0.5446390350150259 0
    outer loop
      vertex -19.859423525312735 -26.14503363531613 5
      vertex -19.602885682970026 -25.75 5
      vertex -19.859423525312735 -26.14503363531613 20
    endloop
  endfacet
  facet normal 0.8910065241883675 -0.4539904997395476 0
    outer loop
      vertex -19.602885682970026 -25.75 5
      vertex -19.389045440608296 -25.330314893841102 5
      vertex -19.602885682970026 -25.75 20
    endloop
  endfacet
  facet normal 0.9335804264972015 -0.35836794954530105 0
    outer loop
      vertex -19.389045440608296 -25.330314893841102 5
      vertex -19.22024567667181 -24.890576474687265 5
      vertex -19.389045440608296 -25.330314893841102 20
    endloop
  endfacet
  facet normal 0.9659258262890683 -0.2588190451025205 0
    outer loop
      vertex -19.22024567667181 -24.890576474687265 5
      vertex -19.098335796697874 -24.43560260867992 5
      vertex -19.22024567667181 -24.890576474687265 20
    endloop
  endfacet
  facet normal 0.8910065241883675 0.4539904997395476 0
    outer loop
      vertex -19.602885682970026 -21.25 5
      vertex -19.389045440608296 -21.669685106158898 20
      vertex -19.389045440608296 -21.669685106158898 5
    endloop
  endfacet
  facet normal 0.9876883405951378 -0.1564344650402302 0
    outer loop
      vertex -19.098335796697874 -24.43560260867992 5
      vertex -19.02465147084277 -23.97037808470444 5
      vertex -19.098335796697874 -24.43560260867992 20
    endloop
  endfacet
  facet normal 0.9986295347545739 -0.052335956242943266 0
    outer loop
      vertex -19.02465147084277 -23.97037808470444 5
      vertex -19 -23.5 5
      vertex -19.02465147084277 -23.97037808470444 20
    endloop
  endfacet
  facet normal 0.9986295347545739 0.052335956242943266 0
    outer loop
      vertex -19 -23.5 5
      vertex -19.02465147084277 -23.02962191529556 5
      vertex -19 -23.5 20
    endloop
  endfacet
  facet normal 0.9876883405951378 0.1564344650402302 0
    outer loop
      vertex -19.02465147084277 -23.02962191529556 5
      vertex -19.098335796697874 -22.56439739132008 5
      vertex -19.02465147084277 -23.02962191529556 20
    endloop
  endfacet
  facet normal 0.9659258262890683 0.2588190451025205 0
    outer loop
      vertex -19.098335796697874 -22.56439739132008 5
      vertex -19.22024567667181 -22.109423525312735 5
      vertex -19.098335796697874 -22.56439739132008 20
    endloop
  endfacet
  facet normal 0.9335804264972015 0.35836794954530105 0
    outer loop
      vertex -19.22024567667181 -22.109423525312735 5
      vertex -19.389045440608296 -21.669685106158898 5
      vertex -19.22024567667181 -22.109423525312735 20
    endloop
  endfacet
  facet normal 0.5446390350150259 0.8386705679454249 0
    outer loop
      vertex -21.25 -19.602885682970026 5
      vertex -20.85496636468387 -19.859423525312735 20
      vertex -20.85496636468387 -19.859423525312735 5
    endloop
  endfacet
  facet normal 0.629320391049841 0.7771459614569679 0
    outer loop
      vertex -20.85496636468387 -19.859423525312735 5
      vertex -20.48891227138514 -20.155848285351727 20
      vertex -20.48891227138514 -20.155848285351727 5
    endloop
  endfacet
  facet normal 0.7071067811865475 0.7071067811865475 0
    outer loop
      vertex -20.48891227138514 -20.155848285351727 5
      vertex -20.155848285351727 -20.48891227138514 20
      vertex -20.155848285351727 -20.48891227138514 5
    endloop
  endfacet
  facet normal 0.7771459614569679 0.629320391049841 0
    outer loop
      vertex -20.155848285351727 -20.48891227138514 5
      vertex -19.859423525312735 -20.85496636468387 20
      vertex -19.859423525312735 -20.85496636468387 5
    endloop
  endfacet
  facet normal 0.8386705679454249 0.5446390350150259 0
    outer loop
      vertex -19.602885682970026 -21.25 5
      vertex -19.859423525312735 -20.85496636468387 5
      vertex -19.602885682970026 -21.25 20
    endloop
  endfacet
  facet normal -0.7071067811865475 -0.7071067811865475 0
    outer loop
      vertex -26.51108772861486 -26.844151714648273 5
      vertex -26.51108772861486 -26.844151714648273 20
      vertex -26.844151714648273 -26.51108772861486 20
    endloop
  endfacet
  facet normal -0.8910065241883675 -0.4539904997395476 0
    outer loop
      vertex -27.397114317029974 -25.75 5
      vertex -27.397114317029974 -25.75 20
      vertex -27.610954559391704 -25.330314893841102 20
    endloop
  endfacet
  facet normal -0.9659258262890683 -0.2588190451025205 0
    outer loop
      vertex -27.77975432332819 -24.890576474687265 5
      vertex -27.77975432332819 -24.890576474687265 20
      vertex -27.901664203302126 -24.43560260867992 20
    endloop
  endfacet
  facet normal -0.9335804264972015 -0.35836794954530105 0
    outer loop
      vertex -27.610954559391704 -25.330314893841102 5
      vertex -27.610954559391704 -25.330314893841102 20
      vertex -27.77975432332819 -24.890576474687265 20
    endloop
  endfacet
  facet normal -0.7771459614569679 -0.629320391049841 0
    outer loop
      vertex -26.844151714648273 -26.51108772861486 5
      vertex -26.844151714648273 -26.51108772861486 20
      vertex -27.140576474687265 -26.14503363531613 20
    endloop
  endfacet
  facet normal -0.8386705679454249 -0.5446390350150259 0
    outer loop
      vertex -27.140576474687265 -26.14503363531613 5
      vertex -27.140576474687265 -26.14503363531613 20
      vertex -27.397114317029974 -25.75 20
    endloop
  endfacet
  facet normal -0.629320391049841 -0.7771459614569679 0
    outer loop
      vertex -26.14503363531613 -27.140576474687265 5
      vertex -26.14503363531613 -27.140576474687265 20
      vertex -26.51108772861486 -26.844151714648273 20
    endloop
  endfacet
  facet normal -0.5446390350150259 -0.8386705679454249 0
    outer loop
      vertex -25.75 -27.397114317029974 5
      vertex -25.75 -27.397114317029974 20
      vertex -26.14503363531613 -27.140576474687265 20
    endloop
  endfacet
  facet normal -0.4539904997395476 -0.8910065241883675 0
    outer loop
      vertex -25.330314893841102 -27.610954559391704 5
      vertex -25.330314893841102 -27.610954559391704 20
      vertex -25.75 -27.397114317029974 20
    endloop
  endfacet
  facet normal -0.35836794954530105 -0.9335804264972015 0
    outer loop
      vertex -24.890576474687265 -27.77975432332819 5
      vertex -24.890576474687265 -27.77975432332819 20
      vertex -25.330314893841102 -27.610954559391704 20
    endloop
  endfacet
  facet normal -0.9876883405951378 -0.1564344650402302 0
    outer loop
      vertex -27.901664203302126 -24.43560260867992 5
      vertex -27.901664203302126 -24.43560260867992 20
      vertex -27.97534852915723 -23.97037808470444 20
    endloop
  endfacet
  facet normal -0.9986295347545739 -0.052335956242943266 0
    outer loop
      vertex -27.97534852915723 -23.97037808470444 5
      vertex -27.97534852915723 -23.97037808470444 20
      vertex -28 -23.5 20
    endloop
  endfacet
  facet normal -0.9986295347545739 0.052335956242943266 0
    outer loop
      vertex -28 -23.5 5
      vertex -28 -23.5 20
      vertex -27.97534852915723 -23.02962191529556 20
    endloop
  endfacet
  facet normal -0.9876883405951378 0.1564344650402302 0
    outer loop
      vertex -27.97534852915723 -23.02962191529556 5
      vertex -27.97534852915723 -23.02962191529556 20
      vertex -27.901664203302126 -22.56439739132008 20
    endloop
  endfacet
  facet normal -0.9659258262890683 0.2588190451025205 0
    outer loop
      vertex -27.901664203302126 -22.56439739132008 5
      vertex -27.901664203302126 -22.56439739132008 20
      vertex -27.77975432332819 -22.109423525312735 20
    endloop
  endfacet
  facet normal -0.9335804264972015 0.35836794954530105 0
    outer loop
      vertex -27.77975432332819 -22.109423525312735 5
      vertex -27.77975432332819 -22.109423525312735 20
      vertex -27.610954559391704 -21.669685106158898 20
    endloop
  endfacet
  facet normal -0.8910065241883675 0.4539904997395476 0
    outer loop
      vertex -27.610954559391704 -21.669685106158898 5
      vertex -27.610954559391704 -21.669685106158898 20
      vertex -27.397114317029974 -21.25 20
    endloop
  endfacet
  facet normal -0.2588190451025205 -0.9659258262890683 0
    outer loop
      vertex -24.43560260867992 -27.901664203302126 5
      vertex -24.43560260867992 -27.901664203302126 20
      vertex -24.890576474687265 -27.77975432332819 20
    endloop
  endfacet
  facet normal -0.1564344650402302 -0.9876883405951378 0
    outer loop
      vertex -23.97037808470444 -27.97534852915723 5
      vertex -23.97037808470444 -27.97534852915723 20
      vertex -24.43560260867992 -27.901664203302126 20
    endloop
  endfacet
  facet normal -0.052335956242943266 -0.9986295347545739 0
    outer loop
      vertex -23.5 -28 5
      vertex -23.5 -28 20
      vertex -23.97037808470444 -27.97534852915723 20
    endloop
  endfacet
  facet normal 0.052335956242943266 -0.9986295347545739 0
    outer loop
      vertex -23.02962191529556 -27.97534852915723 5
      vertex -23.02962191529556 -27.97534852915723 20
      vertex -23.5 -28 20
    endloop
  endfacet
  facet normal 0.1564344650402302 -0.9876883405951378 0
    outer loop
      vertex -22.56439739132008 -27.901664203302126 5
      vertex -22.56439739132008 -27.901664203302126 20
      vertex -23.02962191529556 -27.97534852915723 20
    endloop
  endfacet
  facet normal 0.2588190451025205 -0.9659258262890683 0
    outer loop
      vertex -22.109423525312735 -27.77975432332819 5
      vertex -22.109423525312735 -27.77975432332819 20
      vertex -22.56439739132008 -27.901664203302126 20
    endloop
  endfacet
  facet normal 0.35836794954530105 -0.9335804264972015 0
    outer loop
      vertex -21.669685106158898 -27.610954559391704 5
      vertex -21.669685106158898 -27.610954559391704 20
      vertex -22.109423525312735 -27.77975432332819 20
    endloop
  endfacet
  facet normal 0.4539904997395476 -0.8910065241883675 0
    outer loop
      vertex -21.25 -27.397114317029974 5
      vertex -21.25 -27.397114317029974 20
      vertex -21.669685106158898 -27.610954559391704 20
    endloop
  endfacet
  facet normal 0 0 1
    outer loop
      vertex -25.75 -27.397114317029974 20
      vertex -26.14503363531613 -19.859423525312735 20
      vertex -26.14503363531613 -27.140576474687265 20
    endloop
  endfacet
  facet normal 0 0 1
    outer loop
      vertex -25.75 -27.397114317029974 20
      vertex -25.330314893841102 -27.610954559391704 20
      vertex -25.75 -19.602885682970026 20
    endloop
  endfacet
  facet normal 0 0 1
    outer loop
      vertex -25.330314893841102 -27.610954559391704 20
      vertex -24.890576474687265 -27.77975432332819 20
      vertex -25.330314893841102 -19.389045440608296 20
    endloop
  endfacet
  facet normal 0 0 1
    outer loop
      vertex -24.890576474687265 -27.77975432332819 20
      vertex -24.43560260867992 -27.901664203302126 20
      vertex -24.890576474687265 -19.22024567667181 20
    endloop
  endfacet
  facet normal 0 0 1
    outer loop
      vertex -27.77975432332819 -24.890576474687265 20
      vertex -27.901664203302126 -22.56439739132008 20
      vertex -27.901664203302126 -24.43560260867992 20
    endloop
  endfacet
  facet normal 0 0 1
    outer loop
      vertex -27.610954559391704 -25.330314893841102 20
      vertex -27.77975432332819 -22.109423525312735 20
      vertex -27.77975432332819 -24.890576474687265 20
    endloop
  endfacet
  facet normal 0 0 1
    outer loop
      vertex -27.397114317029974 -25.75 20
      vertex -27.610954559391704 -21.669685106158898 20
      vertex -27.610954559391704 -25.330314893841102 20
    endloop
  endfacet
  facet normal 0 0 1
    outer loop
      vertex -27.901664203302126 -24.43560260867992 20
      vertex -27.97534852915723 -23.02962191529556 20
      vertex -27.97534852915723 -23.97037808470444 20
    endloop
  endfacet
  facet normal 0 0 1
    outer loop
      vertex -27.97534852915723 -23.97037808470444 20
      vertex -27.97534852915723 -23.02962191529556 20
      vertex -28 -23.5 20
    endloop
  endfacet
  facet normal 0 0 1
    outer loop
      vertex -27.901664203302126 -24.43560260867992 20
      vertex -27.901664203302126 -22.56439739132008 20
      vertex -27.97534852915723 -23.02962191529556 20
    endloop
  endfacet
  facet normal 0 0 1
    outer loop
      vertex -27.77975432332819 -24.890576474687265 20
      vertex -27.77975432332819 -22.109423525312735 20
      vertex -27.901664203302126 -22.56439739132008 20
    endloop
  endfacet
  facet normal 0 0 1
    outer loop
      vertex -27.610954559391704 -25.330314893841102 20
      vertex -27.610954559391704 -21.669685106158898 20
      vertex -27.77975432332819 -22.109423525312735 20
    endloop
  endfacet
  facet normal 0 0 1
    outer loop
      vertex -27.397114317029974 -25.75 20
      vertex -27.140576474687265 -26.14503363531613 20
      vertex -27.397114317029974 -21.25 20
    endloop
  endfacet
  facet normal 0 0 1
    outer loop
      vertex -26.844151714648273 -26.51108772861486 20
      vertex -27.140576474687265 -20.85496636468387 20
      vertex -27.140576474687265 -26.14503363531613 20
    endloop
  endfacet
  facet normal 0 0 1
    outer loop
      vertex -26.844151714648273 -26.51108772861486 20
      vertex -26.51108772861486 -26.844151714648273 20
      vertex -26.844151714648273 -20.48891227138514 20
    endloop
  endfacet
  facet normal 0 0 1
    outer loop
      vertex -27.397114317029974 -25.75 20
      vertex -27.397114317029974 -21.25 20
      vertex -27.610954559391704 -21.669685106158898 20
    endloop
  endfacet
  facet normal 0 0 1
    outer loop
      vertex -27.140576474687265 -26.14503363531613 20
      vertex -27.140576474687265 -20.85496636468387 20
      vertex -27.397114317029974 -21.25 20
    endloop
  endfacet
  facet normal 0 0 1
    outer loop
      vertex -26.844151714648273 -26.51108772861486 20
      vertex -26.844151714648273 -20.48891227138514 20
      vertex -27.140576474687265 -20.85496636468387 20
    endloop
  endfacet
  facet normal 0 0 1
    outer loop
      vertex -26.51108772861486 -26.844151714648273 20
      vertex -26.51108772861486 -20.155848285351727 20
      vertex -26.844151714648273 -20.48891227138514 20
    endloop
  endfacet
  facet normal 0 0 1
    outer loop
      vertex -26.51108772861486 -26.844151714648273 20
      vertex -26.14503363531613 -27.140576474687265 20
      vertex -26.51108772861486 -20.155848285351727 20
    endloop
  endfacet
  facet normal 0 0 1
    outer loop
      vertex -26.14503363531613 -27.140576474687265 20
      vertex -26.14503363531613 -19.859423525312735 20
      vertex -26.51108772861486 -20.155848285351727 20
    endloop
  endfacet
  facet normal 0 0 1
    outer loop
      vertex -25.75 -27.397114317029974 20
      vertex -25.75 -19.602885682970026 20
      vertex -26.14503363531613 -19.859423525312735 20
    endloop
  endfacet
  facet normal 0 0 1
    outer loop
      vertex -25.330314893841102 -27.610954559391704 20
      vertex -25.330314893841102 -19.389045440608296 20
      vertex -25.75 -19.602885682970026 20
    endloop
  endfacet
  facet normal 0 0 1
    outer loop
      vertex -24.890576474687265 -27.77975432332819 20
      vertex -24.890576474687265 -19.22024567667181 20
      vertex -25.330314893841102 -19.389045440608296 20
    endloop
  endfacet
  facet normal 0 0 1
    outer loop
      vertex -24.43560260867992 -27.901664203302126 20
      vertex -23.97037808470444 -27.97534852915723 20
      vertex -24.43560260867992 -19.098335796697874 20
    endloop
  endfacet
  facet normal 0 0 1
    outer loop
      vertex -23.97037808470444 -27.97534852915723 20
      vertex -23.5 -28 20
      vertex -23.97037808470444 -19.02465147084277 20
    endloop
  endfacet
  facet normal 0 0 1
    outer loop
      vertex -23.5 -28 20
      vertex -23.02962191529556 -27.97534852915723 20
      vertex -23.5 -19 20
    endloop
  endfacet
  facet normal 0 0 1
    outer loop
      vertex -23.02962191529556 -27.97534852915723 20
      vertex -22.56439739132008 -27.901664203302126 20
      vertex -23.02962191529556 -19.02465147084277 20
    endloop
  endfacet
  facet normal 0 0 1
    outer loop
      vertex -22.56439739132008 -27.901664203302126 20
      vertex -22.109423525312735 -27.77975432332819 20
      vertex -22.56439739132008 -19.098335796697874 20
    endloop
  endfacet
  facet normal 0 0 1
    outer loop
      vertex -22.109423525312735 -27.77975432332819 20
      vertex -21.669685106158898 -27.610954559391704 20
      vertex -22.109423525312735 -19.22024567667181 20
    endloop
  endfacet
  facet normal 0 0 1
    outer loop
      vertex -21.669685106158898 -27.610954559391704 20
      vertex -21.25 -27.397114317029974 20
      vertex -21.669685106158898 -19.389045440608296 20
    endloop
  endfacet
  facet normal 0 0 1
    outer loop
      vertex -24.43560260867992 -27.901664203302126 20
      vertex -24.43560260867992 -19.098335796697874 20
      vertex -24.890576474687265 -19.22024567667181 20
    endloop
  endfacet
  facet normal 0 0 1
    outer loop
      vertex -23.97037808470444 -27.97534852915723 20
      vertex -23.97037808470444 -19.02465147084277 20
      vertex -24.43560260867992 -19.098335796697874 20
    endloop
  endfacet
  facet normal 0 0 1
    outer loop
      vertex -23.5 -28 20
      vertex -23.5 -19 20
      vertex -23.97037808470444 -19.02465147084277 20
    endloop
  endfacet
  facet normal 0 0 1
    outer loop
      vertex -23.02962191529556 -27.97534852915723 20
      vertex -23.02962191529556 -19.02465147084277 20
      vertex -23.5 -19 20
    endloop
  endfacet
  facet normal 0 0 1
    outer loop
      vertex -22.56439739132008 -27.901664203302126 20
      vertex -22.56439739132008 -19.098335796697874 20
      vertex -23.02962191529556 -19.02465147084277 20
    endloop
  endfacet
  facet normal 0 0 1
    outer loop
      vertex -22.109423525312735 -27.77975432332819 20
      vertex -22.109423525312735 -19.22024567667181 20
      vertex -22.56439739132008 -19.098335796697874 20
    endloop
  endfacet
  facet normal 0 0 1
    outer loop
      vertex -21.669685106158898 -27.610954559391704 20
      vertex -21.669685106158898 -19.389045440608296 20
      vertex -22.109423525312735 -19.22024567667181 20
    endloop
  endfacet
  facet normal 0 0 1
    outer loop
      vertex -21.25 -27.397114317029974 20
      vertex -21.25 -19.602885682970026 20
      vertex -21.669685106158898 -19.389045440608296 20
    endloop
  endfacet
  facet normal -0.8386705679454249 0.5446390350150259 0
    outer loop
      vertex -27.397114317029974 -21.25 5
      vertex -27.397114317029974 -21.25 20
      vertex -27.140576474687265 -20.85496636468387 20
    endloop
  endfacet
  facet normal -0.7771459614569679 0.629320391049841 0
    outer loop
      vertex -27.140576474687265 -20.85496636468387 5
      vertex -27.140576474687265 -20.85496636468387 20
      vertex -26.844151714648273 -20.48891227138514 20
    endloop
  endfacet
  facet normal -0.7071067811865475 0.7071067811865475 0
    outer loop
      vertex -26.844151714648273 -20.48891227138514 5
      vertex -26.844151714648273 -20.48891227138514 20
      vertex -26.51108772861486 -20.155848285351727 20
    endloop
  endfacet
  facet normal -0.629320391049841 0.7771459614569679 0
    outer loop
      vertex -26.51108772861486 -20.155848285351727 5
      vertex -26.51108772861486 -20.155848285351727 20
      vertex -26.14503363531613 -19.859423525312735 20
    endloop
  endfacet
  facet normal -0.5446390350150259 0.8386705679454249 0
    outer loop
      vertex -26.14503363531613 -19.859423525312735 5
      vertex -26.14503363531613 -19.859423525312735 20
      vertex -25.75 -19.602885682970026 20
    endloop
  endfacet
  facet normal -0.4539904997395476 0.8910065241883675 0
    outer loop
      vertex -25.75 -19.602885682970026 5
      vertex -25.75 -19.602885682970026 20
      vertex -25.330314893841102 -19.389045440608296 20
    endloop
  endfacet
  facet normal -0.35836794954530105 0.9335804264972015 0
    outer loop
      vertex -25.330314893841102 -19.389045440608296 5
      vertex -25.330314893841102 -19.389045440608296 20
      vertex -24.890576474687265 -19.22024567667181 20
    endloop
  endfacet
  facet normal -0.2588190451025205 0.9659258262890683 0
    outer loop
      vertex -24.890576474687265 -19.22024567667181 5
      vertex -24.890576474687265 -19.22024567667181 20
      vertex -24.43560260867992 -19.098335796697874 20
    endloop
  endfacet
  facet normal -0.1564344650402302 0.9876883405951378 0
    outer loop
      vertex -24.43560260867992 -19.098335796697874 5
      vertex -24.43560260867992 -19.098335796697874 20
      vertex -23.97037808470444 -19.02465147084277 20
    endloop
  endfacet
  facet normal -0.052335956242943266 0.9986295347545739 0
    outer loop
      vertex -23.97037808470444 -19.02465147084277 5
      vertex -23.97037808470444 -19.02465147084277 20
      vertex -23.5 -19 20
    endloop
  endfacet
  facet normal 0.052335956242943266 0.9986295347545739 0
    outer loop
      vertex -23.5 -19 5
      vertex -23.5 -19 20
      vertex -23.02962191529556 -19.02465147084277 20
    endloop
  endfacet
  facet normal 0.4539904997395476 0.8910065241883675 0
    outer loop
      vertex -21.669685106158898 -19.389045440608296 5
      vertex -21.669685106158898 -19.389045440608296 20
      vertex -21.25 -19.602885682970026 20
    endloop
  endfacet
  facet normal 0.1564344650402302 0.9876883405951378 0
    outer loop
      vertex -23.02962191529556 -19.02465147084277 5
      vertex -23.02962191529556 -19.02465147084277 20
      vertex -22.56439739132008 -19.098335796697874 20
    endloop
  endfacet
  facet normal 0.2588190451025205 0.9659258262890683 0
    outer loop
      vertex -22.56439739132008 -19.098335796697874 5
      vertex -22.56439739132008 -19.098335796697874 20
      vertex -22.109423525312735 -19.22024567667181 20
    endloop
  endfacet
  facet normal 0.35836794954530105 0.9335804264972015 0
    outer loop
      vertex -22.109423525312735 -19.22024567667181 5
      vertex -22.109423525312735 -19.22024567667181 20
      vertex -21.669685106158898 -19.389045440608296 20
    endloop
  endfacet
  facet normal 0.5446390350150259 -0.8386705679454249 0
    outer loop
      vertex -20.85496636468387 -27.140576474687265 5
      vertex -20.85496636468387 -27.140576474687265 20
      vertex -21.25 -27.397114317029974 20
    endloop
  endfacet
  facet normal 0.629320391049841 -0.7771459614569679 0
    outer loop
      vertex -20.48891227138514 -26.844151714648273 5
      vertex -20.48891227138514 -26.844151714648273 20
      vertex -20.85496636468387 -27.140576474687265 20
    endloop
  endfacet
  facet normal 0.7071067811865475 -0.7071067811865475 0
    outer loop
      vertex -20.155848285351727 -26.51108772861486 5
      vertex -20.155848285351727 -26.51108772861486 20
      vertex -20.48891227138514 -26.844151714648273 20
    endloop
  endfacet
  facet normal 0.7771459614569679 -0.629320391049841 0
    outer loop
      vertex -19.859423525312735 -26.14503363531613 5
      vertex -19.859423525312735 -26.14503363531613 20
      vertex -20.155848285351727 -26.51108772861486 20
    endloop
  endfacet
  facet normal 0.8386705679454249 -0.5446390350150259 0
    outer loop
      vertex -19.602885682970026 -25.75 5
      vertex -19.602885682970026 -25.75 20
      vertex -19.859423525312735 -26.14503363531613 20
    endloop
  endfacet
  facet normal 0.8910065241883675 -0.4539904997395476 0
    outer loop
      vertex -19.389045440608296 -25.330314893841102 5
      vertex -19.389045440608296 -25.330314893841102 20
      vertex -19.602885682970026 -25.75 20
    endloop
  endfacet
  facet normal 0.9335804264972015 -0.35836794954530105 0
    outer loop
      vertex -19.22024567667181 -24.890576474687265 5
      vertex -19.22024567667181 -24.890576474687265 20
      vertex -19.389045440608296 -25.330314893841102 20
    endloop
  endfacet
  facet normal 0.8910065241883675 0.4539904997395476 0
    outer loop
      vertex -19.602885682970026 -21.25 5
      vertex -19.602885682970026 -21.25 20
      vertex -19.389045440608296 -21.669685106158898 20
    endloop
  endfacet
  facet normal 0.9659258262890683 -0.2588190451025205 0
    outer loop
      vertex -19.098335796697874 -24.43560260867992 5
      vertex -19.098335796697874 -24.43560260867992 20
      vertex -19.22024567667181 -24.890576474687265 20
    endloop
  endfacet
  facet normal 0.9876883405951378 -0.1564344650402302 0
    outer loop
      vertex -19.02465147084277 -23.97037808470444 5
      vertex -19.02465147084277 -23.97037808470444 20
      vertex -19.098335796697874 -24.43560260867992 20
    endloop
  endfacet
  facet normal 0.9986295347545739 -0.052335956242943266 0
    outer loop
      vertex -19 -23.5 5
      vertex -19 -23.5 20
      vertex -19.02465147084277 -23.97037808470444 20
    endloop
  endfacet
  facet normal 0.9986295347545739 0.052335956242943266 0
    outer loop
      vertex -19.02465147084277 -23.02962191529556 5
      vertex -19.02465147084277 -23.02962191529556 20
      vertex -19 -23.5 20
    endloop
  endfacet
  facet normal 0.9876883405951378 0.1564344650402302 0
    outer loop
      vertex -19.098335796697874 -22.56439739132008 5
      vertex -19.098335796697874 -22.56439739132008 20
      vertex -19.02465147084277 -23.02962191529556 20
    endloop
  endfacet
  facet normal 0.9659258262890683 0.2588190451025205 0
    outer loop
      vertex -19.22024567667181 -22.109423525312735 5
      vertex -19.22024567667181 -22.109423525312735 20
      vertex -19.098335796697874 -22.56439739132008 20
    endloop
  endfacet
  facet normal 0.9335804264972015 0.35836794954530105 0
    outer loop
      vertex -19.389045440608296 -21.669685106158898 5
      vertex -19.389045440608296 -21.669685106158898 20
      vertex -19.22024567667181 -22.109423525312735 20
    endloop
  endfacet
  facet normal 0 0 1
    outer loop
      vertex -21.25 -27.397114317029974 20
      vertex -20.85496636468387 -27.140576474687265 20
      vertex -21.25 -19.602885682970026 20
    endloop
  endfacet
  facet normal 0 0 1
    outer loop
      vertex -20.85496636468387 -27.140576474687265 20
      vertex -20.48891227138514 -26.844151714648273 20
      vertex -20.85496636468387 -19.859423525312735 20
    endloop
  endfacet
  facet normal 0 0 1
    outer loop
      vertex -20.48891227138514 -26.844151714648273 20
      vertex -20.155848285351727 -26.51108772861486 20
      vertex -20.48891227138514 -20.155848285351727 20
    endloop
  endfacet
  facet normal 0 0 1
    outer loop
      vertex -20.155848285351727 -26.51108772861486 20
      vertex -19.859423525312735 -26.14503363531613 20
      vertex -20.155848285351727 -20.48891227138514 20
    endloop
  endfacet
  facet normal 0 0 1
    outer loop
      vertex -19.859423525312735 -26.14503363531613 20
      vertex -19.602885682970026 -25.75 20
      vertex -19.859423525312735 -20.85496636468387 20
    endloop
  endfacet
  facet normal 0 0 1
    outer loop
      vertex -19.602885682970026 -25.75 20
      vertex -19.389045440608296 -25.330314893841102 20
      vertex -19.602885682970026 -21.25 20
    endloop
  endfacet
  facet normal 0 0 1
    outer loop
      vertex -21.25 -19.602885682970026 20
      vertex -20.85496636468387 -27.140576474687265 20
      vertex -20.85496636468387 -19.859423525312735 20
    endloop
  endfacet
  facet normal 0 0 1
    outer loop
      vertex -20.48891227138514 -26.844151714648273 20
      vertex -20.48891227138514 -20.155848285351727 20
      vertex -20.85496636468387 -19.859423525312735 20
    endloop
  endfacet
  facet normal 0 0 1
    outer loop
      vertex -20.155848285351727 -26.51108772861486 20
      vertex -20.155848285351727 -20.48891227138514 20
      vertex -20.48891227138514 -20.155848285351727 20
    endloop
  endfacet
  facet normal 0 0 1
    outer loop
      vertex -19.859423525312735 -26.14503363531613 20
      vertex -19.859423525312735 -20.85496636468387 20
      vertex -20.155848285351727 -20.48891227138514 20
    endloop
  endfacet
  facet normal 0 0 1
    outer loop
      vertex -19.602885682970026 -25.75 20
      vertex -19.602885682970026 -21.25 20
      vertex -19.859423525312735 -20.85496636468387 20
    endloop
  endfacet
  facet normal 0 0 1
    outer loop
      vertex -19.389045440608296 -25.330314893841102 20
      vertex -19.389045440608296 -21.669685106158898 20
      vertex -19.602885682970026 -21.25 20
    endloop
  endfacet
  facet normal 0 0 1
    outer loop
      vertex -19.389045440608296 -25.330314893841102 20
      vertex -19.22024567667181 -24.890576474687265 20
      vertex -19.389045440608296 -21.669685106158898 20
    endloop
  endfacet
  facet normal 0 0 1
    outer loop
      vertex -19.22024567667181 -24.890576474687265 20
      vertex -19.098335796697874 -24.43560260867992 20
      vertex -19.22024567667181 -22.109423525312735 20
    endloop
  endfacet
  facet normal 0 0 1
    outer loop
      vertex -19.098335796697874 -24.43560260867992 20
      vertex -19.02465147084277 -23.97037808470444 20
      vertex -19.098335796697874 -22.56439739132008 20
    endloop
  endfacet
  facet normal 0 0 1
    outer loop
      vertex -19.02465147084277 -23.97037808470444 20
      vertex -19 -23.5 20
      vertex -19.02465147084277 -23.02962191529556 20
    endloop
  endfacet
  facet normal 0 0 1
    outer loop
      vertex -19.02465147084277 -23.97037808470444 20
      vertex -19.02465147084277 -23.02962191529556 20
      vertex -19.098335796697874 -22.56439739132008 20
    endloop
  endfacet
  facet normal 0 0 1
    outer loop
      vertex -19.098335796697874 -24.43560260867992 20
      vertex -19.098335796697874 -22.56439739132008 20
      vertex -19.22024567667181 -22.109423525312735 20
    endloop
  endfacet
  facet normal 0 0 1
    outer loop
      vertex -19.22024567667181 -24.890576474687265 20
      vertex -19.22024567667181 -22.109423525312735 20
      vertex -19.389045440608296 -21.669685106158898 20
    endloop
  endfacet
  facet normal 0.5446390350150259 0.8386705679454249 0
    outer loop
      vertex -21.25 -19.602885682970026 5
      vertex -21.25 -19.602885682970026 20
      vertex -20.85496636468387 -19.859423525312735 20
    endloop
  endfacet
  facet normal 0.629320391049841 0.7771459614569679 0
    outer loop
      vertex -20.85496636468387 -19.859423525312735 5
      vertex -20.85496636468387 -19.859423525312735 20
      vertex -20.48891227138514 -20.155848285351727 20
    endloop
  endfacet
  facet normal 0.7071067811865475 0.7071067811865475 0
    outer loop
      vertex -20.48891227138514 -20.155848285351727 5
      vertex -20.48891227138514 -20.155848285351727 20
      vertex -20.155848285351727 -20.48891227138514 20
    endloop
  endfacet
  facet normal 0.7771459614569679 0.629320391049841 0
    outer loop
      vertex -20.155848285351727 -20.48891227138514 5
      vertex -20.155848285351727 -20.48891227138514 20
      vertex -19.859423525312735 -20.85496636468387 20
    endloop
  endfacet
  facet normal 0.8386705679454249 0.5446390350150259 0
    outer loop
      vertex -19.859423525312735 -20.85496636468387 5
      vertex -19.859423525312735 -20.85496636468387 20
      vertex -19.602885682970026 -21.25 20
    endloop
  endfacet
  facet normal 0 0 -1
    outer loop
      vertex 20.48891227138514 20.155848285351727 0
      vertex 21.916666666675 20.757586221363713 0
      vertex 20.85496636468387 19.859423525312735 0
    endloop
  endfacet
  facet normal 0 0 -1
    outer loop
      vertex 20.155848285351727 20.48891227138514 0
      vertex 21.916666666675 20.757586221363713 0
      vertex 20.48891227138514 20.155848285351727 0
    endloop
  endfacet
  facet normal 0 0 -1
    outer loop
      vertex 19.098335796697874 22.56439739132008 0
      vertex 19.02465147084277 23.02962191529556 0
      vertex 19.098335796697874 24.43560260867992 0
    endloop
  endfacet
  facet normal 0 0 -1
    outer loop
      vertex 19.22024567667181 22.109423525312735 0
      vertex 19.098335796697874 22.56439739132008 0
      vertex 19.22024567667181 24.890576474687265 0
    endloop
  endfacet
  facet normal 0 0 -1
    outer loop
      vertex 19.389045440608296 21.669685106158898 0
      vertex 19.22024567667181 22.109423525312735 0
      vertex 19.389045440608296 25.330314893841102 0
    endloop
  endfacet
  facet normal 0 0 -1
    outer loop
      vertex 19.02465147084277 23.02962191529556 0
      vertex 19 23.5 0
      vertex 19.02465147084277 23.97037808470444 0
    endloop
  endfacet
  facet normal 0 0 -1
    outer loop
      vertex 19.02465147084277 23.02962191529556 0
      vertex 19.02465147084277 23.97037808470444 0
      vertex 19.098335796697874 24.43560260867992 0
    endloop
  endfacet
  facet normal 0 0 -1
    outer loop
      vertex 19.098335796697874 22.56439739132008 0
      vertex 19.098335796697874 24.43560260867992 0
      vertex 19.22024567667181 24.890576474687265 0
    endloop
  endfacet
  facet normal 0 0 -1
    outer loop
      vertex 19.22024567667181 22.109423525312735 0
      vertex 19.22024567667181 24.890576474687265 0
      vertex 19.389045440608296 25.330314893841102 0
    endloop
  endfacet
  facet normal 0 0 -1
    outer loop
      vertex 19.389045440608296 21.669685106158898 0
      vertex 19.602885682970026 25.75 0
      vertex 19.602885682970026 21.25 0
    endloop
  endfacet
  facet normal 0 0 -1
    outer loop
      vertex 19.859423525312735 20.85496636468387 0
      vertex 19.602885682970026 21.25 0
      vertex 19.859423525312735 26.14503363531613 0
    endloop
  endfacet
  facet normal 0 0 -1
    outer loop
      vertex 19.859423525312735 20.85496636468387 0
      vertex 20.155848285351727 26.51108772861486 0
      vertex 20.155848285351727 20.48891227138514 0
    endloop
  endfacet
  facet normal 0 0 -1
    outer loop
      vertex 20.155848285351727 20.48891227138514 0
      vertex 20.33333333335 23.5 0
      vertex 21.916666666675 20.757586221363713 0
    endloop
  endfacet
  facet normal 0 0 -1
    outer loop
      vertex 19.389045440608296 21.669685106158898 0
      vertex 19.389045440608296 25.330314893841102 0
      vertex 19.602885682970026 25.75 0
    endloop
  endfacet
  facet normal 0 0 -1
    outer loop
      vertex 19.602885682970026 21.25 0
      vertex 19.602885682970026 25.75 0
      vertex 19.859423525312735 26.14503363531613 0
    endloop
  endfacet
  facet normal 0 0 -1
    outer loop
      vertex 19.859423525312735 20.85496636468387 0
      vertex 19.859423525312735 26.14503363531613 0
      vertex 20.155848285351727 26.51108772861486 0
    endloop
  endfacet
  facet normal 0 0 -1
    outer loop
      vertex 20.155848285351727 20.48891227138514 0
      vertex 20.155848285351727 26.51108772861486 0
      vertex 20.48891227138514 26.844151714648273 0
    endloop
  endfacet
  facet normal 0 0 -1
    outer loop
      vertex 20.155848285351727 20.48891227138514 0
      vertex 20.48891227138514 26.844151714648273 0
      vertex 20.33333333335 23.5 0
    endloop
  endfacet
  facet normal 0 0 -1
    outer loop
      vertex 20.48891227138514 26.844151714648273 0
      vertex 20.85496636468387 27.140576474687265 0
      vertex 20.33333333335 23.5 0
    endloop
  endfacet
  facet normal 0 0 -1
    outer loop
      vertex 20.85496636468387 27.140576474687265 0
      vertex 21.25 27.397114317029974 0
      vertex 20.33333333335 23.5 0
    endloop
  endfacet
  facet normal 0 0 -1
    outer loop
      vertex 21.25 27.397114317029974 0
      vertex 21.669685106158898 27.610954559391704 0
      vertex 20.33333333335 23.5 0
    endloop
  endfacet
  facet normal 0 0 -1
    outer loop
      vertex 20.85496636468387 19.859423525312735 0
      vertex 21.916666666675 20.757586221363713 0
      vertex 21.25 19.602885682970026 0
    endloop
  endfacet
  facet normal 0 0 -1
    outer loop
      vertex 21.669685106158898 19.389045440608296 0
      vertex 21.25 19.602885682970026 0
      vertex 21.916666666675 20.757586221363713 0
    endloop
  endfacet
  facet normal 0 0 -1
    outer loop
      vertex 21.669685106158898 19.389045440608296 0
      vertex 21.916666666675 20.757586221363713 0
      vertex 25.083333333325 20.757586221363713 0
    endloop
  endfacet
  facet normal 0 0 -1
    outer loop
      vertex 21.669685106158898 19.389045440608296 0
      vertex 25.083333333325 20.757586221363713 0
      vertex 22.109423525312735 19.22024567667181 0
    endloop
  endfacet
  facet normal 0 0 -1
    outer loop
      vertex 22.109423525312735 19.22024567667181 0
      vertex 25.083333333325 20.757586221363713 0
      vertex 22.56439739132008 19.098335796697874 0
    endloop
  endfacet
  facet normal 0 0 -1
    outer loop
      vertex 22.56439739132008 19.098335796697874 0
      vertex 25.083333333325 20.757586221363713 0
      vertex 23.02962191529556 19.02465147084277 0
    endloop
  endfacet
  facet normal 0 0 -1
    outer loop
      vertex 23.02962191529556 19.02465147084277 0
      vertex 25.083333333325 20.757586221363713 0
      vertex 23.5 19 0
    endloop
  endfacet
  facet normal 0 0 -1
    outer loop
      vertex 23.5 19 0
      vertex 25.083333333325 20.757586221363713 0
      vertex 23.97037808470444 19.02465147084277 0
    endloop
  endfacet
  facet normal 0 0 -1
    outer loop
      vertex 23.97037808470444 19.02465147084277 0
      vertex 25.083333333325 20.757586221363713 0
      vertex 24.43560260867992 19.098335796697874 0
    endloop
  endfacet
  facet normal 0 0 -1
    outer loop
      vertex 24.43560260867992 19.098335796697874 0
      vertex 25.083333333325 20.757586221363713 0
      vertex 24.890576474687265 19.22024567667181 0
    endloop
  endfacet
  facet normal 0 0 -1
    outer loop
      vertex 24.890576474687265 19.22024567667181 0
      vertex 25.083333333325 20.757586221363713 0
      vertex 25.330314893841102 19.389045440608296 0
    endloop
  endfacet
  facet normal 0 0 -1
    outer loop
      vertex 25.330314893841102 19.389045440608296 0
      vertex 26.66666666665 23.5 0
      vertex 25.75 19.602885682970026 0
    endloop
  endfacet
  facet normal 0 0 -1
    outer loop
      vertex 25.75 19.602885682970026 0
      vertex 26.66666666665 23.5 0
      vertex 26.14503363531613 19.859423525312735 0
    endloop
  endfacet
  facet normal 0 0 -1
    outer loop
      vertex 26.14503363531613 19.859423525312735 0
      vertex 26.66666666665 23.5 0
      vertex 26.51108772861486 20.155848285351727 0
    endloop
  endfacet
  facet normal 0 0 -1
    outer loop
      vertex 21.669685106158898 27.610954559391704 0
      vertex 21.916666666675 26.242413778636287 0
      vertex 20.33333333335 23.5 0
    endloop
  endfacet
  facet normal 0 0 -1
    outer loop
      vertex 21.669685106158898 27.610954559391704 0
      vertex 22.109423525312735 27.77975432332819 0
      vertex 21.916666666675 26.242413778636287 0
    endloop
  endfacet
  facet normal 0 0 -1
    outer loop
      vertex 22.109423525312735 27.77975432332819 0
      vertex 22.56439739132008 27.901664203302126 0
      vertex 21.916666666675 26.242413778636287 0
    endloop
  endfacet
  facet normal 0 0 -1
    outer loop
      vertex 22.56439739132008 27.901664203302126 0
      vertex 23.02962191529556 27.97534852915723 0
      vertex 21.916666666675 26.242413778636287 0
    endloop
  endfacet
  facet normal 0 0 -1
    outer loop
      vertex 23.02962191529556 27.97534852915723 0
      vertex 23.5 28 0
      vertex 21.916666666675 26.242413778636287 0
    endloop
  endfacet
  facet normal 0 0 -1
    outer loop
      vertex 24.43560260867992 27.901664203302126 0
      vertex 24.890576474687265 27.77975432332819 0
      vertex 21.916666666675 26.242413778636287 0
    endloop
  endfacet
  facet normal 0 0 -1
    outer loop
      vertex 23.5 28 0
      vertex 23.97037808470444 27.97534852915723 0
      vertex 21.916666666675 26.242413778636287 0
    endloop
  endfacet
  facet normal 0 0 -1
    outer loop
      vertex 23.97037808470444 27.97534852915723 0
      vertex 24.43560260867992 27.901664203302126 0
      vertex 21.916666666675 26.242413778636287 0
    endloop
  endfacet
  facet normal 0 0 -1
    outer loop
      vertex 25.330314893841102 27.610954559391704 0
      vertex 25.083333333325 26.242413778636287 0
      vertex 21.916666666675 26.242413778636287 0
    endloop
  endfacet
  facet normal 0 0 -1
    outer loop
      vertex 24.890576474687265 27.77975432332819 0
      vertex 25.330314893841102 27.610954559391704 0
      vertex 21.916666666675 26.242413778636287 0
    endloop
  endfacet
  facet normal 0 0 -1
    outer loop
      vertex 25.330314893841102 19.389045440608296 0
      vertex 25.083333333325 20.757586221363713 0
      vertex 26.66666666665 23.5 0
    endloop
  endfacet
  facet normal 0 0 -1
    outer loop
      vertex 26.51108772861486 20.155848285351727 0
      vertex 26.844151714648273 26.51108772861486 0
      vertex 26.844151714648273 20.48891227138514 0
    endloop
  endfacet
  facet normal 0 0 -1
    outer loop
      vertex 26.844151714648273 20.48891227138514 0
      vertex 27.140576474687265 26.14503363531613 0
      vertex 27.140576474687265 20.85496636468387 0
    endloop
  endfacet
  facet normal 0 0 -1
    outer loop
      vertex 27.140576474687265 20.85496636468387 0
      vertex 27.397114317029974 25.75 0
      vertex 27.397114317029974 21.25 0
    endloop
  endfacet
  facet normal 0 0 -1
    outer loop
      vertex 27.397114317029974 21.25 0
      vertex 27.610954559391704 25.330314893841102 0
      vertex 27.610954559391704 21.669685106158898 0
    endloop
  endfacet
  facet normal 0 0 -1
    outer loop
      vertex 27.610954559391704 21.669685106158898 0
      vertex 27.77975432332819 24.890576474687265 0
      vertex 27.77975432332819 22.109423525312735 0
    endloop
  endfacet
  facet normal 0 0 -1
    outer loop
      vertex 26.51108772861486 20.155848285351727 0
      vertex 26.66666666665 23.5 0
      vertex 26.844151714648273 26.51108772861486 0
    endloop
  endfacet
  facet normal 0 0 -1
    outer loop
      vertex 27.140576474687265 20.85496636468387 0
      vertex 27.140576474687265 26.14503363531613 0
      vertex 27.397114317029974 25.75 0
    endloop
  endfacet
  facet normal 0 0 -1
    outer loop
      vertex 26.844151714648273 20.48891227138514 0
      vertex 26.844151714648273 26.51108772861486 0
      vertex 27.140576474687265 26.14503363531613 0
    endloop
  endfacet
  facet normal 0 0 -1
    outer loop
      vertex 27.77975432332819 22.109423525312735 0
      vertex 27.901664203302126 24.43560260867992 0
      vertex 27.901664203302126 22.56439739132008 0
    endloop
  endfacet
  facet normal 0 0 -1
    outer loop
      vertex 27.901664203302126 22.56439739132008 0
      vertex 27.97534852915723 23.97037808470444 0
      vertex 27.97534852915723 23.02962191529556 0
    endloop
  endfacet
  facet normal 0 0 -1
    outer loop
      vertex 27.97534852915723 23.02962191529556 0
      vertex 27.97534852915723 23.97037808470444 0
      vertex 28 23.5 0
    endloop
  endfacet
  facet normal 0 0 -1
    outer loop
      vertex 27.77975432332819 22.109423525312735 0
      vertex 27.77975432332819 24.890576474687265 0
      vertex 27.901664203302126 24.43560260867992 0
    endloop
  endfacet
  facet normal 0 0 -1
    outer loop
      vertex 27.901664203302126 22.56439739132008 0
      vertex 27.901664203302126 24.43560260867992 0
      vertex 27.97534852915723 23.97037808470444 0
    endloop
  endfacet
  facet normal 0 0 -1
    outer loop
      vertex 27.397114317029974 21.25 0
      vertex 27.397114317029974 25.75 0
      vertex 27.610954559391704 25.330314893841102 0
    endloop
  endfacet
  facet normal 0 0 -1
    outer loop
      vertex 27.610954559391704 21.669685106158898 0
      vertex 27.610954559391704 25.330314893841102 0
      vertex 27.77975432332819 24.890576474687265 0
    endloop
  endfacet
  facet normal 0 0 -1
    outer loop
      vertex 26.844151714648273 26.51108772861486 0
      vertex 26.66666666665 23.5 0
      vertex 25.083333333325 26.242413778636287 0
    endloop
  endfacet
  facet normal 0 0 -1
    outer loop
      vertex 25.330314893841102 27.610954559391704 0
      vertex 25.75 27.397114317029974 0
      vertex 25.083333333325 26.242413778636287 0
    endloop
  endfacet
  facet normal 0 0 -1
    outer loop
      vertex 26.14503363531613 27.140576474687265 0
      vertex 26.51108772861486 26.844151714648273 0
      vertex 25.083333333325 26.242413778636287 0
    endloop
  endfacet
  facet normal 0 0 -1
    outer loop
      vertex 26.14503363531613 27.140576474687265 0
      vertex 25.083333333325 26.242413778636287 0
      vertex 25.75 27.397114317029974 0
    endloop
  endfacet
  facet normal 0 0 -1
    outer loop
      vertex 26.51108772861486 26.844151714648273 0
      vertex 26.844151714648273 26.51108772861486 0
      vertex 25.083333333325 26.242413778636287 0
    endloop
  endfacet
  facet normal -0.8386705679454249 -0.5446390350150259 0
    outer loop
      vertex 19.859423525312735 20.85496636468387 5
      vertex 19.602885682970026 21.25 20
      vertex 19.602885682970026 21.25 5
    endloop
  endfacet
  facet normal -0.7771459614569679 -0.629320391049841 0
    outer loop
      vertex 19.859423525312735 20.85496636468387 5
      vertex 20.155848285351727 20.48891227138514 5
      vertex 19.859423525312735 20.85496636468387 20
    endloop
  endfacet
  facet normal -0.7071067811865475 -0.7071067811865475 0
    outer loop
      vertex 20.155848285351727 20.48891227138514 5
      vertex 20.48891227138514 20.155848285351727 5
      vertex 20.155848285351727 20.48891227138514 20
    endloop
  endfacet
  facet normal -0.629320391049841 -0.7771459614569679 0
    outer loop
      vertex 20.48891227138514 20.155848285351727 5
      vertex 20.85496636468387 19.859423525312735 5
      vertex 20.48891227138514 20.155848285351727 20
    endloop
  endfacet
  facet normal -0.5446390350150259 -0.8386705679454249 0
    outer loop
      vertex 20.85496636468387 19.859423525312735 5
      vertex 21.25 19.602885682970026 5
      vertex 20.85496636468387 19.859423525312735 20
    endloop
  endfacet
  facet normal -0.9335804264972015 -0.35836794954530105 0
    outer loop
      vertex 19.389045440608296 21.669685106158898 5
      vertex 19.22024567667181 22.109423525312735 20
      vertex 19.22024567667181 22.109423525312735 5
    endloop
  endfacet
  facet normal -0.9659258262890683 -0.2588190451025205 0
    outer loop
      vertex 19.22024567667181 22.109423525312735 5
      vertex 19.098335796697874 22.56439739132008 20
      vertex 19.098335796697874 22.56439739132008 5
    endloop
  endfacet
  facet normal -0.9876883405951378 -0.1564344650402302 0
    outer loop
      vertex 19.098335796697874 22.56439739132008 5
      vertex 19.02465147084277 23.02962191529556 20
      vertex 19.02465147084277 23.02962191529556 5
    endloop
  endfacet
  facet normal -0.9986295347545739 -0.052335956242943266 0
    outer loop
      vertex 19.02465147084277 23.02962191529556 5
      vertex 19 23.5 20
      vertex 19 23.5 5
    endloop
  endfacet
  facet normal -0.9986295347545739 0.052335956242943266 0
    outer loop
      vertex 19 23.5 5
      vertex 19.02465147084277 23.97037808470444 20
      vertex 19.02465147084277 23.97037808470444 5
    endloop
  endfacet
  facet normal -0.9876883405951378 0.1564344650402302 0
    outer loop
      vertex 19.02465147084277 23.97037808470444 5
      vertex 19.098335796697874 24.43560260867992 20
      vertex 19.098335796697874 24.43560260867992 5
    endloop
  endfacet
  facet normal -0.8910065241883675 -0.4539904997395476 0
    outer loop
      vertex 19.389045440608296 21.669685106158898 5
      vertex 19.602885682970026 21.25 5
      vertex 19.389045440608296 21.669685106158898 20
    endloop
  endfacet
  facet normal -0.9659258262890683 0.2588190451025205 0
    outer loop
      vertex 19.098335796697874 24.43560260867992 5
      vertex 19.22024567667181 24.890576474687265 20
      vertex 19.22024567667181 24.890576474687265 5
    endloop
  endfacet
  facet normal -0.9335804264972015 0.35836794954530105 0
    outer loop
      vertex 19.22024567667181 24.890576474687265 5
      vertex 19.389045440608296 25.330314893841102 20
      vertex 19.389045440608296 25.330314893841102 5
    endloop
  endfacet
  facet normal -0.8910065241883675 0.4539904997395476 0
    outer loop
      vertex 19.389045440608296 25.330314893841102 5
      vertex 19.602885682970026 25.75 20
      vertex 19.602885682970026 25.75 5
    endloop
  endfacet
  facet normal -0.8386705679454249 0.5446390350150259 0
    outer loop
      vertex 19.602885682970026 25.75 5
      vertex 19.859423525312735 26.14503363531613 20
      vertex 19.859423525312735 26.14503363531613 5
    endloop
  endfacet
  facet normal -0.7771459614569679 0.629320391049841 0
    outer loop
      vertex 19.859423525312735 26.14503363531613 5
      vertex 20.155848285351727 26.51108772861486 20
      vertex 20.155848285351727 26.51108772861486 5
    endloop
  endfacet
  facet normal -0.7071067811865475 0.7071067811865475 0
    outer loop
      vertex 20.155848285351727 26.51108772861486 5
      vertex 20.48891227138514 26.844151714648273 20
      vertex 20.48891227138514 26.844151714648273 5
    endloop
  endfacet
  facet normal -0.629320391049841 0.7771459614569679 0
    outer loop
      vertex 20.48891227138514 26.844151714648273 5
      vertex 20.85496636468387 27.140576474687265 20
      vertex 20.85496636468387 27.140576474687265 5
    endloop
  endfacet
  facet normal -0.5446390350150259 0.8386705679454249 0
    outer loop
      vertex 20.85496636468387 27.140576474687265 5
      vertex 21.25 27.397114317029974 20
      vertex 21.25 27.397114317029974 5
    endloop
  endfacet
  facet normal -0.35836794954530105 -0.9335804264972015 0
    outer loop
      vertex 21.669685106158898 19.389045440608296 5
      vertex 22.109423525312735 19.22024567667181 5
      vertex 21.669685106158898 19.389045440608296 20
    endloop
  endfacet
  facet normal -0.2588190451025205 -0.9659258262890683 0
    outer loop
      vertex 22.109423525312735 19.22024567667181 5
      vertex 22.56439739132008 19.098335796697874 5
      vertex 22.109423525312735 19.22024567667181 20
    endloop
  endfacet
  facet normal -0.1564344650402302 -0.9876883405951378 0
    outer loop
      vertex 22.56439739132008 19.098335796697874 5
      vertex 23.02962191529556 19.02465147084277 5
      vertex 22.56439739132008 19.098335796697874 20
    endloop
  endfacet
  facet normal -0.4539904997395476 -0.8910065241883675 0
    outer loop
      vertex 21.669685106158898 19.389045440608296 5
      vertex 21.25 19.602885682970026 20
      vertex 21.25 19.602885682970026 5
    endloop
  endfacet
  facet normal -0.052335956242943266 -0.9986295347545739 0
    outer loop
      vertex 23.02962191529556 19.02465147084277 5
      vertex 23.5 19 5
      vertex 23.02962191529556 19.02465147084277 20
    endloop
  endfacet
  facet normal 0.052335956242943266 -0.9986295347545739 0
    outer loop
      vertex 23.5 19 5
      vertex 23.97037808470444 19.02465147084277 5
      vertex 23.5 19 20
    endloop
  endfacet
  facet normal 0.1564344650402302 -0.9876883405951378 0
    outer loop
      vertex 23.97037808470444 19.02465147084277 5
      vertex 24.43560260867992 19.098335796697874 5
      vertex 23.97037808470444 19.02465147084277 20
    endloop
  endfacet
  facet normal 0.2588190451025205 -0.9659258262890683 0
    outer loop
      vertex 24.43560260867992 19.098335796697874 5
      vertex 24.890576474687265 19.22024567667181 5
      vertex 24.43560260867992 19.098335796697874 20
    endloop
  endfacet
  facet normal 0.35836794954530105 -0.9335804264972015 0
    outer loop
      vertex 24.890576474687265 19.22024567667181 5
      vertex 25.330314893841102 19.389045440608296 5
      vertex 24.890576474687265 19.22024567667181 20
    endloop
  endfacet
  facet normal 0.4539904997395476 -0.8910065241883675 0
    outer loop
      vertex 25.330314893841102 19.389045440608296 5
      vertex 25.75 19.602885682970026 5
      vertex 25.330314893841102 19.389045440608296 20
    endloop
  endfacet
  facet normal 0.5446390350150259 -0.8386705679454249 0
    outer loop
      vertex 25.75 19.602885682970026 5
      vertex 26.14503363531613 19.859423525312735 5
      vertex 25.75 19.602885682970026 20
    endloop
  endfacet
  facet normal 0.629320391049841 -0.7771459614569679 0
    outer loop
      vertex 26.14503363531613 19.859423525312735 5
      vertex 26.51108772861486 20.155848285351727 5
      vertex 26.14503363531613 19.859423525312735 20
    endloop
  endfacet
  facet normal 0.7071067811865475 -0.7071067811865475 0
    outer loop
      vertex 26.51108772861486 20.155848285351727 5
      vertex 26.844151714648273 20.48891227138514 5
      vertex 26.51108772861486 20.155848285351727 20
    endloop
  endfacet
  facet normal 0.7771459614569679 -0.629320391049841 0
    outer loop
      vertex 26.844151714648273 20.48891227138514 5
      vertex 27.140576474687265 20.85496636468387 5
      vertex 26.844151714648273 20.48891227138514 20
    endloop
  endfacet
  facet normal 0.8386705679454249 -0.5446390350150259 0
    outer loop
      vertex 27.140576474687265 20.85496636468387 5
      vertex 27.397114317029974 21.25 5
      vertex 27.140576474687265 20.85496636468387 20
    endloop
  endfacet
  facet normal -0.4539904997395476 0.8910065241883675 0
    outer loop
      vertex 21.25 27.397114317029974 5
      vertex 21.669685106158898 27.610954559391704 20
      vertex 21.669685106158898 27.610954559391704 5
    endloop
  endfacet
  facet normal -0.35836794954530105 0.9335804264972015 0
    outer loop
      vertex 21.669685106158898 27.610954559391704 5
      vertex 22.109423525312735 27.77975432332819 20
      vertex 22.109423525312735 27.77975432332819 5
    endloop
  endfacet
  facet normal -0.2588190451025205 0.9659258262890683 0
    outer loop
      vertex 22.109423525312735 27.77975432332819 5
      vertex 22.56439739132008 27.901664203302126 20
      vertex 22.56439739132008 27.901664203302126 5
    endloop
  endfacet
  facet normal -0.1564344650402302 0.9876883405951378 0
    outer loop
      vertex 22.56439739132008 27.901664203302126 5
      vertex 23.02962191529556 27.97534852915723 20
      vertex 23.02962191529556 27.97534852915723 5
    endloop
  endfacet
  facet normal -0.052335956242943266 0.9986295347545739 0
    outer loop
      vertex 23.02962191529556 27.97534852915723 5
      vertex 23.5 28 20
      vertex 23.5 28 5
    endloop
  endfacet
  facet normal 0.052335956242943266 0.9986295347545739 0
    outer loop
      vertex 23.5 28 5
      vertex 23.97037808470444 27.97534852915723 20
      vertex 23.97037808470444 27.97534852915723 5
    endloop
  endfacet
  facet normal 0.1564344650402302 0.9876883405951378 0
    outer loop
      vertex 23.97037808470444 27.97534852915723 5
      vertex 24.43560260867992 27.901664203302126 20
      vertex 24.43560260867992 27.901664203302126 5
    endloop
  endfacet
  facet normal 0.8910065241883675 -0.4539904997395476 0
    outer loop
      vertex 27.397114317029974 21.25 5
      vertex 27.610954559391704 21.669685106158898 5
      vertex 27.397114317029974 21.25 20
    endloop
  endfacet
  facet normal 0.9335804264972015 -0.35836794954530105 0
    outer loop
      vertex 27.610954559391704 21.669685106158898 5
      vertex 27.77975432332819 22.109423525312735 5
      vertex 27.610954559391704 21.669685106158898 20
    endloop
  endfacet
  facet normal 0.9659258262890683 -0.2588190451025205 0
    outer loop
      vertex 27.77975432332819 22.109423525312735 5
      vertex 27.901664203302126 22.56439739132008 5
      vertex 27.77975432332819 22.109423525312735 20
    endloop
  endfacet
  facet normal 0.9876883405951378 -0.1564344650402302 0
    outer loop
      vertex 27.901664203302126 22.56439739132008 5
      vertex 27.97534852915723 23.02962191529556 5
      vertex 27.901664203302126 22.56439739132008 20
    endloop
  endfacet
  facet normal 0.9986295347545739 -0.052335956242943266 0
    outer loop
      vertex 27.97534852915723 23.02962191529556 5
      vertex 28 23.5 5
      vertex 27.97534852915723 23.02962191529556 20
    endloop
  endfacet
  facet normal 0.9986295347545739 0.052335956242943266 0
    outer loop
      vertex 28 23.5 5
      vertex 27.97534852915723 23.97037808470444 5
      vertex 28 23.5 20
    endloop
  endfacet
  facet normal 0.9876883405951378 0.1564344650402302 0
    outer loop
      vertex 27.97534852915723 23.97037808470444 5
      vertex 27.901664203302126 24.43560260867992 5
      vertex 27.97534852915723 23.97037808470444 20
    endloop
  endfacet
  facet normal 0.9659258262890683 0.2588190451025205 0
    outer loop
      vertex 27.901664203302126 24.43560260867992 5
      vertex 27.77975432332819 24.890576474687265 5
      vertex 27.901664203302126 24.43560260867992 20
    endloop
  endfacet
  facet normal 0.2588190451025205 0.9659258262890683 0
    outer loop
      vertex 24.43560260867992 27.901664203302126 5
      vertex 24.890576474687265 27.77975432332819 20
      vertex 24.890576474687265 27.77975432332819 5
    endloop
  endfacet
  facet normal 0.35836794954530105 0.9335804264972015 0
    outer loop
      vertex 24.890576474687265 27.77975432332819 5
      vertex 25.330314893841102 27.610954559391704 20
      vertex 25.330314893841102 27.610954559391704 5
    endloop
  endfacet
  facet normal 0.5446390350150259 0.8386705679454249 0
    outer loop
      vertex 26.14503363531613 27.140576474687265 5
      vertex 25.75 27.397114317029974 5
      vertex 26.14503363531613 27.140576474687265 20
    endloop
  endfacet
  facet normal 0.629320391049841 0.7771459614569679 0
    outer loop
      vertex 26.14503363531613 27.140576474687265 5
      vertex 26.51108772861486 26.844151714648273 20
      vertex 26.51108772861486 26.844151714648273 5
    endloop
  endfacet
  facet normal 0.4539904997395476 0.8910065241883675 0
    outer loop
      vertex 25.330314893841102 27.610954559391704 5
      vertex 25.75 27.397114317029974 20
      vertex 25.75 27.397114317029974 5
    endloop
  endfacet
  facet normal 0.8386705679454249 0.5446390350150259 0
    outer loop
      vertex 27.140576474687265 26.14503363531613 5
      vertex 27.397114317029974 25.75 20
      vertex 27.397114317029974 25.75 5
    endloop
  endfacet
  facet normal 0.7771459614569679 0.629320391049841 0
    outer loop
      vertex 27.140576474687265 26.14503363531613 5
      vertex 26.844151714648273 26.51108772861486 5
      vertex 27.140576474687265 26.14503363531613 20
    endloop
  endfacet
  facet normal 0.9335804264972015 0.35836794954530105 0
    outer loop
      vertex 27.77975432332819 24.890576474687265 5
      vertex 27.610954559391704 25.330314893841102 5
      vertex 27.77975432332819 24.890576474687265 20
    endloop
  endfacet
  facet normal 0.8910065241883675 0.4539904997395476 0
    outer loop
      vertex 27.610954559391704 25.330314893841102 5
      vertex 27.397114317029974 25.75 5
      vertex 27.610954559391704 25.330314893841102 20
    endloop
  endfacet
  facet normal 0.7071067811865475 0.7071067811865475 0
    outer loop
      vertex 26.51108772861486 26.844151714648273 5
      vertex 26.844151714648273 26.51108772861486 20
      vertex 26.844151714648273 26.51108772861486 5
    endloop
  endfacet
  facet normal -0.8386705679454249 -0.5446390350150259 0
    outer loop
      vertex 19.859423525312735 20.85496636468387 5
      vertex 19.859423525312735 20.85496636468387 20
      vertex 19.602885682970026 21.25 20
    endloop
  endfacet
  facet normal -0.7771459614569679 -0.629320391049841 0
    outer loop
      vertex 20.155848285351727 20.48891227138514 5
      vertex 20.155848285351727 20.48891227138514 20
      vertex 19.859423525312735 20.85496636468387 20
    endloop
  endfacet
  facet normal -0.7071067811865475 -0.7071067811865475 0
    outer loop
      vertex 20.48891227138514 20.155848285351727 5
      vertex 20.48891227138514 20.155848285351727 20
      vertex 20.155848285351727 20.48891227138514 20
    endloop
  endfacet
  facet normal -0.629320391049841 -0.7771459614569679 0
    outer loop
      vertex 20.85496636468387 19.859423525312735 5
      vertex 20.85496636468387 19.859423525312735 20
      vertex 20.48891227138514 20.155848285351727 20
    endloop
  endfacet
  facet normal -0.5446390350150259 -0.8386705679454249 0
    outer loop
      vertex 21.25 19.602885682970026 5
      vertex 21.25 19.602885682970026 20
      vertex 20.85496636468387 19.859423525312735 20
    endloop
  endfacet
  facet normal -0.9335804264972015 -0.35836794954530105 0
    outer loop
      vertex 19.389045440608296 21.669685106158898 5
      vertex 19.389045440608296 21.669685106158898 20
      vertex 19.22024567667181 22.109423525312735 20
    endloop
  endfacet
  facet normal -0.9659258262890683 -0.2588190451025205 0
    outer loop
      vertex 19.22024567667181 22.109423525312735 5
      vertex 19.22024567667181 22.109423525312735 20
      vertex 19.098335796697874 22.56439739132008 20
    endloop
  endfacet
  facet normal -0.9876883405951378 -0.1564344650402302 0
    outer loop
      vertex 19.098335796697874 22.56439739132008 5
      vertex 19.098335796697874 22.56439739132008 20
      vertex 19.02465147084277 23.02962191529556 20
    endloop
  endfacet
  facet normal -0.9986295347545739 -0.052335956242943266 0
    outer loop
      vertex 19.02465147084277 23.02962191529556 5
      vertex 19.02465147084277 23.02962191529556 20
      vertex 19 23.5 20
    endloop
  endfacet
  facet normal -0.9986295347545739 0.052335956242943266 0
    outer loop
      vertex 19 23.5 5
      vertex 19 23.5 20
      vertex 19.02465147084277 23.97037808470444 20
    endloop
  endfacet
  facet normal -0.9876883405951378 0.1564344650402302 0
    outer loop
      vertex 19.02465147084277 23.97037808470444 5
      vertex 19.02465147084277 23.97037808470444 20
      vertex 19.098335796697874 24.43560260867992 20
    endloop
  endfacet
  facet normal -0.9659258262890683 0.2588190451025205 0
    outer loop
      vertex 19.098335796697874 24.43560260867992 5
      vertex 19.098335796697874 24.43560260867992 20
      vertex 19.22024567667181 24.890576474687265 20
    endloop
  endfacet
  facet normal -0.8910065241883675 -0.4539904997395476 0
    outer loop
      vertex 19.602885682970026 21.25 5
      vertex 19.602885682970026 21.25 20
      vertex 19.389045440608296 21.669685106158898 20
    endloop
  endfacet
  facet normal -0.9335804264972015 0.35836794954530105 0
    outer loop
      vertex 19.22024567667181 24.890576474687265 5
      vertex 19.22024567667181 24.890576474687265 20
      vertex 19.389045440608296 25.330314893841102 20
    endloop
  endfacet
  facet normal -0.8910065241883675 0.4539904997395476 0
    outer loop
      vertex 19.389045440608296 25.330314893841102 5
      vertex 19.389045440608296 25.330314893841102 20
      vertex 19.602885682970026 25.75 20
    endloop
  endfacet
  facet normal -0.8386705679454249 0.5446390350150259 0
    outer loop
      vertex 19.602885682970026 25.75 5
      vertex 19.602885682970026 25.75 20
      vertex 19.859423525312735 26.14503363531613 20
    endloop
  endfacet
  facet normal -0.7771459614569679 0.629320391049841 0
    outer loop
      vertex 19.859423525312735 26.14503363531613 5
      vertex 19.859423525312735 26.14503363531613 20
      vertex 20.155848285351727 26.51108772861486 20
    endloop
  endfacet
  facet normal -0.7071067811865475 0.7071067811865475 0
    outer loop
      vertex 20.155848285351727 26.51108772861486 5
      vertex 20.155848285351727 26.51108772861486 20
      vertex 20.48891227138514 26.844151714648273 20
    endloop
  endfacet
  facet normal -0.629320391049841 0.7771459614569679 0
    outer loop
      vertex 20.48891227138514 26.844151714648273 5
      vertex 20.48891227138514 26.844151714648273 20
      vertex 20.85496636468387 27.140576474687265 20
    endloop
  endfacet
  facet normal -0.5446390350150259 0.8386705679454249 0
    outer loop
      vertex 20.85496636468387 27.140576474687265 5
      vertex 20.85496636468387 27.140576474687265 20
      vertex 21.25 27.397114317029974 20
    endloop
  endfacet
  facet normal 0 0 1
    outer loop
      vertex 19.389045440608296 21.669685106158898 20
      vertex 19.22024567667181 24.890576474687265 20
      vertex 19.22024567667181 22.109423525312735 20
    endloop
  endfacet
  facet normal 0 0 1
    outer loop
      vertex 19.22024567667181 22.109423525312735 20
      vertex 19.098335796697874 24.43560260867992 20
      vertex 19.098335796697874 22.56439739132008 20
    endloop
  endfacet
  facet normal 0 0 1
    outer loop
      vertex 19.098335796697874 22.56439739132008 20
      vertex 19.02465147084277 23.97037808470444 20
      vertex 19.02465147084277 23.02962191529556 20
    endloop
  endfacet
  facet normal 0 0 1
    outer loop
      vertex 19.02465147084277 23.02962191529556 20
      vertex 19.02465147084277 23.97037808470444 20
      vertex 19 23.5 20
    endloop
  endfacet
  facet normal 0 0 1
    outer loop
      vertex 19.098335796697874 22.56439739132008 20
      vertex 19.098335796697874 24.43560260867992 20
      vertex 19.02465147084277 23.97037808470444 20
    endloop
  endfacet
  facet normal 0 0 1
    outer loop
      vertex 19.22024567667181 22.109423525312735 20
      vertex 19.22024567667181 24.890576474687265 20
      vertex 19.098335796697874 24.43560260867992 20
    endloop
  endfacet
  facet normal 0 0 1
    outer loop
      vertex 19.389045440608296 21.669685106158898 20
      vertex 19.389045440608296 25.330314893841102 20
      vertex 19.22024567667181 24.890576474687265 20
    endloop
  endfacet
  facet normal 0 0 1
    outer loop
      vertex 19.389045440608296 21.669685106158898 20
      vertex 19.602885682970026 21.25 20
      vertex 19.389045440608296 25.330314893841102 20
    endloop
  endfacet
  facet normal 0 0 1
    outer loop
      vertex 19.859423525312735 20.85496636468387 20
      vertex 19.602885682970026 25.75 20
      vertex 19.602885682970026 21.25 20
    endloop
  endfacet
  facet normal 0 0 1
    outer loop
      vertex 19.859423525312735 20.85496636468387 20
      vertex 20.155848285351727 20.48891227138514 20
      vertex 19.859423525312735 26.14503363531613 20
    endloop
  endfacet
  facet normal 0 0 1
    outer loop
      vertex 20.155848285351727 20.48891227138514 20
      vertex 20.48891227138514 20.155848285351727 20
      vertex 20.155848285351727 26.51108772861486 20
    endloop
  endfacet
  facet normal 0 0 1
    outer loop
      vertex 20.48891227138514 20.155848285351727 20
      vertex 20.85496636468387 19.859423525312735 20
      vertex 20.48891227138514 26.844151714648273 20
    endloop
  endfacet
  facet normal 0 0 1
    outer loop
      vertex 20.85496636468387 19.859423525312735 20
      vertex 21.25 19.602885682970026 20
      vertex 20.85496636468387 27.140576474687265 20
    endloop
  endfacet
  facet normal 0 0 1
    outer loop
      vertex 19.602885682970026 21.25 20
      vertex 19.602885682970026 25.75 20
      vertex 19.389045440608296 25.330314893841102 20
    endloop
  endfacet
  facet normal 0 0 1
    outer loop
      vertex 19.859423525312735 20.85496636468387 20
      vertex 19.859423525312735 26.14503363531613 20
      vertex 19.602885682970026 25.75 20
    endloop
  endfacet
  facet normal 0 0 1
    outer loop
      vertex 20.155848285351727 20.48891227138514 20
      vertex 20.155848285351727 26.51108772861486 20
      vertex 19.859423525312735 26.14503363531613 20
    endloop
  endfacet
  facet normal 0 0 1
    outer loop
      vertex 20.48891227138514 20.155848285351727 20
      vertex 20.48891227138514 26.844151714648273 20
      vertex 20.155848285351727 26.51108772861486 20
    endloop
  endfacet
  facet normal 0 0 1
    outer loop
      vertex 20.85496636468387 19.859423525312735 20
      vertex 20.85496636468387 27.140576474687265 20
      vertex 20.48891227138514 26.844151714648273 20
    endloop
  endfacet
  facet normal 0 0 1
    outer loop
      vertex 20.85496636468387 27.140576474687265 20
      vertex 21.25 19.602885682970026 20
      vertex 21.25 27.397114317029974 20
    endloop
  endfacet
  facet normal -0.35836794954530105 -0.9335804264972015 0
    outer loop
      vertex 22.109423525312735 19.22024567667181 5
      vertex 22.109423525312735 19.22024567667181 20
      vertex 21.669685106158898 19.389045440608296 20
    endloop
  endfacet
  facet normal -0.2588190451025205 -0.9659258262890683 0
    outer loop
      vertex 22.56439739132008 19.098335796697874 5
      vertex 22.56439739132008 19.098335796697874 20
      vertex 22.109423525312735 19.22024567667181 20
    endloop
  endfacet
  facet normal -0.1564344650402302 -0.9876883405951378 0
    outer loop
      vertex 23.02962191529556 19.02465147084277 5
      vertex 23.02962191529556 19.02465147084277 20
      vertex 22.56439739132008 19.098335796697874 20
    endloop
  endfacet
  facet normal -0.4539904997395476 -0.8910065241883675 0
    outer loop
      vertex 21.669685106158898 19.389045440608296 5
      vertex 21.669685106158898 19.389045440608296 20
      vertex 21.25 19.602885682970026 20
    endloop
  endfacet
  facet normal -0.052335956242943266 -0.9986295347545739 0
    outer loop
      vertex 23.5 19 5
      vertex 23.5 19 20
      vertex 23.02962191529556 19.02465147084277 20
    endloop
  endfacet
  facet normal 0.052335956242943266 -0.9986295347545739 0
    outer loop
      vertex 23.97037808470444 19.02465147084277 5
      vertex 23.97037808470444 19.02465147084277 20
      vertex 23.5 19 20
    endloop
  endfacet
  facet normal 0.1564344650402302 -0.9876883405951378 0
    outer loop
      vertex 24.43560260867992 19.098335796697874 5
      vertex 24.43560260867992 19.098335796697874 20
      vertex 23.97037808470444 19.02465147084277 20
    endloop
  endfacet
  facet normal 0.2588190451025205 -0.9659258262890683 0
    outer loop
      vertex 24.890576474687265 19.22024567667181 5
      vertex 24.890576474687265 19.22024567667181 20
      vertex 24.43560260867992 19.098335796697874 20
    endloop
  endfacet
  facet normal 0.35836794954530105 -0.9335804264972015 0
    outer loop
      vertex 25.330314893841102 19.389045440608296 5
      vertex 25.330314893841102 19.389045440608296 20
      vertex 24.890576474687265 19.22024567667181 20
    endloop
  endfacet
  facet normal 0.4539904997395476 -0.8910065241883675 0
    outer loop
      vertex 25.75 19.602885682970026 5
      vertex 25.75 19.602885682970026 20
      vertex 25.330314893841102 19.389045440608296 20
    endloop
  endfacet
  facet normal 0.5446390350150259 -0.8386705679454249 0
    outer loop
      vertex 26.14503363531613 19.859423525312735 5
      vertex 26.14503363531613 19.859423525312735 20
      vertex 25.75 19.602885682970026 20
    endloop
  endfacet
  facet normal 0.629320391049841 -0.7771459614569679 0
    outer loop
      vertex 26.51108772861486 20.155848285351727 5
      vertex 26.51108772861486 20.155848285351727 20
      vertex 26.14503363531613 19.859423525312735 20
    endloop
  endfacet
  facet normal 0.7071067811865475 -0.7071067811865475 0
    outer loop
      vertex 26.844151714648273 20.48891227138514 5
      vertex 26.844151714648273 20.48891227138514 20
      vertex 26.51108772861486 20.155848285351727 20
    endloop
  endfacet
  facet normal 0.7771459614569679 -0.629320391049841 0
    outer loop
      vertex 27.140576474687265 20.85496636468387 5
      vertex 27.140576474687265 20.85496636468387 20
      vertex 26.844151714648273 20.48891227138514 20
    endloop
  endfacet
  facet normal 0.8386705679454249 -0.5446390350150259 0
    outer loop
      vertex 27.397114317029974 21.25 5
      vertex 27.397114317029974 21.25 20
      vertex 27.140576474687265 20.85496636468387 20
    endloop
  endfacet
  facet normal -0.4539904997395476 0.8910065241883675 0
    outer loop
      vertex 21.25 27.397114317029974 5
      vertex 21.25 27.397114317029974 20
      vertex 21.669685106158898 27.610954559391704 20
    endloop
  endfacet
  facet normal -0.35836794954530105 0.9335804264972015 0
    outer loop
      vertex 21.669685106158898 27.610954559391704 5
      vertex 21.669685106158898 27.610954559391704 20
      vertex 22.109423525312735 27.77975432332819 20
    endloop
  endfacet
  facet normal -0.2588190451025205 0.9659258262890683 0
    outer loop
      vertex 22.109423525312735 27.77975432332819 5
      vertex 22.109423525312735 27.77975432332819 20
      vertex 22.56439739132008 27.901664203302126 20
    endloop
  endfacet
  facet normal -0.1564344650402302 0.9876883405951378 0
    outer loop
      vertex 22.56439739132008 27.901664203302126 5
      vertex 22.56439739132008 27.901664203302126 20
      vertex 23.02962191529556 27.97534852915723 20
    endloop
  endfacet
  facet normal -0.052335956242943266 0.9986295347545739 0
    outer loop
      vertex 23.02962191529556 27.97534852915723 5
      vertex 23.02962191529556 27.97534852915723 20
      vertex 23.5 28 20
    endloop
  endfacet
  facet normal 0.052335956242943266 0.9986295347545739 0
    outer loop
      vertex 23.5 28 5
      vertex 23.5 28 20
      vertex 23.97037808470444 27.97534852915723 20
    endloop
  endfacet
  facet normal 0.1564344650402302 0.9876883405951378 0
    outer loop
      vertex 23.97037808470444 27.97534852915723 5
      vertex 23.97037808470444 27.97534852915723 20
      vertex 24.43560260867992 27.901664203302126 20
    endloop
  endfacet
  facet normal 0.2588190451025205 0.9659258262890683 0
    outer loop
      vertex 24.43560260867992 27.901664203302126 5
      vertex 24.43560260867992 27.901664203302126 20
      vertex 24.890576474687265 27.77975432332819 20
    endloop
  endfacet
  facet normal 0.8910065241883675 -0.4539904997395476 0
    outer loop
      vertex 27.610954559391704 21.669685106158898 5
      vertex 27.610954559391704 21.669685106158898 20
      vertex 27.397114317029974 21.25 20
    endloop
  endfacet
  facet normal 0.9335804264972015 -0.35836794954530105 0
    outer loop
      vertex 27.77975432332819 22.109423525312735 5
      vertex 27.77975432332819 22.109423525312735 20
      vertex 27.610954559391704 21.669685106158898 20
    endloop
  endfacet
  facet normal 0.9659258262890683 -0.2588190451025205 0
    outer loop
      vertex 27.901664203302126 22.56439739132008 5
      vertex 27.901664203302126 22.56439739132008 20
      vertex 27.77975432332819 22.109423525312735 20
    endloop
  endfacet
  facet normal 0.9876883405951378 -0.1564344650402302 0
    outer loop
      vertex 27.97534852915723 23.02962191529556 5
      vertex 27.97534852915723 23.02962191529556 20
      vertex 27.901664203302126 22.56439739132008 20
    endloop
  endfacet
  facet normal 0.9986295347545739 -0.052335956242943266 0
    outer loop
      vertex 28 23.5 5
      vertex 28 23.5 20
      vertex 27.97534852915723 23.02962191529556 20
    endloop
  endfacet
  facet normal 0.9986295347545739 0.052335956242943266 0
    outer loop
      vertex 27.97534852915723 23.97037808470444 5
      vertex 27.97534852915723 23.97037808470444 20
      vertex 28 23.5 20
    endloop
  endfacet
  facet normal 0.9876883405951378 0.1564344650402302 0
    outer loop
      vertex 27.901664203302126 24.43560260867992 5
      vertex 27.901664203302126 24.43560260867992 20
      vertex 27.97534852915723 23.97037808470444 20
    endloop
  endfacet
  facet normal 0.35836794954530105 0.9335804264972015 0
    outer loop
      vertex 24.890576474687265 27.77975432332819 5
      vertex 24.890576474687265 27.77975432332819 20
      vertex 25.330314893841102 27.610954559391704 20
    endloop
  endfacet
  facet normal 0.4539904997395476 0.8910065241883675 0
    outer loop
      vertex 25.330314893841102 27.610954559391704 5
      vertex 25.330314893841102 27.610954559391704 20
      vertex 25.75 27.397114317029974 20
    endloop
  endfacet
  facet normal 0.5446390350150259 0.8386705679454249 0
    outer loop
      vertex 25.75 27.397114317029974 5
      vertex 25.75 27.397114317029974 20
      vertex 26.14503363531613 27.140576474687265 20
    endloop
  endfacet
  facet normal 0.629320391049841 0.7771459614569679 0
    outer loop
      vertex 26.14503363531613 27.140576474687265 5
      vertex 26.14503363531613 27.140576474687265 20
      vertex 26.51108772861486 26.844151714648273 20
    endloop
  endfacet
  facet normal 0.8386705679454249 0.5446390350150259 0
    outer loop
      vertex 27.140576474687265 26.14503363531613 5
      vertex 27.140576474687265 26.14503363531613 20
      vertex 27.397114317029974 25.75 20
    endloop
  endfacet
  facet normal 0.7771459614569679 0.629320391049841 0
    outer loop
      vertex 26.844151714648273 26.51108772861486 5
      vertex 26.844151714648273 26.51108772861486 20
      vertex 27.140576474687265 26.14503363531613 20
    endloop
  endfacet
  facet normal 0.9335804264972015 0.35836794954530105 0
    outer loop
      vertex 27.610954559391704 25.330314893841102 5
      vertex 27.610954559391704 25.330314893841102 20
      vertex 27.77975432332819 24.890576474687265 20
    endloop
  endfacet
  facet normal 0.9659258262890683 0.2588190451025205 0
    outer loop
      vertex 27.77975432332819 24.890576474687265 5
      vertex 27.77975432332819 24.890576474687265 20
      vertex 27.901664203302126 24.43560260867992 20
    endloop
  endfacet
  facet normal 0.8910065241883675 0.4539904997395476 0
    outer loop
      vertex 27.397114317029974 25.75 5
      vertex 27.397114317029974 25.75 20
      vertex 27.610954559391704 25.330314893841102 20
    endloop
  endfacet
  facet normal 0.7071067811865475 0.7071067811865475 0
    outer loop
      vertex 26.51108772861486 26.844151714648273 5
      vertex 26.51108772861486 26.844151714648273 20
      vertex 26.844151714648273 26.51108772861486 20
    endloop
  endfacet
  facet normal 0 0 1
    outer loop
      vertex 21.669685106158898 19.389045440608296 20
      vertex 21.25 27.397114317029974 20
      vertex 21.25 19.602885682970026 20
    endloop
  endfacet
  facet normal 0 0 1
    outer loop
      vertex 21.669685106158898 19.389045440608296 20
      vertex 22.109423525312735 19.22024567667181 20
      vertex 21.669685106158898 27.610954559391704 20
    endloop
  endfacet
  facet normal 0 0 1
    outer loop
      vertex 22.109423525312735 19.22024567667181 20
      vertex 22.56439739132008 19.098335796697874 20
      vertex 22.109423525312735 27.77975432332819 20
    endloop
  endfacet
  facet normal 0 0 1
    outer loop
      vertex 22.56439739132008 19.098335796697874 20
      vertex 23.02962191529556 19.02465147084277 20
      vertex 22.56439739132008 27.901664203302126 20
    endloop
  endfacet
  facet normal 0 0 1
    outer loop
      vertex 23.02962191529556 19.02465147084277 20
      vertex 23.5 19 20
      vertex 23.02962191529556 27.97534852915723 20
    endloop
  endfacet
  facet normal 0 0 1
    outer loop
      vertex 23.5 19 20
      vertex 23.97037808470444 19.02465147084277 20
      vertex 23.5 28 20
    endloop
  endfacet
  facet normal 0 0 1
    outer loop
      vertex 23.97037808470444 19.02465147084277 20
      vertex 24.43560260867992 19.098335796697874 20
      vertex 23.97037808470444 27.97534852915723 20
    endloop
  endfacet
  facet normal 0 0 1
    outer loop
      vertex 24.43560260867992 19.098335796697874 20
      vertex 24.890576474687265 19.22024567667181 20
      vertex 24.43560260867992 27.901664203302126 20
    endloop
  endfacet
  facet normal 0 0 1
    outer loop
      vertex 21.669685106158898 19.389045440608296 20
      vertex 21.669685106158898 27.610954559391704 20
      vertex 21.25 27.397114317029974 20
    endloop
  endfacet
  facet normal 0 0 1
    outer loop
      vertex 22.109423525312735 19.22024567667181 20
      vertex 22.109423525312735 27.77975432332819 20
      vertex 21.669685106158898 27.610954559391704 20
    endloop
  endfacet
  facet normal 0 0 1
    outer loop
      vertex 22.56439739132008 19.098335796697874 20
      vertex 22.56439739132008 27.901664203302126 20
      vertex 22.109423525312735 27.77975432332819 20
    endloop
  endfacet
  facet normal 0 0 1
    outer loop
      vertex 23.02962191529556 19.02465147084277 20
      vertex 23.02962191529556 27.97534852915723 20
      vertex 22.56439739132008 27.901664203302126 20
    endloop
  endfacet
  facet normal 0 0 1
    outer loop
      vertex 23.5 19 20
      vertex 23.5 28 20
      vertex 23.02962191529556 27.97534852915723 20
    endloop
  endfacet
  facet normal 0 0 1
    outer loop
      vertex 23.97037808470444 19.02465147084277 20
      vertex 23.97037808470444 27.97534852915723 20
      vertex 23.5 28 20
    endloop
  endfacet
  facet normal 0 0 1
    outer loop
      vertex 24.43560260867992 19.098335796697874 20
      vertex 24.43560260867992 27.901664203302126 20
      vertex 23.97037808470444 27.97534852915723 20
    endloop
  endfacet
  facet normal 0 0 1
    outer loop
      vertex 24.890576474687265 19.22024567667181 20
      vertex 25.330314893841102 19.389045440608296 20
      vertex 24.890576474687265 27.77975432332819 20
    endloop
  endfacet
  facet normal 0 0 1
    outer loop
      vertex 25.330314893841102 19.389045440608296 20
      vertex 25.75 19.602885682970026 20
      vertex 25.330314893841102 27.610954559391704 20
    endloop
  endfacet
  facet normal 0 0 1
    outer loop
      vertex 25.75 19.602885682970026 20
      vertex 26.14503363531613 19.859423525312735 20
      vertex 25.75 27.397114317029974 20
    endloop
  endfacet
  facet normal 0 0 1
    outer loop
      vertex 26.14503363531613 19.859423525312735 20
      vertex 26.51108772861486 20.155848285351727 20
      vertex 26.14503363531613 27.140576474687265 20
    endloop
  endfacet
  facet normal 0 0 1
    outer loop
      vertex 26.51108772861486 20.155848285351727 20
      vertex 26.51108772861486 26.844151714648273 20
      vertex 26.14503363531613 27.140576474687265 20
    endloop
  endfacet
  facet normal 0 0 1
    outer loop
      vertex 26.51108772861486 20.155848285351727 20
      vertex 26.844151714648273 20.48891227138514 20
      vertex 26.51108772861486 26.844151714648273 20
    endloop
  endfacet
  facet normal 0 0 1
    outer loop
      vertex 26.844151714648273 20.48891227138514 20
      vertex 27.140576474687265 20.85496636468387 20
      vertex 26.844151714648273 26.51108772861486 20
    endloop
  endfacet
  facet normal 0 0 1
    outer loop
      vertex 27.140576474687265 20.85496636468387 20
      vertex 27.397114317029974 21.25 20
      vertex 27.140576474687265 26.14503363531613 20
    endloop
  endfacet
  facet normal 0 0 1
    outer loop
      vertex 27.397114317029974 21.25 20
      vertex 27.610954559391704 21.669685106158898 20
      vertex 27.397114317029974 25.75 20
    endloop
  endfacet
  facet normal 0 0 1
    outer loop
      vertex 26.844151714648273 20.48891227138514 20
      vertex 26.844151714648273 26.51108772861486 20
      vertex 26.51108772861486 26.844151714648273 20
    endloop
  endfacet
  facet normal 0 0 1
    outer loop
      vertex 27.140576474687265 20.85496636468387 20
      vertex 27.140576474687265 26.14503363531613 20
      vertex 26.844151714648273 26.51108772861486 20
    endloop
  endfacet
  facet normal 0 0 1
    outer loop
      vertex 27.397114317029974 21.25 20
      vertex 27.397114317029974 25.75 20
      vertex 27.140576474687265 26.14503363531613 20
    endloop
  endfacet
  facet normal 0 0 1
    outer loop
      vertex 27.610954559391704 21.669685106158898 20
      vertex 27.77975432332819 22.109423525312735 20
      vertex 27.610954559391704 25.330314893841102 20
    endloop
  endfacet
  facet normal 0 0 1
    outer loop
      vertex 27.77975432332819 22.109423525312735 20
      vertex 27.901664203302126 22.56439739132008 20
      vertex 27.77975432332819 24.890576474687265 20
    endloop
  endfacet
  facet normal 0 0 1
    outer loop
      vertex 27.901664203302126 22.56439739132008 20
      vertex 27.97534852915723 23.02962191529556 20
      vertex 27.901664203302126 24.43560260867992 20
    endloop
  endfacet
  facet normal 0 0 1
    outer loop
      vertex 27.97534852915723 23.02962191529556 20
      vertex 28 23.5 20
      vertex 27.97534852915723 23.97037808470444 20
    endloop
  endfacet
  facet normal 0 0 1
    outer loop
      vertex 27.97534852915723 23.02962191529556 20
      vertex 27.97534852915723 23.97037808470444 20
      vertex 27.901664203302126 24.43560260867992 20
    endloop
  endfacet
  facet normal 0 0 1
    outer loop
      vertex 27.610954559391704 21.669685106158898 20
      vertex 27.610954559391704 25.330314893841102 20
      vertex 27.397114317029974 25.75 20
    endloop
  endfacet
  facet normal 0 0 1
    outer loop
      vertex 27.77975432332819 22.109423525312735 20
      vertex 27.77975432332819 24.890576474687265 20
      vertex 27.610954559391704 25.330314893841102 20
    endloop
  endfacet
  facet normal 0 0 1
    outer loop
      vertex 27.901664203302126 22.56439739132008 20
      vertex 27.901664203302126 24.43560260867992 20
      vertex 27.77975432332819 24.890576474687265 20
    endloop
  endfacet
  facet normal 0 0 1
    outer loop
      vertex 24.890576474687265 19.22024567667181 20
      vertex 24.890576474687265 27.77975432332819 20
      vertex 24.43560260867992 27.901664203302126 20
    endloop
  endfacet
  facet normal 0 0 1
    outer loop
      vertex 25.330314893841102 19.389045440608296 20
      vertex 25.330314893841102 27.610954559391704 20
      vertex 24.890576474687265 27.77975432332819 20
    endloop
  endfacet
  facet normal 0 0 1
    outer loop
      vertex 25.75 19.602885682970026 20
      vertex 25.75 27.397114317029974 20
      vertex 25.330314893841102 27.610954559391704 20
    endloop
  endfacet
  facet normal 0 0 1
    outer loop
      vertex 26.14503363531613 19.859423525312735 20
      vertex 26.14503363531613 27.140576474687265 20
      vertex 25.75 27.397114317029974 20
    endloop
  endfacet
  facet normal 0 1 0
    outer loop
      vertex -21.916666666675 20.757586221363713 3.5
      vertex -21.916666666675 20.757586221363713 0
      vertex -25.083333333325 20.757586221363713 0
    endloop
  endfacet
  facet normal 0 1 0
    outer loop
      vertex -25.083333333325 20.757586221363713 3.5
      vertex -21.916666666675 20.757586221363713 3.5
      vertex -25.083333333325 20.757586221363713 0
    endloop
  endfacet
  facet normal 0 0 -1
    outer loop
      vertex -25.083333333325 20.757586221363713 3.5
      vertex -23.136154541068922 21.78824169871584 3.5
      vertex -21.916666666675 20.757586221363713 3.5
    endloop
  endfacet
  facet normal 0.8660254037844388 0.4999999999999996 0
    outer loop
      vertex -26.66666666665 23.5 3.5
      vertex -25.083333333325 20.757586221363713 0
      vertex -26.66666666665 23.5 0
    endloop
  endfacet
  facet normal 0.8660254037844388 0.4999999999999996 0
    outer loop
      vertex -25.083333333325 20.757586221363713 3.5
      vertex -25.083333333325 20.757586221363713 0
      vertex -26.66666666665 23.5 3.5
    endloop
  endfacet
  facet normal 0.8660254037844388 -0.4999999999999996 0
    outer loop
      vertex -26.66666666665 23.5 3.5
      vertex -26.66666666665 23.5 0
      vertex -25.083333333325 26.242413778636287 3.5
    endloop
  endfacet
  facet normal 0.8660254037844388 -0.4999999999999996 0
    outer loop
      vertex -25.083333333325 26.242413778636287 3.5
      vertex -26.66666666665 23.5 0
      vertex -25.083333333325 26.242413778636287 0
    endloop
  endfacet
  facet normal -0.8660254037844388 0.4999999999999996 0
    outer loop
      vertex -21.916666666675 20.757586221363713 3.5
      vertex -20.33333333335 23.5 0
      vertex -21.916666666675 20.757586221363713 0
    endloop
  endfacet
  facet normal 0 -1 0
    outer loop
      vertex -25.083333333325 26.242413778636287 3.5
      vertex -25.083333333325 26.242413778636287 0
      vertex -21.916666666675 26.242413778636287 0
    endloop
  endfacet
  facet normal 0 -1 0
    outer loop
      vertex -25.083333333325 26.242413778636287 3.5
      vertex -21.916666666675 26.242413778636287 0
      vertex -21.916666666675 26.242413778636287 3.5
    endloop
  endfacet
  facet normal -0.8660254037844388 -0.4999999999999996 0
    outer loop
      vertex -21.916666666675 26.242413778636287 3.5
      vertex -21.916666666675 26.242413778636287 0
      vertex -20.33333333335 23.5 3.5
    endloop
  endfacet
  facet normal 0 0 -1
    outer loop
      vertex -25.083333333325 20.757586221363713 3.5
      vertex -25.015544456622766 22.625 3.5
      vertex -24.915779740156157 22.471375808488173 3.5
    endloop
  endfacet
  facet normal 0 0 -1
    outer loop
      vertex -25.083333333325 20.757586221363713 3.5
      vertex -24.80050344458544 22.329021438871997 3.5
      vertex -24.670978561128003 22.19949655541456 3.5
    endloop
  endfacet
  facet normal 0 0 -1
    outer loop
      vertex -25.083333333325 20.757586221363713 3.5
      vertex -24.670978561128003 22.19949655541456 3.5
      vertex -24.528624191511827 22.084220259843843 3.5
    endloop
  endfacet
  facet normal 0 0 -1
    outer loop
      vertex -25.083333333325 20.757586221363713 3.5
      vertex -24.915779740156157 22.471375808488173 3.5
      vertex -24.80050344458544 22.329021438871997 3.5
    endloop
  endfacet
  facet normal 0 0 -1
    outer loop
      vertex -25.083333333325 20.757586221363713 3.5
      vertex -26.66666666665 23.5 3.5
      vertex -25.015544456622766 22.625 3.5
    endloop
  endfacet
  facet normal 0 0 -1
    outer loop
      vertex -25.16434890351652 22.959220259843843 3.5
      vertex -25.09870455087455 22.78821087461735 3.5
      vertex -26.66666666665 23.5 3.5
    endloop
  endfacet
  facet normal 0 0 -1
    outer loop
      vertex -25.16434890351652 22.959220259843843 3.5
      vertex -26.66666666665 23.5 3.5
      vertex -25.21175830128416 23.136154541068922 3.5
    endloop
  endfacet
  facet normal 0 0 -1
    outer loop
      vertex -26.66666666665 23.5 3.5
      vertex -25.24041331689448 23.317075189281606 3.5
      vertex -25.21175830128416 23.136154541068922 3.5
    endloop
  endfacet
  facet normal 0 0 -1
    outer loop
      vertex -26.66666666665 23.5 3.5
      vertex -25.25 23.5 3.5
      vertex -25.24041331689448 23.317075189281606 3.5
    endloop
  endfacet
  facet normal 0 0 -1
    outer loop
      vertex -26.66666666665 23.5 3.5
      vertex -25.24041331689448 23.682924810718394 3.5
      vertex -25.25 23.5 3.5
    endloop
  endfacet
  facet normal 0 0 -1
    outer loop
      vertex -26.66666666665 23.5 3.5
      vertex -25.21175830128416 23.863845458931078 3.5
      vertex -25.24041331689448 23.682924810718394 3.5
    endloop
  endfacet
  facet normal 0 0 -1
    outer loop
      vertex -26.66666666665 23.5 3.5
      vertex -25.16434890351652 24.040779740156157 3.5
      vertex -25.21175830128416 23.863845458931078 3.5
    endloop
  endfacet
  facet normal 0 0 -1
    outer loop
      vertex -26.66666666665 23.5 3.5
      vertex -25.09870455087455 24.21178912538265 3.5
      vertex -25.16434890351652 24.040779740156157 3.5
    endloop
  endfacet
  facet normal 0 0 -1
    outer loop
      vertex -26.66666666665 23.5 3.5
      vertex -25.083333333325 26.242413778636287 3.5
      vertex -25.09870455087455 24.21178912538265 3.5
    endloop
  endfacet
  facet normal 0 0 -1
    outer loop
      vertex -25.015544456622766 22.625 3.5
      vertex -26.66666666665 23.5 3.5
      vertex -25.09870455087455 22.78821087461735 3.5
    endloop
  endfacet
  facet normal 0 0 -1
    outer loop
      vertex -25.09870455087455 24.21178912538265 3.5
      vertex -25.083333333325 26.242413778636287 3.5
      vertex -25.015544456622766 24.375 3.5
    endloop
  endfacet
  facet normal 0 0 -1
    outer loop
      vertex -25.015544456622766 24.375 3.5
      vertex -25.083333333325 26.242413778636287 3.5
      vertex -24.915779740156157 24.528624191511827 3.5
    endloop
  endfacet
  facet normal 0 0 -1
    outer loop
      vertex -25.083333333325 26.242413778636287 3.5
      vertex -24.80050344458544 24.670978561128003 3.5
      vertex -24.915779740156157 24.528624191511827 3.5
    endloop
  endfacet
  facet normal 0 0 -1
    outer loop
      vertex -25.083333333325 26.242413778636287 3.5
      vertex -24.670978561128003 24.80050344458544 3.5
      vertex -24.80050344458544 24.670978561128003 3.5
    endloop
  endfacet
  facet normal 0 0 -1
    outer loop
      vertex -25.083333333325 26.242413778636287 3.5
      vertex -24.528624191511827 24.915779740156157 3.5
      vertex -24.670978561128003 24.80050344458544 3.5
    endloop
  endfacet
  facet normal 0 0 -1
    outer loop
      vertex -25.083333333325 20.757586221363713 3.5
      vertex -24.528624191511827 22.084220259843843 3.5
      vertex -24.375 21.984455543377234 3.5
    endloop
  endfacet
  facet normal 0 0 -1
    outer loop
      vertex -25.083333333325 20.757586221363713 3.5
      vertex -24.375 21.984455543377234 3.5
      vertex -24.21178912538265 21.90129544912545 3.5
    endloop
  endfacet
  facet normal 0 0 -1
    outer loop
      vertex -25.083333333325 20.757586221363713 3.5
      vertex -24.21178912538265 21.90129544912545 3.5
      vertex -24.040779740156157 21.83565109648348 3.5
    endloop
  endfacet
  facet normal 0 0 -1
    outer loop
      vertex -25.083333333325 20.757586221363713 3.5
      vertex -24.040779740156157 21.83565109648348 3.5
      vertex -23.863845458931078 21.78824169871584 3.5
    endloop
  endfacet
  facet normal 0 0 -1
    outer loop
      vertex -25.083333333325 20.757586221363713 3.5
      vertex -23.863845458931078 21.78824169871584 3.5
      vertex -23.682924810718394 21.75958668310552 3.5
    endloop
  endfacet
  facet normal 0 0 -1
    outer loop
      vertex -25.083333333325 20.757586221363713 3.5
      vertex -23.682924810718394 21.75958668310552 3.5
      vertex -23.5 21.75 3.5
    endloop
  endfacet
  facet normal 0 0 -1
    outer loop
      vertex -25.083333333325 20.757586221363713 3.5
      vertex -23.5 21.75 3.5
      vertex -23.317075189281606 21.75958668310552 3.5
    endloop
  endfacet
  facet normal 0 0 -1
    outer loop
      vertex -25.083333333325 20.757586221363713 3.5
      vertex -23.317075189281606 21.75958668310552 3.5
      vertex -23.136154541068922 21.78824169871584 3.5
    endloop
  endfacet
  facet normal 0 0 -1
    outer loop
      vertex -21.916666666675 20.757586221363713 3.5
      vertex -23.136154541068922 21.78824169871584 3.5
      vertex -22.959220259843843 21.83565109648348 3.5
    endloop
  endfacet
  facet normal 0 0 -1
    outer loop
      vertex -21.916666666675 20.757586221363713 3.5
      vertex -22.959220259843843 21.83565109648348 3.5
      vertex -22.78821087461735 21.90129544912545 3.5
    endloop
  endfacet
  facet normal 0 0 -1
    outer loop
      vertex -21.916666666675 20.757586221363713 3.5
      vertex -22.78821087461735 21.90129544912545 3.5
      vertex -22.625 21.984455543377234 3.5
    endloop
  endfacet
  facet normal 0 0 -1
    outer loop
      vertex -21.916666666675 20.757586221363713 3.5
      vertex -22.625 21.984455543377234 3.5
      vertex -22.471375808488173 22.084220259843843 3.5
    endloop
  endfacet
  facet normal 0 0 -1
    outer loop
      vertex -21.916666666675 20.757586221363713 3.5
      vertex -22.471375808488173 22.084220259843843 3.5
      vertex -22.329021438871997 22.19949655541456 3.5
    endloop
  endfacet
  facet normal 0 0 -1
    outer loop
      vertex -21.916666666675 20.757586221363713 3.5
      vertex -22.329021438871997 22.19949655541456 3.5
      vertex -22.19949655541456 22.329021438871997 3.5
    endloop
  endfacet
  facet normal 0 0 -1
    outer loop
      vertex -21.916666666675 20.757586221363713 3.5
      vertex -22.19949655541456 22.329021438871997 3.5
      vertex -22.084220259843843 22.471375808488173 3.5
    endloop
  endfacet
  facet normal 0 0 -1
    outer loop
      vertex -21.916666666675 20.757586221363713 3.5
      vertex -22.084220259843843 22.471375808488173 3.5
      vertex -21.984455543377234 22.625 3.5
    endloop
  endfacet
  facet normal 0 0 -1
    outer loop
      vertex -21.916666666675 20.757586221363713 3.5
      vertex -21.984455543377234 22.625 3.5
      vertex -21.90129544912545 22.78821087461735 3.5
    endloop
  endfacet
  facet normal 0 0 -1
    outer loop
      vertex -21.916666666675 20.757586221363713 3.5
      vertex -21.90129544912545 22.78821087461735 3.5
      vertex -20.33333333335 23.5 3.5
    endloop
  endfacet
  facet normal 0 0 -1
    outer loop
      vertex -21.90129544912545 22.78821087461735 3.5
      vertex -21.83565109648348 22.959220259843843 3.5
      vertex -20.33333333335 23.5 3.5
    endloop
  endfacet
  facet normal 0 0 -1
    outer loop
      vertex -21.83565109648348 22.959220259843843 3.5
      vertex -21.78824169871584 23.136154541068922 3.5
      vertex -20.33333333335 23.5 3.5
    endloop
  endfacet
  facet normal 0 0 -1
    outer loop
      vertex -21.78824169871584 23.136154541068922 3.5
      vertex -21.75958668310552 23.317075189281606 3.5
      vertex -20.33333333335 23.5 3.5
    endloop
  endfacet
  facet normal 0 0 -1
    outer loop
      vertex -21.75958668310552 23.317075189281606 3.5
      vertex -21.75 23.5 3.5
      vertex -20.33333333335 23.5 3.5
    endloop
  endfacet
  facet normal 0 0 -1
    outer loop
      vertex -21.75 23.5 3.5
      vertex -21.75958668310552 23.682924810718394 3.5
      vertex -20.33333333335 23.5 3.5
    endloop
  endfacet
  facet normal 0 0 -1
    outer loop
      vertex -21.78824169871584 23.863845458931078 3.5
      vertex -21.83565109648348 24.040779740156157 3.5
      vertex -20.33333333335 23.5 3.5
    endloop
  endfacet
  facet normal 0 0 -1
    outer loop
      vertex -21.75958668310552 23.682924810718394 3.5
      vertex -21.78824169871584 23.863845458931078 3.5
      vertex -20.33333333335 23.5 3.5
    endloop
  endfacet
  facet normal 0 0 -1
    outer loop
      vertex -21.83565109648348 24.040779740156157 3.5
      vertex -21.90129544912545 24.21178912538265 3.5
      vertex -20.33333333335 23.5 3.5
    endloop
  endfacet
  facet normal 0 0 -1
    outer loop
      vertex -21.984455543377234 24.375 3.5
      vertex -20.33333333335 23.5 3.5
      vertex -21.90129544912545 24.21178912538265 3.5
    endloop
  endfacet
  facet normal 0 0 -1
    outer loop
      vertex -21.984455543377234 24.375 3.5
      vertex -21.916666666675 26.242413778636287 3.5
      vertex -20.33333333335 23.5 3.5
    endloop
  endfacet
  facet normal 0 0 -1
    outer loop
      vertex -25.083333333325 26.242413778636287 3.5
      vertex -24.375 25.015544456622766 3.5
      vertex -24.528624191511827 24.915779740156157 3.5
    endloop
  endfacet
  facet normal 0 0 -1
    outer loop
      vertex -25.083333333325 26.242413778636287 3.5
      vertex -24.21178912538265 25.09870455087455 3.5
      vertex -24.375 25.015544456622766 3.5
    endloop
  endfacet
  facet normal 0 0 -1
    outer loop
      vertex -25.083333333325 26.242413778636287 3.5
      vertex -24.040779740156157 25.16434890351652 3.5
      vertex -24.21178912538265 25.09870455087455 3.5
    endloop
  endfacet
  facet normal 0 0 -1
    outer loop
      vertex -25.083333333325 26.242413778636287 3.5
      vertex -23.863845458931078 25.21175830128416 3.5
      vertex -24.040779740156157 25.16434890351652 3.5
    endloop
  endfacet
  facet normal 0 0 -1
    outer loop
      vertex -23.863845458931078 25.21175830128416 3.5
      vertex -21.916666666675 26.242413778636287 3.5
      vertex -23.682924810718394 25.24041331689448 3.5
    endloop
  endfacet
  facet normal 0 0 -1
    outer loop
      vertex -23.682924810718394 25.24041331689448 3.5
      vertex -21.916666666675 26.242413778636287 3.5
      vertex -23.5 25.25 3.5
    endloop
  endfacet
  facet normal 0 0 -1
    outer loop
      vertex -25.083333333325 26.242413778636287 3.5
      vertex -21.916666666675 26.242413778636287 3.5
      vertex -23.863845458931078 25.21175830128416 3.5
    endloop
  endfacet
  facet normal 0 0 -1
    outer loop
      vertex -23.5 25.25 3.5
      vertex -21.916666666675 26.242413778636287 3.5
      vertex -23.317075189281606 25.24041331689448 3.5
    endloop
  endfacet
  facet normal 0 0 -1
    outer loop
      vertex -23.136154541068922 25.21175830128416 3.5
      vertex -23.317075189281606 25.24041331689448 3.5
      vertex -21.916666666675 26.242413778636287 3.5
    endloop
  endfacet
  facet normal 0 0 -1
    outer loop
      vertex -23.136154541068922 25.21175830128416 3.5
      vertex -21.916666666675 26.242413778636287 3.5
      vertex -22.959220259843843 25.16434890351652 3.5
    endloop
  endfacet
  facet normal 0 0 -1
    outer loop
      vertex -22.959220259843843 25.16434890351652 3.5
      vertex -21.916666666675 26.242413778636287 3.5
      vertex -22.78821087461735 25.09870455087455 3.5
    endloop
  endfacet
  facet normal 0 0 -1
    outer loop
      vertex -22.78821087461735 25.09870455087455 3.5
      vertex -21.916666666675 26.242413778636287 3.5
      vertex -22.625 25.015544456622766 3.5
    endloop
  endfacet
  facet normal 0 0 -1
    outer loop
      vertex -22.625 25.015544456622766 3.5
      vertex -21.916666666675 26.242413778636287 3.5
      vertex -22.471375808488173 24.915779740156157 3.5
    endloop
  endfacet
  facet normal 0 0 -1
    outer loop
      vertex -22.329021438871997 24.80050344458544 3.5
      vertex -22.471375808488173 24.915779740156157 3.5
      vertex -21.916666666675 26.242413778636287 3.5
    endloop
  endfacet
  facet normal 0 0 -1
    outer loop
      vertex -22.329021438871997 24.80050344458544 3.5
      vertex -21.916666666675 26.242413778636287 3.5
      vertex -22.19949655541456 24.670978561128003 3.5
    endloop
  endfacet
  facet normal 0 0 -1
    outer loop
      vertex -22.084220259843843 24.528624191511827 3.5
      vertex -21.916666666675 26.242413778636287 3.5
      vertex -21.984455543377234 24.375 3.5
    endloop
  endfacet
  facet normal 0 0 -1
    outer loop
      vertex -22.084220259843843 24.528624191511827 3.5
      vertex -22.19949655541456 24.670978561128003 3.5
      vertex -21.916666666675 26.242413778636287 3.5
    endloop
  endfacet
  facet normal -0.8660254037844388 -0.4999999999999996 0
    outer loop
      vertex -20.33333333335 23.5 3.5
      vertex -21.916666666675 26.242413778636287 0
      vertex -20.33333333335 23.5 0
    endloop
  endfacet
  facet normal -0.8660254037844388 0.4999999999999996 0
    outer loop
      vertex -21.916666666675 20.757586221363713 3.5
      vertex -20.33333333335 23.5 3.5
      vertex -20.33333333335 23.5 0
    endloop
  endfacet
  facet normal 0.8660254037844388 0.4999999999999996 0
    outer loop
      vertex 20.33333333335 -23.5 3.5
      vertex 21.916666666675 -26.242413778636287 0
      vertex 20.33333333335 -23.5 0
    endloop
  endfacet
  facet normal 0.8660254037844388 -0.4999999999999996 0
    outer loop
      vertex 20.33333333335 -23.5 3.5
      vertex 20.33333333335 -23.5 0
      vertex 21.916666666675 -20.757586221363713 3.5
    endloop
  endfacet
  facet normal 0 1 0
    outer loop
      vertex 25.083333333325 -26.242413778636287 3.5
      vertex 25.083333333325 -26.242413778636287 0
      vertex 21.916666666675 -26.242413778636287 0
    endloop
  endfacet
  facet normal 0.8660254037844388 0.4999999999999996 0
    outer loop
      vertex 20.33333333335 -23.5 3.5
      vertex 21.916666666675 -26.242413778636287 3.5
      vertex 21.916666666675 -26.242413778636287 0
    endloop
  endfacet
  facet normal 0 1 0
    outer loop
      vertex 21.916666666675 -26.242413778636287 3.5
      vertex 25.083333333325 -26.242413778636287 3.5
      vertex 21.916666666675 -26.242413778636287 0
    endloop
  endfacet
  facet normal 0.8660254037844388 -0.4999999999999996 0
    outer loop
      vertex 21.916666666675 -20.757586221363713 3.5
      vertex 20.33333333335 -23.5 0
      vertex 21.916666666675 -20.757586221363713 0
    endloop
  endfacet
  facet normal -0.8660254037844388 0.4999999999999996 0
    outer loop
      vertex 25.083333333325 -26.242413778636287 3.5
      vertex 26.66666666665 -23.5 0
      vertex 25.083333333325 -26.242413778636287 0
    endloop
  endfacet
  facet normal -0.8660254037844388 -0.4999999999999996 0
    outer loop
      vertex 26.66666666665 -23.5 3.5
      vertex 25.083333333325 -20.757586221363713 0
      vertex 26.66666666665 -23.5 0
    endloop
  endfacet
  facet normal -0.8660254037844388 0.4999999999999996 0
    outer loop
      vertex 25.083333333325 -26.242413778636287 3.5
      vertex 26.66666666665 -23.5 3.5
      vertex 26.66666666665 -23.5 0
    endloop
  endfacet
  facet normal -0.8660254037844388 -0.4999999999999996 0
    outer loop
      vertex 26.66666666665 -23.5 3.5
      vertex 25.083333333325 -20.757586221363713 3.5
      vertex 25.083333333325 -20.757586221363713 0
    endloop
  endfacet
  facet normal 0 0 -1
    outer loop
      vertex 21.916666666675 -26.242413778636287 3.5
      vertex 22.084220259843843 -24.528624191511827 3.5
      vertex 22.19949655541456 -24.670978561128003 3.5
    endloop
  endfacet
  facet normal 0 0 -1
    outer loop
      vertex 21.916666666675 -26.242413778636287 3.5
      vertex 21.984455543377234 -24.375 3.5
      vertex 22.084220259843843 -24.528624191511827 3.5
    endloop
  endfacet
  facet normal 0 0 -1
    outer loop
      vertex 21.916666666675 -26.242413778636287 3.5
      vertex 22.19949655541456 -24.670978561128003 3.5
      vertex 22.329021438871997 -24.80050344458544 3.5
    endloop
  endfacet
  facet normal 0 0 -1
    outer loop
      vertex 21.916666666675 -26.242413778636287 3.5
      vertex 22.329021438871997 -24.80050344458544 3.5
      vertex 22.471375808488173 -24.915779740156157 3.5
    endloop
  endfacet
  facet normal 0 0 -1
    outer loop
      vertex 21.916666666675 -26.242413778636287 3.5
      vertex 22.471375808488173 -24.915779740156157 3.5
      vertex 22.625 -25.015544456622766 3.5
    endloop
  endfacet
  facet normal 0 0 -1
    outer loop
      vertex 21.916666666675 -26.242413778636287 3.5
      vertex 22.625 -25.015544456622766 3.5
      vertex 22.78821087461735 -25.09870455087455 3.5
    endloop
  endfacet
  facet normal 0 0 -1
    outer loop
      vertex 21.916666666675 -26.242413778636287 3.5
      vertex 22.78821087461735 -25.09870455087455 3.5
      vertex 22.959220259843843 -25.16434890351652 3.5
    endloop
  endfacet
  facet normal 0 0 -1
    outer loop
      vertex 21.916666666675 -26.242413778636287 3.5
      vertex 22.959220259843843 -25.16434890351652 3.5
      vertex 23.136154541068922 -25.21175830128416 3.5
    endloop
  endfacet
  facet normal 0 0 -1
    outer loop
      vertex 21.916666666675 -26.242413778636287 3.5
      vertex 23.136154541068922 -25.21175830128416 3.5
      vertex 23.317075189281606 -25.24041331689448 3.5
    endloop
  endfacet
  facet normal 0 0 -1
    outer loop
      vertex 21.916666666675 -26.242413778636287 3.5
      vertex 23.317075189281606 -25.24041331689448 3.5
      vertex 23.5 -25.25 3.5
    endloop
  endfacet
  facet normal 0 0 -1
    outer loop
      vertex 21.916666666675 -26.242413778636287 3.5
      vertex 23.863845458931078 -25.21175830128416 3.5
      vertex 25.083333333325 -26.242413778636287 3.5
    endloop
  endfacet
  facet normal 0 0 -1
    outer loop
      vertex 21.916666666675 -26.242413778636287 3.5
      vertex 23.5 -25.25 3.5
      vertex 23.682924810718394 -25.24041331689448 3.5
    endloop
  endfacet
  facet normal 0 0 -1
    outer loop
      vertex 21.916666666675 -26.242413778636287 3.5
      vertex 23.682924810718394 -25.24041331689448 3.5
      vertex 23.863845458931078 -25.21175830128416 3.5
    endloop
  endfacet
  facet normal 0 0 -1
    outer loop
      vertex 23.863845458931078 -25.21175830128416 3.5
      vertex 24.040779740156157 -25.16434890351652 3.5
      vertex 25.083333333325 -26.242413778636287 3.5
    endloop
  endfacet
  facet normal 0 0 -1
    outer loop
      vertex 24.040779740156157 -25.16434890351652 3.5
      vertex 24.21178912538265 -25.09870455087455 3.5
      vertex 25.083333333325 -26.242413778636287 3.5
    endloop
  endfacet
  facet normal 0 0 -1
    outer loop
      vertex 24.21178912538265 -25.09870455087455 3.5
      vertex 24.375 -25.015544456622766 3.5
      vertex 25.083333333325 -26.242413778636287 3.5
    endloop
  endfacet
  facet normal 0 0 -1
    outer loop
      vertex 24.375 -25.015544456622766 3.5
      vertex 24.528624191511827 -24.915779740156157 3.5
      vertex 25.083333333325 -26.242413778636287 3.5
    endloop
  endfacet
  facet normal 0 0 -1
    outer loop
      vertex 20.33333333335 -23.5 3.5
      vertex 21.984455543377234 -24.375 3.5
      vertex 21.916666666675 -26.242413778636287 3.5
    endloop
  endfacet
  facet normal 0 0 -1
    outer loop
      vertex 20.33333333335 -23.5 3.5
      vertex 21.90129544912545 -24.21178912538265 3.5
      vertex 21.984455543377234 -24.375 3.5
    endloop
  endfacet
  facet normal 0 0 -1
    outer loop
      vertex 20.33333333335 -23.5 3.5
      vertex 21.83565109648348 -24.040779740156157 3.5
      vertex 21.90129544912545 -24.21178912538265 3.5
    endloop
  endfacet
  facet normal 0 0 -1
    outer loop
      vertex 20.33333333335 -23.5 3.5
      vertex 21.75958668310552 -23.682924810718394 3.5
      vertex 21.78824169871584 -23.863845458931078 3.5
    endloop
  endfacet
  facet normal 0 0 -1
    outer loop
      vertex 20.33333333335 -23.5 3.5
      vertex 21.78824169871584 -23.863845458931078 3.5
      vertex 21.83565109648348 -24.040779740156157 3.5
    endloop
  endfacet
  facet normal 0 0 -1
    outer loop
      vertex 20.33333333335 -23.5 3.5
      vertex 21.75 -23.5 3.5
      vertex 21.75958668310552 -23.682924810718394 3.5
    endloop
  endfacet
  facet normal 0 0 -1
    outer loop
      vertex 20.33333333335 -23.5 3.5
      vertex 21.75958668310552 -23.317075189281606 3.5
      vertex 21.75 -23.5 3.5
    endloop
  endfacet
  facet normal 0 0 -1
    outer loop
      vertex 20.33333333335 -23.5 3.5
      vertex 21.78824169871584 -23.136154541068922 3.5
      vertex 21.75958668310552 -23.317075189281606 3.5
    endloop
  endfacet
  facet normal 0 0 -1
    outer loop
      vertex 20.33333333335 -23.5 3.5
      vertex 21.83565109648348 -22.959220259843843 3.5
      vertex 21.78824169871584 -23.136154541068922 3.5
    endloop
  endfacet
  facet normal 0 0 -1
    outer loop
      vertex 20.33333333335 -23.5 3.5
      vertex 21.90129544912545 -22.78821087461735 3.5
      vertex 21.83565109648348 -22.959220259843843 3.5
    endloop
  endfacet
  facet normal 0 0 -1
    outer loop
      vertex 20.33333333335 -23.5 3.5
      vertex 21.916666666675 -20.757586221363713 3.5
      vertex 21.90129544912545 -22.78821087461735 3.5
    endloop
  endfacet
  facet normal 0 0 -1
    outer loop
      vertex 21.90129544912545 -22.78821087461735 3.5
      vertex 21.916666666675 -20.757586221363713 3.5
      vertex 21.984455543377234 -22.625 3.5
    endloop
  endfacet
  facet normal 0 0 -1
    outer loop
      vertex 21.984455543377234 -22.625 3.5
      vertex 21.916666666675 -20.757586221363713 3.5
      vertex 22.084220259843843 -22.471375808488173 3.5
    endloop
  endfacet
  facet normal 0 0 -1
    outer loop
      vertex 22.084220259843843 -22.471375808488173 3.5
      vertex 21.916666666675 -20.757586221363713 3.5
      vertex 22.19949655541456 -22.329021438871997 3.5
    endloop
  endfacet
  facet normal 0 0 -1
    outer loop
      vertex 22.19949655541456 -22.329021438871997 3.5
      vertex 21.916666666675 -20.757586221363713 3.5
      vertex 22.329021438871997 -22.19949655541456 3.5
    endloop
  endfacet
  facet normal 0 0 -1
    outer loop
      vertex 22.329021438871997 -22.19949655541456 3.5
      vertex 21.916666666675 -20.757586221363713 3.5
      vertex 22.471375808488173 -22.084220259843843 3.5
    endloop
  endfacet
  facet normal 0 0 -1
    outer loop
      vertex 22.471375808488173 -22.084220259843843 3.5
      vertex 21.916666666675 -20.757586221363713 3.5
      vertex 22.625 -21.984455543377234 3.5
    endloop
  endfacet
  facet normal 0 0 -1
    outer loop
      vertex 22.625 -21.984455543377234 3.5
      vertex 21.916666666675 -20.757586221363713 3.5
      vertex 22.78821087461735 -21.90129544912545 3.5
    endloop
  endfacet
  facet normal 0 0 -1
    outer loop
      vertex 22.78821087461735 -21.90129544912545 3.5
      vertex 21.916666666675 -20.757586221363713 3.5
      vertex 22.959220259843843 -21.83565109648348 3.5
    endloop
  endfacet
  facet normal 0 0 -1
    outer loop
      vertex 22.959220259843843 -21.83565109648348 3.5
      vertex 21.916666666675 -20.757586221363713 3.5
      vertex 23.136154541068922 -21.78824169871584 3.5
    endloop
  endfacet
  facet normal 0 0 -1
    outer loop
      vertex 23.136154541068922 -21.78824169871584 3.5
      vertex 25.083333333325 -20.757586221363713 3.5
      vertex 23.317075189281606 -21.75958668310552 3.5
    endloop
  endfacet
  facet normal 0 0 -1
    outer loop
      vertex 23.317075189281606 -21.75958668310552 3.5
      vertex 25.083333333325 -20.757586221363713 3.5
      vertex 23.5 -21.75 3.5
    endloop
  endfacet
  facet normal 0 0 -1
    outer loop
      vertex 23.5 -21.75 3.5
      vertex 25.083333333325 -20.757586221363713 3.5
      vertex 23.682924810718394 -21.75958668310552 3.5
    endloop
  endfacet
  facet normal 0 0 -1
    outer loop
      vertex 23.682924810718394 -21.75958668310552 3.5
      vertex 25.083333333325 -20.757586221363713 3.5
      vertex 23.863845458931078 -21.78824169871584 3.5
    endloop
  endfacet
  facet normal 0 0 -1
    outer loop
      vertex 23.863845458931078 -21.78824169871584 3.5
      vertex 25.083333333325 -20.757586221363713 3.5
      vertex 24.040779740156157 -21.83565109648348 3.5
    endloop
  endfacet
  facet normal 0 0 -1
    outer loop
      vertex 24.040779740156157 -21.83565109648348 3.5
      vertex 25.083333333325 -20.757586221363713 3.5
      vertex 24.21178912538265 -21.90129544912545 3.5
    endloop
  endfacet
  facet normal 0 0 -1
    outer loop
      vertex 24.21178912538265 -21.90129544912545 3.5
      vertex 25.083333333325 -20.757586221363713 3.5
      vertex 24.375 -21.984455543377234 3.5
    endloop
  endfacet
  facet normal 0 0 -1
    outer loop
      vertex 24.375 -21.984455543377234 3.5
      vertex 25.083333333325 -20.757586221363713 3.5
      vertex 24.528624191511827 -22.084220259843843 3.5
    endloop
  endfacet
  facet normal 0 0 -1
    outer loop
      vertex 24.528624191511827 -24.915779740156157 3.5
      vertex 24.670978561128003 -24.80050344458544 3.5
      vertex 25.083333333325 -26.242413778636287 3.5
    endloop
  endfacet
  facet normal 0 0 -1
    outer loop
      vertex 24.670978561128003 -24.80050344458544 3.5
      vertex 24.80050344458544 -24.670978561128003 3.5
      vertex 25.083333333325 -26.242413778636287 3.5
    endloop
  endfacet
  facet normal 0 0 -1
    outer loop
      vertex 24.80050344458544 -24.670978561128003 3.5
      vertex 24.915779740156157 -24.528624191511827 3.5
      vertex 25.083333333325 -26.242413778636287 3.5
    endloop
  endfacet
  facet normal 0 0 -1
    outer loop
      vertex 24.915779740156157 -24.528624191511827 3.5
      vertex 25.015544456622766 -24.375 3.5
      vertex 25.083333333325 -26.242413778636287 3.5
    endloop
  endfacet
  facet normal 0 0 -1
    outer loop
      vertex 25.083333333325 -26.242413778636287 3.5
      vertex 25.015544456622766 -24.375 3.5
      vertex 25.09870455087455 -24.21178912538265 3.5
    endloop
  endfacet
  facet normal 0 0 -1
    outer loop
      vertex 26.66666666665 -23.5 3.5
      vertex 25.09870455087455 -22.78821087461735 3.5
      vertex 25.015544456622766 -22.625 3.5
    endloop
  endfacet
  facet normal 0 0 -1
    outer loop
      vertex 25.083333333325 -26.242413778636287 3.5
      vertex 25.09870455087455 -24.21178912538265 3.5
      vertex 26.66666666665 -23.5 3.5
    endloop
  endfacet
  facet normal 0 0 -1
    outer loop
      vertex 25.09870455087455 -24.21178912538265 3.5
      vertex 25.16434890351652 -24.040779740156157 3.5
      vertex 26.66666666665 -23.5 3.5
    endloop
  endfacet
  facet normal 0 0 -1
    outer loop
      vertex 25.16434890351652 -24.040779740156157 3.5
      vertex 25.21175830128416 -23.863845458931078 3.5
      vertex 26.66666666665 -23.5 3.5
    endloop
  endfacet
  facet normal 0 0 -1
    outer loop
      vertex 25.21175830128416 -23.863845458931078 3.5
      vertex 25.24041331689448 -23.682924810718394 3.5
      vertex 26.66666666665 -23.5 3.5
    endloop
  endfacet
  facet normal 0 0 -1
    outer loop
      vertex 25.24041331689448 -23.682924810718394 3.5
      vertex 25.25 -23.5 3.5
      vertex 26.66666666665 -23.5 3.5
    endloop
  endfacet
  facet normal 0 0 -1
    outer loop
      vertex 25.25 -23.5 3.5
      vertex 25.24041331689448 -23.317075189281606 3.5
      vertex 26.66666666665 -23.5 3.5
    endloop
  endfacet
  facet normal 0 0 -1
    outer loop
      vertex 25.24041331689448 -23.317075189281606 3.5
      vertex 25.21175830128416 -23.136154541068922 3.5
      vertex 26.66666666665 -23.5 3.5
    endloop
  endfacet
  facet normal 0 0 -1
    outer loop
      vertex 25.21175830128416 -23.136154541068922 3.5
      vertex 25.16434890351652 -22.959220259843843 3.5
      vertex 26.66666666665 -23.5 3.5
    endloop
  endfacet
  facet normal 0 0 -1
    outer loop
      vertex 26.66666666665 -23.5 3.5
      vertex 25.16434890351652 -22.959220259843843 3.5
      vertex 25.09870455087455 -22.78821087461735 3.5
    endloop
  endfacet
  facet normal 0 0 -1
    outer loop
      vertex 26.66666666665 -23.5 3.5
      vertex 25.015544456622766 -22.625 3.5
      vertex 25.083333333325 -20.757586221363713 3.5
    endloop
  endfacet
  facet normal 0 0 -1
    outer loop
      vertex 24.915779740156157 -22.471375808488173 3.5
      vertex 24.80050344458544 -22.329021438871997 3.5
      vertex 25.083333333325 -20.757586221363713 3.5
    endloop
  endfacet
  facet normal 0 0 -1
    outer loop
      vertex 24.670978561128003 -22.19949655541456 3.5
      vertex 24.528624191511827 -22.084220259843843 3.5
      vertex 25.083333333325 -20.757586221363713 3.5
    endloop
  endfacet
  facet normal 0 0 -1
    outer loop
      vertex 24.670978561128003 -22.19949655541456 3.5
      vertex 25.083333333325 -20.757586221363713 3.5
      vertex 24.80050344458544 -22.329021438871997 3.5
    endloop
  endfacet
  facet normal 0 0 -1
    outer loop
      vertex 24.915779740156157 -22.471375808488173 3.5
      vertex 25.083333333325 -20.757586221363713 3.5
      vertex 25.015544456622766 -22.625 3.5
    endloop
  endfacet
  facet normal 0 -1 0
    outer loop
      vertex 21.916666666675 -20.757586221363713 3.5
      vertex 21.916666666675 -20.757586221363713 0
      vertex 25.083333333325 -20.757586221363713 0
    endloop
  endfacet
  facet normal 0 -1 0
    outer loop
      vertex 21.916666666675 -20.757586221363713 3.5
      vertex 25.083333333325 -20.757586221363713 0
      vertex 25.083333333325 -20.757586221363713 3.5
    endloop
  endfacet
  facet normal 0 0 -1
    outer loop
      vertex 23.136154541068922 -21.78824169871584 3.5
      vertex 21.916666666675 -20.757586221363713 3.5
      vertex 25.083333333325 -20.757586221363713 3.5
    endloop
  endfacet
  facet normal 0.8660254037844388 0.4999999999999996 0
    outer loop
      vertex -25.083333333325 -26.242413778636287 3.5
      vertex -25.083333333325 -26.242413778636287 0
      vertex -26.66666666665 -23.5 3.5
    endloop
  endfacet
  facet normal 0.8660254037844388 0.4999999999999996 0
    outer loop
      vertex -26.66666666665 -23.5 3.5
      vertex -25.083333333325 -26.242413778636287 0
      vertex -26.66666666665 -23.5 0
    endloop
  endfacet
  facet normal 0.8660254037844388 -0.4999999999999996 0
    outer loop
      vertex -25.083333333325 -20.757586221363713 3.5
      vertex -26.66666666665 -23.5 0
      vertex -25.083333333325 -20.757586221363713 0
    endloop
  endfacet
  facet normal 0.8660254037844388 -0.4999999999999996 0
    outer loop
      vertex -26.66666666665 -23.5 3.5
      vertex -26.66666666665 -23.5 0
      vertex -25.083333333325 -20.757586221363713 3.5
    endloop
  endfacet
  facet normal 0 1 0
    outer loop
      vertex -21.916666666675 -26.242413778636287 3.5
      vertex -21.916666666675 -26.242413778636287 0
      vertex -25.083333333325 -26.242413778636287 0
    endloop
  endfacet
  facet normal -0.8660254037844388 0.4999999999999996 0
    outer loop
      vertex -21.916666666675 -26.242413778636287 3.5
      vertex -20.33333333335 -23.5 0
      vertex -21.916666666675 -26.242413778636287 0
    endloop
  endfacet
  facet normal 0 1 0
    outer loop
      vertex -25.083333333325 -26.242413778636287 3.5
      vertex -21.916666666675 -26.242413778636287 3.5
      vertex -25.083333333325 -26.242413778636287 0
    endloop
  endfacet
  facet normal -0.8660254037844388 -0.4999999999999996 0
    outer loop
      vertex -20.33333333335 -23.5 3.5
      vertex -21.916666666675 -20.757586221363713 3.5
      vertex -21.916666666675 -20.757586221363713 0
    endloop
  endfacet
  facet normal 0 0 -1
    outer loop
      vertex -25.083333333325 -26.242413778636287 3.5
      vertex -24.80050344458544 -24.670978561128003 3.5
      vertex -24.670978561128003 -24.80050344458544 3.5
    endloop
  endfacet
  facet normal 0 0 -1
    outer loop
      vertex -25.083333333325 -26.242413778636287 3.5
      vertex -24.670978561128003 -24.80050344458544 3.5
      vertex -24.528624191511827 -24.915779740156157 3.5
    endloop
  endfacet
  facet normal 0 0 -1
    outer loop
      vertex -25.083333333325 -26.242413778636287 3.5
      vertex -25.015544456622766 -24.375 3.5
      vertex -24.915779740156157 -24.528624191511827 3.5
    endloop
  endfacet
  facet normal 0 0 -1
    outer loop
      vertex -25.083333333325 -26.242413778636287 3.5
      vertex -24.915779740156157 -24.528624191511827 3.5
      vertex -24.80050344458544 -24.670978561128003 3.5
    endloop
  endfacet
  facet normal 0 0 -1
    outer loop
      vertex -26.66666666665 -23.5 3.5
      vertex -25.16434890351652 -24.040779740156157 3.5
      vertex -25.09870455087455 -24.21178912538265 3.5
    endloop
  endfacet
  facet normal 0 0 -1
    outer loop
      vertex -26.66666666665 -23.5 3.5
      vertex -25.21175830128416 -23.863845458931078 3.5
      vertex -25.16434890351652 -24.040779740156157 3.5
    endloop
  endfacet
  facet normal 0 0 -1
    outer loop
      vertex -26.66666666665 -23.5 3.5
      vertex -25.24041331689448 -23.682924810718394 3.5
      vertex -25.21175830128416 -23.863845458931078 3.5
    endloop
  endfacet
  facet normal 0 0 -1
    outer loop
      vertex -26.66666666665 -23.5 3.5
      vertex -25.25 -23.5 3.5
      vertex -25.24041331689448 -23.682924810718394 3.5
    endloop
  endfacet
  facet normal 0 0 -1
    outer loop
      vertex -26.66666666665 -23.5 3.5
      vertex -25.24041331689448 -23.317075189281606 3.5
      vertex -25.25 -23.5 3.5
    endloop
  endfacet
  facet normal 0 0 -1
    outer loop
      vertex -26.66666666665 -23.5 3.5
      vertex -25.21175830128416 -23.136154541068922 3.5
      vertex -25.24041331689448 -23.317075189281606 3.5
    endloop
  endfacet
  facet normal 0 0 -1
    outer loop
      vertex -26.66666666665 -23.5 3.5
      vertex -25.16434890351652 -22.959220259843843 3.5
      vertex -25.21175830128416 -23.136154541068922 3.5
    endloop
  endfacet
  facet normal 0 0 -1
    outer loop
      vertex -26.66666666665 -23.5 3.5
      vertex -25.09870455087455 -22.78821087461735 3.5
      vertex -25.16434890351652 -22.959220259843843 3.5
    endloop
  endfacet
  facet normal 0 0 -1
    outer loop
      vertex -25.083333333325 -26.242413778636287 3.5
      vertex -26.66666666665 -23.5 3.5
      vertex -25.015544456622766 -24.375 3.5
    endloop
  endfacet
  facet normal 0 0 -1
    outer loop
      vertex -26.66666666665 -23.5 3.5
      vertex -25.09870455087455 -24.21178912538265 3.5
      vertex -25.015544456622766 -24.375 3.5
    endloop
  endfacet
  facet normal 0 0 -1
    outer loop
      vertex -26.66666666665 -23.5 3.5
      vertex -25.083333333325 -20.757586221363713 3.5
      vertex -25.09870455087455 -22.78821087461735 3.5
    endloop
  endfacet
  facet normal 0 0 -1
    outer loop
      vertex -25.09870455087455 -22.78821087461735 3.5
      vertex -25.083333333325 -20.757586221363713 3.5
      vertex -25.015544456622766 -22.625 3.5
    endloop
  endfacet
  facet normal 0 0 -1
    outer loop
      vertex -25.015544456622766 -22.625 3.5
      vertex -25.083333333325 -20.757586221363713 3.5
      vertex -24.915779740156157 -22.471375808488173 3.5
    endloop
  endfacet
  facet normal 0 0 -1
    outer loop
      vertex -25.083333333325 -20.757586221363713 3.5
      vertex -24.80050344458544 -22.329021438871997 3.5
      vertex -24.915779740156157 -22.471375808488173 3.5
    endloop
  endfacet
  facet normal 0 0 -1
    outer loop
      vertex -25.083333333325 -20.757586221363713 3.5
      vertex -24.670978561128003 -22.19949655541456 3.5
      vertex -24.80050344458544 -22.329021438871997 3.5
    endloop
  endfacet
  facet normal 0 0 -1
    outer loop
      vertex -25.083333333325 -20.757586221363713 3.5
      vertex -24.528624191511827 -22.084220259843843 3.5
      vertex -24.670978561128003 -22.19949655541456 3.5
    endloop
  endfacet
  facet normal 0 0 -1
    outer loop
      vertex -25.083333333325 -26.242413778636287 3.5
      vertex -24.528624191511827 -24.915779740156157 3.5
      vertex -24.375 -25.015544456622766 3.5
    endloop
  endfacet
  facet normal 0 0 -1
    outer loop
      vertex -25.083333333325 -26.242413778636287 3.5
      vertex -24.375 -25.015544456622766 3.5
      vertex -24.21178912538265 -25.09870455087455 3.5
    endloop
  endfacet
  facet normal 0 0 -1
    outer loop
      vertex -25.083333333325 -26.242413778636287 3.5
      vertex -24.21178912538265 -25.09870455087455 3.5
      vertex -24.040779740156157 -25.16434890351652 3.5
    endloop
  endfacet
  facet normal 0 0 -1
    outer loop
      vertex -25.083333333325 -26.242413778636287 3.5
      vertex -24.040779740156157 -25.16434890351652 3.5
      vertex -23.863845458931078 -25.21175830128416 3.5
    endloop
  endfacet
  facet normal 0 0 -1
    outer loop
      vertex -25.083333333325 -26.242413778636287 3.5
      vertex -23.863845458931078 -25.21175830128416 3.5
      vertex -23.682924810718394 -25.24041331689448 3.5
    endloop
  endfacet
  facet normal 0 0 -1
    outer loop
      vertex -25.083333333325 -26.242413778636287 3.5
      vertex -23.682924810718394 -25.24041331689448 3.5
      vertex -23.5 -25.25 3.5
    endloop
  endfacet
  facet normal 0 0 -1
    outer loop
      vertex -25.083333333325 -26.242413778636287 3.5
      vertex -23.5 -25.25 3.5
      vertex -23.317075189281606 -25.24041331689448 3.5
    endloop
  endfacet
  facet normal 0 0 -1
    outer loop
      vertex -25.083333333325 -26.242413778636287 3.5
      vertex -23.317075189281606 -25.24041331689448 3.5
      vertex -23.136154541068922 -25.21175830128416 3.5
    endloop
  endfacet
  facet normal 0 0 -1
    outer loop
      vertex -25.083333333325 -26.242413778636287 3.5
      vertex -23.136154541068922 -25.21175830128416 3.5
      vertex -21.916666666675 -26.242413778636287 3.5
    endloop
  endfacet
  facet normal 0 0 -1
    outer loop
      vertex -23.136154541068922 -25.21175830128416 3.5
      vertex -22.959220259843843 -25.16434890351652 3.5
      vertex -21.916666666675 -26.242413778636287 3.5
    endloop
  endfacet
  facet normal 0 0 -1
    outer loop
      vertex -22.959220259843843 -25.16434890351652 3.5
      vertex -22.78821087461735 -25.09870455087455 3.5
      vertex -21.916666666675 -26.242413778636287 3.5
    endloop
  endfacet
  facet normal 0 0 -1
    outer loop
      vertex -22.78821087461735 -25.09870455087455 3.5
      vertex -22.625 -25.015544456622766 3.5
      vertex -21.916666666675 -26.242413778636287 3.5
    endloop
  endfacet
  facet normal 0 0 -1
    outer loop
      vertex -22.625 -25.015544456622766 3.5
      vertex -22.471375808488173 -24.915779740156157 3.5
      vertex -21.916666666675 -26.242413778636287 3.5
    endloop
  endfacet
  facet normal 0 0 -1
    outer loop
      vertex -21.916666666675 -26.242413778636287 3.5
      vertex -22.471375808488173 -24.915779740156157 3.5
      vertex -22.329021438871997 -24.80050344458544 3.5
    endloop
  endfacet
  facet normal 0 0 -1
    outer loop
      vertex -21.916666666675 -26.242413778636287 3.5
      vertex -22.329021438871997 -24.80050344458544 3.5
      vertex -22.19949655541456 -24.670978561128003 3.5
    endloop
  endfacet
  facet normal 0 0 -1
    outer loop
      vertex -21.916666666675 -26.242413778636287 3.5
      vertex -22.19949655541456 -24.670978561128003 3.5
      vertex -22.084220259843843 -24.528624191511827 3.5
    endloop
  endfacet
  facet normal 0 0 -1
    outer loop
      vertex -21.916666666675 -26.242413778636287 3.5
      vertex -22.084220259843843 -24.528624191511827 3.5
      vertex -21.984455543377234 -24.375 3.5
    endloop
  endfacet
  facet normal 0 0 -1
    outer loop
      vertex -21.916666666675 -26.242413778636287 3.5
      vertex -21.984455543377234 -24.375 3.5
      vertex -21.90129544912545 -24.21178912538265 3.5
    endloop
  endfacet
  facet normal 0 0 -1
    outer loop
      vertex -25.083333333325 -20.757586221363713 3.5
      vertex -24.375 -21.984455543377234 3.5
      vertex -24.528624191511827 -22.084220259843843 3.5
    endloop
  endfacet
  facet normal 0 0 -1
    outer loop
      vertex -25.083333333325 -20.757586221363713 3.5
      vertex -24.21178912538265 -21.90129544912545 3.5
      vertex -24.375 -21.984455543377234 3.5
    endloop
  endfacet
  facet normal 0 0 -1
    outer loop
      vertex -25.083333333325 -20.757586221363713 3.5
      vertex -24.040779740156157 -21.83565109648348 3.5
      vertex -24.21178912538265 -21.90129544912545 3.5
    endloop
  endfacet
  facet normal 0 0 -1
    outer loop
      vertex -25.083333333325 -20.757586221363713 3.5
      vertex -23.863845458931078 -21.78824169871584 3.5
      vertex -24.040779740156157 -21.83565109648348 3.5
    endloop
  endfacet
  facet normal 0 0 -1
    outer loop
      vertex -23.863845458931078 -21.78824169871584 3.5
      vertex -21.916666666675 -20.757586221363713 3.5
      vertex -23.682924810718394 -21.75958668310552 3.5
    endloop
  endfacet
  facet normal 0 0 -1
    outer loop
      vertex -23.682924810718394 -21.75958668310552 3.5
      vertex -21.916666666675 -20.757586221363713 3.5
      vertex -23.5 -21.75 3.5
    endloop
  endfacet
  facet normal 0 0 -1
    outer loop
      vertex -21.916666666675 -26.242413778636287 3.5
      vertex -21.90129544912545 -24.21178912538265 3.5
      vertex -20.33333333335 -23.5 3.5
    endloop
  endfacet
  facet normal 0 0 -1
    outer loop
      vertex -21.90129544912545 -24.21178912538265 3.5
      vertex -21.83565109648348 -24.040779740156157 3.5
      vertex -20.33333333335 -23.5 3.5
    endloop
  endfacet
  facet normal 0 0 -1
    outer loop
      vertex -21.83565109648348 -24.040779740156157 3.5
      vertex -21.78824169871584 -23.863845458931078 3.5
      vertex -20.33333333335 -23.5 3.5
    endloop
  endfacet
  facet normal 0 0 -1
    outer loop
      vertex -21.78824169871584 -23.863845458931078 3.5
      vertex -21.75958668310552 -23.682924810718394 3.5
      vertex -20.33333333335 -23.5 3.5
    endloop
  endfacet
  facet normal 0 0 -1
    outer loop
      vertex -21.75958668310552 -23.682924810718394 3.5
      vertex -21.75 -23.5 3.5
      vertex -20.33333333335 -23.5 3.5
    endloop
  endfacet
  facet normal 0 0 -1
    outer loop
      vertex -21.75 -23.5 3.5
      vertex -21.75958668310552 -23.317075189281606 3.5
      vertex -20.33333333335 -23.5 3.5
    endloop
  endfacet
  facet normal 0 0 -1
    outer loop
      vertex -21.78824169871584 -23.136154541068922 3.5
      vertex -21.83565109648348 -22.959220259843843 3.5
      vertex -20.33333333335 -23.5 3.5
    endloop
  endfacet
  facet normal 0 0 -1
    outer loop
      vertex -21.75958668310552 -23.317075189281606 3.5
      vertex -21.78824169871584 -23.136154541068922 3.5
      vertex -20.33333333335 -23.5 3.5
    endloop
  endfacet
  facet normal 0 0 -1
    outer loop
      vertex -20.33333333335 -23.5 3.5
      vertex -21.83565109648348 -22.959220259843843 3.5
      vertex -21.90129544912545 -22.78821087461735 3.5
    endloop
  endfacet
  facet normal 0 0 -1
    outer loop
      vertex -20.33333333335 -23.5 3.5
      vertex -21.90129544912545 -22.78821087461735 3.5
      vertex -21.984455543377234 -22.625 3.5
    endloop
  endfacet
  facet normal 0 0 -1
    outer loop
      vertex -23.5 -21.75 3.5
      vertex -21.916666666675 -20.757586221363713 3.5
      vertex -23.317075189281606 -21.75958668310552 3.5
    endloop
  endfacet
  facet normal 0 0 -1
    outer loop
      vertex -23.317075189281606 -21.75958668310552 3.5
      vertex -21.916666666675 -20.757586221363713 3.5
      vertex -23.136154541068922 -21.78824169871584 3.5
    endloop
  endfacet
  facet normal 0 0 -1
    outer loop
      vertex -23.136154541068922 -21.78824169871584 3.5
      vertex -21.916666666675 -20.757586221363713 3.5
      vertex -22.959220259843843 -21.83565109648348 3.5
    endloop
  endfacet
  facet normal 0 0 -1
    outer loop
      vertex -22.959220259843843 -21.83565109648348 3.5
      vertex -21.916666666675 -20.757586221363713 3.5
      vertex -22.78821087461735 -21.90129544912545 3.5
    endloop
  endfacet
  facet normal 0 0 -1
    outer loop
      vertex -22.329021438871997 -22.19949655541456 3.5
      vertex -22.471375808488173 -22.084220259843843 3.5
      vertex -21.916666666675 -20.757586221363713 3.5
    endloop
  endfacet
  facet normal 0 0 -1
    outer loop
      vertex -22.329021438871997 -22.19949655541456 3.5
      vertex -21.916666666675 -20.757586221363713 3.5
      vertex -22.19949655541456 -22.329021438871997 3.5
    endloop
  endfacet
  facet normal 0 0 -1
    outer loop
      vertex -22.78821087461735 -21.90129544912545 3.5
      vertex -21.916666666675 -20.757586221363713 3.5
      vertex -22.625 -21.984455543377234 3.5
    endloop
  endfacet
  facet normal 0 0 -1
    outer loop
      vertex -22.625 -21.984455543377234 3.5
      vertex -21.916666666675 -20.757586221363713 3.5
      vertex -22.471375808488173 -22.084220259843843 3.5
    endloop
  endfacet
  facet normal 0 0 -1
    outer loop
      vertex -20.33333333335 -23.5 3.5
      vertex -21.984455543377234 -22.625 3.5
      vertex -21.916666666675 -20.757586221363713 3.5
    endloop
  endfacet
  facet normal 0 0 -1
    outer loop
      vertex -22.084220259843843 -22.471375808488173 3.5
      vertex -22.19949655541456 -22.329021438871997 3.5
      vertex -21.916666666675 -20.757586221363713 3.5
    endloop
  endfacet
  facet normal 0 0 -1
    outer loop
      vertex -22.084220259843843 -22.471375808488173 3.5
      vertex -21.916666666675 -20.757586221363713 3.5
      vertex -21.984455543377234 -22.625 3.5
    endloop
  endfacet
  facet normal 0 -1 0
    outer loop
      vertex -25.083333333325 -20.757586221363713 3.5
      vertex -25.083333333325 -20.757586221363713 0
      vertex -21.916666666675 -20.757586221363713 0
    endloop
  endfacet
  facet normal 0 -1 0
    outer loop
      vertex -25.083333333325 -20.757586221363713 3.5
      vertex -21.916666666675 -20.757586221363713 0
      vertex -21.916666666675 -20.757586221363713 3.5
    endloop
  endfacet
  facet normal 0 0 -1
    outer loop
      vertex -25.083333333325 -20.757586221363713 3.5
      vertex -21.916666666675 -20.757586221363713 3.5
      vertex -23.863845458931078 -21.78824169871584 3.5
    endloop
  endfacet
  facet normal -0.8660254037844388 -0.4999999999999996 0
    outer loop
      vertex -20.33333333335 -23.5 3.5
      vertex -21.916666666675 -20.757586221363713 0
      vertex -20.33333333335 -23.5 0
    endloop
  endfacet
  facet normal -0.8660254037844388 0.4999999999999996 0
    outer loop
      vertex -21.916666666675 -26.242413778636287 3.5
      vertex -20.33333333335 -23.5 3.5
      vertex -20.33333333335 -23.5 0
    endloop
  endfacet
  facet normal 0.8660254037844388 0.4999999999999996 0
    outer loop
      vertex 20.33333333335 23.5 3.5
      vertex 21.916666666675 20.757586221363713 0
      vertex 20.33333333335 23.5 0
    endloop
  endfacet
  facet normal 0.8660254037844388 -0.4999999999999996 0
    outer loop
      vertex 20.33333333335 23.5 3.5
      vertex 20.33333333335 23.5 0
      vertex 21.916666666675 26.242413778636287 3.5
    endloop
  endfacet
  facet normal 0 1 0
    outer loop
      vertex 25.083333333325 20.757586221363713 3.5
      vertex 25.083333333325 20.757586221363713 0
      vertex 21.916666666675 20.757586221363713 0
    endloop
  endfacet
  facet normal 0 1 0
    outer loop
      vertex 21.916666666675 20.757586221363713 3.5
      vertex 25.083333333325 20.757586221363713 3.5
      vertex 21.916666666675 20.757586221363713 0
    endloop
  endfacet
  facet normal 0 0 -1
    outer loop
      vertex 21.916666666675 20.757586221363713 3.5
      vertex 23.863845458931078 21.78824169871584 3.5
      vertex 25.083333333325 20.757586221363713 3.5
    endloop
  endfacet
  facet normal 0.8660254037844388 0.4999999999999996 0
    outer loop
      vertex 21.916666666675 20.757586221363713 3.5
      vertex 21.916666666675 20.757586221363713 0
      vertex 20.33333333335 23.5 3.5
    endloop
  endfacet
  facet normal 0.8660254037844388 -0.4999999999999996 0
    outer loop
      vertex 21.916666666675 26.242413778636287 3.5
      vertex 20.33333333335 23.5 0
      vertex 21.916666666675 26.242413778636287 0
    endloop
  endfacet
  facet normal 0 -1 0
    outer loop
      vertex 21.916666666675 26.242413778636287 3.5
      vertex 21.916666666675 26.242413778636287 0
      vertex 25.083333333325 26.242413778636287 0
    endloop
  endfacet
  facet normal 0 -1 0
    outer loop
      vertex 21.916666666675 26.242413778636287 3.5
      vertex 25.083333333325 26.242413778636287 0
      vertex 25.083333333325 26.242413778636287 3.5
    endloop
  endfacet
  facet normal -0.8660254037844388 0.4999999999999996 0
    outer loop
      vertex 25.083333333325 20.757586221363713 3.5
      vertex 26.66666666665 23.5 0
      vertex 25.083333333325 20.757586221363713 0
    endloop
  endfacet
  facet normal -0.8660254037844388 -0.4999999999999996 0
    outer loop
      vertex 26.66666666665 23.5 3.5
      vertex 25.083333333325 26.242413778636287 0
      vertex 26.66666666665 23.5 0
    endloop
  endfacet
  facet normal -0.8660254037844388 0.4999999999999996 0
    outer loop
      vertex 25.083333333325 20.757586221363713 3.5
      vertex 26.66666666665 23.5 3.5
      vertex 26.66666666665 23.5 0
    endloop
  endfacet
  facet normal -0.8660254037844388 -0.4999999999999996 0
    outer loop
      vertex 26.66666666665 23.5 3.5
      vertex 25.083333333325 26.242413778636287 3.5
      vertex 25.083333333325 26.242413778636287 0
    endloop
  endfacet
  facet normal 0 0 -1
    outer loop
      vertex 21.916666666675 20.757586221363713 3.5
      vertex 21.984455543377234 22.625 3.5
      vertex 22.084220259843843 22.471375808488173 3.5
    endloop
  endfacet
  facet normal 0 0 -1
    outer loop
      vertex 21.916666666675 20.757586221363713 3.5
      vertex 22.084220259843843 22.471375808488173 3.5
      vertex 22.19949655541456 22.329021438871997 3.5
    endloop
  endfacet
  facet normal 0 0 -1
    outer loop
      vertex 21.916666666675 20.757586221363713 3.5
      vertex 20.33333333335 23.5 3.5
      vertex 21.984455543377234 22.625 3.5
    endloop
  endfacet
  facet normal 0 0 -1
    outer loop
      vertex 21.916666666675 20.757586221363713 3.5
      vertex 22.471375808488173 22.084220259843843 3.5
      vertex 22.625 21.984455543377234 3.5
    endloop
  endfacet
  facet normal 0 0 -1
    outer loop
      vertex 21.916666666675 20.757586221363713 3.5
      vertex 22.625 21.984455543377234 3.5
      vertex 22.78821087461735 21.90129544912545 3.5
    endloop
  endfacet
  facet normal 0 0 -1
    outer loop
      vertex 21.916666666675 20.757586221363713 3.5
      vertex 22.19949655541456 22.329021438871997 3.5
      vertex 22.329021438871997 22.19949655541456 3.5
    endloop
  endfacet
  facet normal 0 0 -1
    outer loop
      vertex 21.916666666675 20.757586221363713 3.5
      vertex 22.329021438871997 22.19949655541456 3.5
      vertex 22.471375808488173 22.084220259843843 3.5
    endloop
  endfacet
  facet normal 0 0 -1
    outer loop
      vertex 21.916666666675 20.757586221363713 3.5
      vertex 22.78821087461735 21.90129544912545 3.5
      vertex 22.959220259843843 21.83565109648348 3.5
    endloop
  endfacet
  facet normal 0 0 -1
    outer loop
      vertex 21.916666666675 20.757586221363713 3.5
      vertex 22.959220259843843 21.83565109648348 3.5
      vertex 23.136154541068922 21.78824169871584 3.5
    endloop
  endfacet
  facet normal 0 0 -1
    outer loop
      vertex 21.916666666675 20.757586221363713 3.5
      vertex 23.136154541068922 21.78824169871584 3.5
      vertex 23.317075189281606 21.75958668310552 3.5
    endloop
  endfacet
  facet normal 0 0 -1
    outer loop
      vertex 21.916666666675 20.757586221363713 3.5
      vertex 23.317075189281606 21.75958668310552 3.5
      vertex 23.5 21.75 3.5
    endloop
  endfacet
  facet normal 0 0 -1
    outer loop
      vertex 21.984455543377234 22.625 3.5
      vertex 20.33333333335 23.5 3.5
      vertex 21.90129544912545 22.78821087461735 3.5
    endloop
  endfacet
  facet normal 0 0 -1
    outer loop
      vertex 21.83565109648348 22.959220259843843 3.5
      vertex 21.90129544912545 22.78821087461735 3.5
      vertex 20.33333333335 23.5 3.5
    endloop
  endfacet
  facet normal 0 0 -1
    outer loop
      vertex 20.33333333335 23.5 3.5
      vertex 21.75958668310552 23.317075189281606 3.5
      vertex 21.78824169871584 23.136154541068922 3.5
    endloop
  endfacet
  facet normal 0 0 -1
    outer loop
      vertex 21.83565109648348 22.959220259843843 3.5
      vertex 20.33333333335 23.5 3.5
      vertex 21.78824169871584 23.136154541068922 3.5
    endloop
  endfacet
  facet normal 0 0 -1
    outer loop
      vertex 20.33333333335 23.5 3.5
      vertex 21.75 23.5 3.5
      vertex 21.75958668310552 23.317075189281606 3.5
    endloop
  endfacet
  facet normal 0 0 -1
    outer loop
      vertex 20.33333333335 23.5 3.5
      vertex 21.75958668310552 23.682924810718394 3.5
      vertex 21.75 23.5 3.5
    endloop
  endfacet
  facet normal 0 0 -1
    outer loop
      vertex 20.33333333335 23.5 3.5
      vertex 21.78824169871584 23.863845458931078 3.5
      vertex 21.75958668310552 23.682924810718394 3.5
    endloop
  endfacet
  facet normal 0 0 -1
    outer loop
      vertex 20.33333333335 23.5 3.5
      vertex 21.83565109648348 24.040779740156157 3.5
      vertex 21.78824169871584 23.863845458931078 3.5
    endloop
  endfacet
  facet normal 0 0 -1
    outer loop
      vertex 20.33333333335 23.5 3.5
      vertex 21.90129544912545 24.21178912538265 3.5
      vertex 21.83565109648348 24.040779740156157 3.5
    endloop
  endfacet
  facet normal 0 0 -1
    outer loop
      vertex 20.33333333335 23.5 3.5
      vertex 21.916666666675 26.242413778636287 3.5
      vertex 21.90129544912545 24.21178912538265 3.5
    endloop
  endfacet
  facet normal 0 0 -1
    outer loop
      vertex 21.916666666675 20.757586221363713 3.5
      vertex 23.5 21.75 3.5
      vertex 23.682924810718394 21.75958668310552 3.5
    endloop
  endfacet
  facet normal 0 0 -1
    outer loop
      vertex 21.916666666675 20.757586221363713 3.5
      vertex 23.682924810718394 21.75958668310552 3.5
      vertex 23.863845458931078 21.78824169871584 3.5
    endloop
  endfacet
  facet normal 0 0 -1
    outer loop
      vertex 23.863845458931078 21.78824169871584 3.5
      vertex 24.040779740156157 21.83565109648348 3.5
      vertex 25.083333333325 20.757586221363713 3.5
    endloop
  endfacet
  facet normal 0 0 -1
    outer loop
      vertex 24.040779740156157 21.83565109648348 3.5
      vertex 24.21178912538265 21.90129544912545 3.5
      vertex 25.083333333325 20.757586221363713 3.5
    endloop
  endfacet
  facet normal 0 0 -1
    outer loop
      vertex 24.21178912538265 21.90129544912545 3.5
      vertex 24.375 21.984455543377234 3.5
      vertex 25.083333333325 20.757586221363713 3.5
    endloop
  endfacet
  facet normal 0 0 -1
    outer loop
      vertex 24.375 21.984455543377234 3.5
      vertex 24.528624191511827 22.084220259843843 3.5
      vertex 25.083333333325 20.757586221363713 3.5
    endloop
  endfacet
  facet normal 0 0 -1
    outer loop
      vertex 21.90129544912545 24.21178912538265 3.5
      vertex 21.916666666675 26.242413778636287 3.5
      vertex 21.984455543377234 24.375 3.5
    endloop
  endfacet
  facet normal 0 0 -1
    outer loop
      vertex 21.984455543377234 24.375 3.5
      vertex 21.916666666675 26.242413778636287 3.5
      vertex 22.084220259843843 24.528624191511827 3.5
    endloop
  endfacet
  facet normal 0 0 -1
    outer loop
      vertex 22.084220259843843 24.528624191511827 3.5
      vertex 21.916666666675 26.242413778636287 3.5
      vertex 22.19949655541456 24.670978561128003 3.5
    endloop
  endfacet
  facet normal 0 0 -1
    outer loop
      vertex 22.19949655541456 24.670978561128003 3.5
      vertex 21.916666666675 26.242413778636287 3.5
      vertex 22.329021438871997 24.80050344458544 3.5
    endloop
  endfacet
  facet normal 0 0 -1
    outer loop
      vertex 22.329021438871997 24.80050344458544 3.5
      vertex 21.916666666675 26.242413778636287 3.5
      vertex 22.471375808488173 24.915779740156157 3.5
    endloop
  endfacet
  facet normal 0 0 -1
    outer loop
      vertex 22.471375808488173 24.915779740156157 3.5
      vertex 21.916666666675 26.242413778636287 3.5
      vertex 22.625 25.015544456622766 3.5
    endloop
  endfacet
  facet normal 0 0 -1
    outer loop
      vertex 21.916666666675 26.242413778636287 3.5
      vertex 22.78821087461735 25.09870455087455 3.5
      vertex 22.625 25.015544456622766 3.5
    endloop
  endfacet
  facet normal 0 0 -1
    outer loop
      vertex 21.916666666675 26.242413778636287 3.5
      vertex 22.959220259843843 25.16434890351652 3.5
      vertex 22.78821087461735 25.09870455087455 3.5
    endloop
  endfacet
  facet normal 0 0 -1
    outer loop
      vertex 21.916666666675 26.242413778636287 3.5
      vertex 23.136154541068922 25.21175830128416 3.5
      vertex 22.959220259843843 25.16434890351652 3.5
    endloop
  endfacet
  facet normal 0 0 -1
    outer loop
      vertex 21.916666666675 26.242413778636287 3.5
      vertex 25.083333333325 26.242413778636287 3.5
      vertex 23.136154541068922 25.21175830128416 3.5
    endloop
  endfacet
  facet normal 0 0 -1
    outer loop
      vertex 23.136154541068922 25.21175830128416 3.5
      vertex 25.083333333325 26.242413778636287 3.5
      vertex 23.317075189281606 25.24041331689448 3.5
    endloop
  endfacet
  facet normal 0 0 -1
    outer loop
      vertex 23.317075189281606 25.24041331689448 3.5
      vertex 25.083333333325 26.242413778636287 3.5
      vertex 23.5 25.25 3.5
    endloop
  endfacet
  facet normal 0 0 -1
    outer loop
      vertex 23.5 25.25 3.5
      vertex 25.083333333325 26.242413778636287 3.5
      vertex 23.682924810718394 25.24041331689448 3.5
    endloop
  endfacet
  facet normal 0 0 -1
    outer loop
      vertex 23.682924810718394 25.24041331689448 3.5
      vertex 25.083333333325 26.242413778636287 3.5
      vertex 23.863845458931078 25.21175830128416 3.5
    endloop
  endfacet
  facet normal 0 0 -1
    outer loop
      vertex 23.863845458931078 25.21175830128416 3.5
      vertex 25.083333333325 26.242413778636287 3.5
      vertex 24.040779740156157 25.16434890351652 3.5
    endloop
  endfacet
  facet normal 0 0 -1
    outer loop
      vertex 24.040779740156157 25.16434890351652 3.5
      vertex 25.083333333325 26.242413778636287 3.5
      vertex 24.21178912538265 25.09870455087455 3.5
    endloop
  endfacet
  facet normal 0 0 -1
    outer loop
      vertex 24.21178912538265 25.09870455087455 3.5
      vertex 25.083333333325 26.242413778636287 3.5
      vertex 24.375 25.015544456622766 3.5
    endloop
  endfacet
  facet normal 0 0 -1
    outer loop
      vertex 24.528624191511827 24.915779740156157 3.5
      vertex 24.375 25.015544456622766 3.5
      vertex 25.083333333325 26.242413778636287 3.5
    endloop
  endfacet
  facet normal 0 0 -1
    outer loop
      vertex 24.528624191511827 22.084220259843843 3.5
      vertex 24.670978561128003 22.19949655541456 3.5
      vertex 25.083333333325 20.757586221363713 3.5
    endloop
  endfacet
  facet normal 0 0 -1
    outer loop
      vertex 24.670978561128003 22.19949655541456 3.5
      vertex 24.80050344458544 22.329021438871997 3.5
      vertex 25.083333333325 20.757586221363713 3.5
    endloop
  endfacet
  facet normal 0 0 -1
    outer loop
      vertex 24.80050344458544 22.329021438871997 3.5
      vertex 24.915779740156157 22.471375808488173 3.5
      vertex 25.083333333325 20.757586221363713 3.5
    endloop
  endfacet
  facet normal 0 0 -1
    outer loop
      vertex 24.915779740156157 22.471375808488173 3.5
      vertex 25.015544456622766 22.625 3.5
      vertex 25.083333333325 20.757586221363713 3.5
    endloop
  endfacet
  facet normal 0 0 -1
    outer loop
      vertex 25.083333333325 20.757586221363713 3.5
      vertex 25.015544456622766 22.625 3.5
      vertex 25.09870455087455 22.78821087461735 3.5
    endloop
  endfacet
  facet normal 0 0 -1
    outer loop
      vertex 25.083333333325 20.757586221363713 3.5
      vertex 25.09870455087455 22.78821087461735 3.5
      vertex 26.66666666665 23.5 3.5
    endloop
  endfacet
  facet normal 0 0 -1
    outer loop
      vertex 25.09870455087455 24.21178912538265 3.5
      vertex 25.015544456622766 24.375 3.5
      vertex 26.66666666665 23.5 3.5
    endloop
  endfacet
  facet normal 0 0 -1
    outer loop
      vertex 25.015544456622766 24.375 3.5
      vertex 25.083333333325 26.242413778636287 3.5
      vertex 26.66666666665 23.5 3.5
    endloop
  endfacet
  facet normal 0 0 -1
    outer loop
      vertex 25.09870455087455 22.78821087461735 3.5
      vertex 25.16434890351652 22.959220259843843 3.5
      vertex 26.66666666665 23.5 3.5
    endloop
  endfacet
  facet normal 0 0 -1
    outer loop
      vertex 25.16434890351652 22.959220259843843 3.5
      vertex 25.21175830128416 23.136154541068922 3.5
      vertex 26.66666666665 23.5 3.5
    endloop
  endfacet
  facet normal 0 0 -1
    outer loop
      vertex 25.21175830128416 23.136154541068922 3.5
      vertex 25.24041331689448 23.317075189281606 3.5
      vertex 26.66666666665 23.5 3.5
    endloop
  endfacet
  facet normal 0 0 -1
    outer loop
      vertex 25.24041331689448 23.317075189281606 3.5
      vertex 25.25 23.5 3.5
      vertex 26.66666666665 23.5 3.5
    endloop
  endfacet
  facet normal 0 0 -1
    outer loop
      vertex 25.25 23.5 3.5
      vertex 25.24041331689448 23.682924810718394 3.5
      vertex 26.66666666665 23.5 3.5
    endloop
  endfacet
  facet normal 0 0 -1
    outer loop
      vertex 25.24041331689448 23.682924810718394 3.5
      vertex 25.21175830128416 23.863845458931078 3.5
      vertex 26.66666666665 23.5 3.5
    endloop
  endfacet
  facet normal 0 0 -1
    outer loop
      vertex 25.16434890351652 24.040779740156157 3.5
      vertex 26.66666666665 23.5 3.5
      vertex 25.21175830128416 23.863845458931078 3.5
    endloop
  endfacet
  facet normal 0 0 -1
    outer loop
      vertex 25.16434890351652 24.040779740156157 3.5
      vertex 25.09870455087455 24.21178912538265 3.5
      vertex 26.66666666665 23.5 3.5
    endloop
  endfacet
  facet normal 0 0 -1
    outer loop
      vertex 24.915779740156157 24.528624191511827 3.5
      vertex 24.80050344458544 24.670978561128003 3.5
      vertex 25.083333333325 26.242413778636287 3.5
    endloop
  endfacet
  facet normal 0 0 -1
    outer loop
      vertex 24.915779740156157 24.528624191511827 3.5
      vertex 25.083333333325 26.242413778636287 3.5
      vertex 25.015544456622766 24.375 3.5
    endloop
  endfacet
  facet normal 0 0 -1
    outer loop
      vertex 24.528624191511827 24.915779740156157 3.5
      vertex 25.083333333325 26.242413778636287 3.5
      vertex 24.670978561128003 24.80050344458544 3.5
    endloop
  endfacet
  facet normal 0 0 -1
    outer loop
      vertex 24.670978561128003 24.80050344458544 3.5
      vertex 25.083333333325 26.242413778636287 3.5
      vertex 24.80050344458544 24.670978561128003 3.5
    endloop
  endfacet
  facet normal 0.7071067811865476 0.7071067811865476 0
    outer loop
      vertex -24.80050344458544 22.329021438871997 3.5
      vertex -24.80050344458544 22.329021438871997 12
      vertex -24.670978561128003 22.19949655541456 3.5
    endloop
  endfacet
  facet normal 0.7771459614569789 0.6293203910498276 0
    outer loop
      vertex -24.80050344458544 22.329021438871997 3.5
      vertex -24.915779740156157 22.471375808488173 3.5
      vertex -24.915779740156157 22.471375808488173 12
    endloop
  endfacet
  facet normal 0.8386705679454246 0.5446390350150263 0
    outer loop
      vertex -25.015544456622766 22.625 3.5
      vertex -25.015544456622766 22.625 12
      vertex -24.915779740156157 22.471375808488173 3.5
    endloop
  endfacet
  facet normal 0.8910065241883655 0.45399049973955147 0
    outer loop
      vertex -25.015544456622766 22.625 3.5
      vertex -25.09870455087455 22.78821087461735 3.5
      vertex -25.09870455087455 22.78821087461735 12
    endloop
  endfacet
  facet normal 0.9335804264972015 0.3583679495453006 0
    outer loop
      vertex -25.16434890351652 22.959220259843843 3.5
      vertex -25.16434890351652 22.959220259843843 12
      vertex -25.09870455087455 22.78821087461735 3.5
    endloop
  endfacet
  facet normal 0.9659258262890685 0.2588190451025197 0
    outer loop
      vertex -25.16434890351652 22.959220259843843 3.5
      vertex -25.21175830128416 23.136154541068922 3.5
      vertex -25.21175830128416 23.136154541068922 12
    endloop
  endfacet
  facet normal 0.9876883405951372 0.15643446504023434 0
    outer loop
      vertex -25.21175830128416 23.136154541068922 3.5
      vertex -25.24041331689448 23.317075189281606 3.5
      vertex -25.24041331689448 23.317075189281606 12
    endloop
  endfacet
  facet normal 0.9986295347545739 0.05233595624294094 0
    outer loop
      vertex -25.24041331689448 23.317075189281606 3.5
      vertex -25.25 23.5 3.5
      vertex -25.25 23.5 12
    endloop
  endfacet
  facet normal 0.9986295347545739 -0.05233595624294094 0
    outer loop
      vertex -25.25 23.5 3.5
      vertex -25.24041331689448 23.682924810718394 3.5
      vertex -25.24041331689448 23.682924810718394 12
    endloop
  endfacet
  facet normal 0.9876883405951372 -0.15643446504023434 0
    outer loop
      vertex -25.24041331689448 23.682924810718394 3.5
      vertex -25.21175830128416 23.863845458931078 3.5
      vertex -25.21175830128416 23.863845458931078 12
    endloop
  endfacet
  facet normal 0.9659258262890685 -0.2588190451025197 0
    outer loop
      vertex -25.21175830128416 23.863845458931078 3.5
      vertex -25.16434890351652 24.040779740156157 3.5
      vertex -25.16434890351652 24.040779740156157 12
    endloop
  endfacet
  facet normal 0.9335804264972015 -0.3583679495453006 0
    outer loop
      vertex -25.16434890351652 24.040779740156157 3.5
      vertex -25.09870455087455 24.21178912538265 3.5
      vertex -25.09870455087455 24.21178912538265 12
    endloop
  endfacet
  facet normal 0.8910065241883655 -0.45399049973955147 0
    outer loop
      vertex -25.09870455087455 24.21178912538265 3.5
      vertex -25.015544456622766 24.375 3.5
      vertex -25.015544456622766 24.375 12
    endloop
  endfacet
  facet normal 0.8386705679454246 -0.5446390350150263 0
    outer loop
      vertex -25.015544456622766 24.375 3.5
      vertex -24.915779740156157 24.528624191511827 3.5
      vertex -24.915779740156157 24.528624191511827 12
    endloop
  endfacet
  facet normal 0.7771459614569789 -0.6293203910498276 0
    outer loop
      vertex -24.915779740156157 24.528624191511827 3.5
      vertex -24.80050344458544 24.670978561128003 3.5
      vertex -24.80050344458544 24.670978561128003 12
    endloop
  endfacet
  facet normal 0.5446390350150263 0.8386705679454246 0
    outer loop
      vertex -24.528624191511827 22.084220259843843 3.5
      vertex -24.528624191511827 22.084220259843843 12
      vertex -24.375 21.984455543377234 3.5
    endloop
  endfacet
  facet normal 0.45399049973955147 0.8910065241883655 0
    outer loop
      vertex -24.375 21.984455543377234 3.5
      vertex -24.375 21.984455543377234 12
      vertex -24.21178912538265 21.90129544912545 3.5
    endloop
  endfacet
  facet normal 0.3583679495453006 0.9335804264972015 0
    outer loop
      vertex -24.21178912538265 21.90129544912545 3.5
      vertex -24.21178912538265 21.90129544912545 12
      vertex -24.040779740156157 21.83565109648348 3.5
    endloop
  endfacet
  facet normal 0.2588190451025197 0.9659258262890685 0
    outer loop
      vertex -24.040779740156157 21.83565109648348 3.5
      vertex -24.040779740156157 21.83565109648348 12
      vertex -23.863845458931078 21.78824169871584 3.5
    endloop
  endfacet
  facet normal 0.6293203910498276 0.7771459614569789 0
    outer loop
      vertex -24.528624191511827 22.084220259843843 3.5
      vertex -24.670978561128003 22.19949655541456 3.5
      vertex -24.670978561128003 22.19949655541456 12
    endloop
  endfacet
  facet normal 0.15643446504023434 0.9876883405951372 0
    outer loop
      vertex -23.863845458931078 21.78824169871584 3.5
      vertex -23.863845458931078 21.78824169871584 12
      vertex -23.682924810718394 21.75958668310552 3.5
    endloop
  endfacet
  facet normal 0.05233595624294094 0.9986295347545739 0
    outer loop
      vertex -23.682924810718394 21.75958668310552 3.5
      vertex -23.682924810718394 21.75958668310552 12
      vertex -23.5 21.75 3.5
    endloop
  endfacet
  facet normal -0.05233595624294094 0.9986295347545739 0
    outer loop
      vertex -23.5 21.75 3.5
      vertex -23.5 21.75 12
      vertex -23.317075189281606 21.75958668310552 3.5
    endloop
  endfacet
  facet normal -0.15643446504023434 0.9876883405951372 0
    outer loop
      vertex -23.317075189281606 21.75958668310552 3.5
      vertex -23.317075189281606 21.75958668310552 12
      vertex -23.136154541068922 21.78824169871584 3.5
    endloop
  endfacet
  facet normal -0.2588190451025197 0.9659258262890685 0
    outer loop
      vertex -23.136154541068922 21.78824169871584 3.5
      vertex -23.136154541068922 21.78824169871584 12
      vertex -22.959220259843843 21.83565109648348 3.5
    endloop
  endfacet
  facet normal -0.3583679495453006 0.9335804264972015 0
    outer loop
      vertex -22.959220259843843 21.83565109648348 3.5
      vertex -22.959220259843843 21.83565109648348 12
      vertex -22.78821087461735 21.90129544912545 3.5
    endloop
  endfacet
  facet normal -0.45399049973955147 0.8910065241883655 0
    outer loop
      vertex -22.78821087461735 21.90129544912545 3.5
      vertex -22.78821087461735 21.90129544912545 12
      vertex -22.625 21.984455543377234 3.5
    endloop
  endfacet
  facet normal -0.5446390350150263 0.8386705679454246 0
    outer loop
      vertex -22.625 21.984455543377234 3.5
      vertex -22.625 21.984455543377234 12
      vertex -22.471375808488173 22.084220259843843 3.5
    endloop
  endfacet
  facet normal -0.6293203910498276 0.7771459614569789 0
    outer loop
      vertex -22.471375808488173 22.084220259843843 3.5
      vertex -22.471375808488173 22.084220259843843 12
      vertex -22.329021438871997 22.19949655541456 3.5
    endloop
  endfacet
  facet normal -0.7071067811865476 0.7071067811865476 0
    outer loop
      vertex -22.329021438871997 22.19949655541456 3.5
      vertex -22.329021438871997 22.19949655541456 12
      vertex -22.19949655541456 22.329021438871997 3.5
    endloop
  endfacet
  facet normal -0.7771459614569789 0.6293203910498276 0
    outer loop
      vertex -22.19949655541456 22.329021438871997 3.5
      vertex -22.19949655541456 22.329021438871997 12
      vertex -22.084220259843843 22.471375808488173 3.5
    endloop
  endfacet
  facet normal -0.8386705679454246 0.5446390350150263 0
    outer loop
      vertex -22.084220259843843 22.471375808488173 3.5
      vertex -22.084220259843843 22.471375808488173 12
      vertex -21.984455543377234 22.625 3.5
    endloop
  endfacet
  facet normal -0.8910065241883655 0.45399049973955147 0
    outer loop
      vertex -21.984455543377234 22.625 3.5
      vertex -21.984455543377234 22.625 12
      vertex -21.90129544912545 22.78821087461735 3.5
    endloop
  endfacet
  facet normal -0.9335804264972015 0.3583679495453006 0
    outer loop
      vertex -21.90129544912545 22.78821087461735 3.5
      vertex -21.90129544912545 22.78821087461735 12
      vertex -21.83565109648348 22.959220259843843 3.5
    endloop
  endfacet
  facet normal -0.7071067811865476 -0.7071067811865476 0
    outer loop
      vertex -22.329021438871997 24.80050344458544 3.5
      vertex -22.19949655541456 24.670978561128003 3.5
      vertex -22.19949655541456 24.670978561128003 12
    endloop
  endfacet
  facet normal -0.7771459614569789 -0.6293203910498276 0
    outer loop
      vertex -22.084220259843843 24.528624191511827 3.5
      vertex -22.084220259843843 24.528624191511827 12
      vertex -22.19949655541456 24.670978561128003 3.5
    endloop
  endfacet
  facet normal -0.9659258262890685 0.2588190451025197 0
    outer loop
      vertex -21.83565109648348 22.959220259843843 3.5
      vertex -21.83565109648348 22.959220259843843 12
      vertex -21.78824169871584 23.136154541068922 3.5
    endloop
  endfacet
  facet normal -0.9876883405951372 0.15643446504023434 0
    outer loop
      vertex -21.78824169871584 23.136154541068922 3.5
      vertex -21.78824169871584 23.136154541068922 12
      vertex -21.75958668310552 23.317075189281606 3.5
    endloop
  endfacet
  facet normal -0.9986295347545739 0.05233595624294094 0
    outer loop
      vertex -21.75958668310552 23.317075189281606 3.5
      vertex -21.75958668310552 23.317075189281606 12
      vertex -21.75 23.5 3.5
    endloop
  endfacet
  facet normal -0.9986295347545739 -0.05233595624294094 0
    outer loop
      vertex -21.75 23.5 3.5
      vertex -21.75 23.5 12
      vertex -21.75958668310552 23.682924810718394 3.5
    endloop
  endfacet
  facet normal -0.9876883405951372 -0.15643446504023434 0
    outer loop
      vertex -21.75958668310552 23.682924810718394 3.5
      vertex -21.75958668310552 23.682924810718394 12
      vertex -21.78824169871584 23.863845458931078 3.5
    endloop
  endfacet
  facet normal -0.9335804264972015 -0.3583679495453006 0
    outer loop
      vertex -21.83565109648348 24.040779740156157 3.5
      vertex -21.83565109648348 24.040779740156157 12
      vertex -21.90129544912545 24.21178912538265 3.5
    endloop
  endfacet
  facet normal -0.8910065241883655 -0.45399049973955147 0
    outer loop
      vertex -21.984455543377234 24.375 3.5
      vertex -21.90129544912545 24.21178912538265 3.5
      vertex -21.90129544912545 24.21178912538265 12
    endloop
  endfacet
  facet normal -0.9659258262890685 -0.2588190451025197 0
    outer loop
      vertex -21.78824169871584 23.863845458931078 3.5
      vertex -21.78824169871584 23.863845458931078 12
      vertex -21.83565109648348 24.040779740156157 3.5
    endloop
  endfacet
  facet normal -0.8386705679454246 -0.5446390350150263 0
    outer loop
      vertex -22.084220259843843 24.528624191511827 3.5
      vertex -21.984455543377234 24.375 3.5
      vertex -21.984455543377234 24.375 12
    endloop
  endfacet
  facet normal 0.7071067811865476 -0.7071067811865476 0
    outer loop
      vertex -24.80050344458544 24.670978561128003 3.5
      vertex -24.670978561128003 24.80050344458544 3.5
      vertex -24.670978561128003 24.80050344458544 12
    endloop
  endfacet
  facet normal 0.6293203910498276 -0.7771459614569789 0
    outer loop
      vertex -24.670978561128003 24.80050344458544 3.5
      vertex -24.528624191511827 24.915779740156157 3.5
      vertex -24.528624191511827 24.915779740156157 12
    endloop
  endfacet
  facet normal 0.5446390350150263 -0.8386705679454246 0
    outer loop
      vertex -24.528624191511827 24.915779740156157 3.5
      vertex -24.375 25.015544456622766 3.5
      vertex -24.375 25.015544456622766 12
    endloop
  endfacet
  facet normal 0.45399049973955147 -0.8910065241883655 0
    outer loop
      vertex -24.375 25.015544456622766 3.5
      vertex -24.21178912538265 25.09870455087455 3.5
      vertex -24.21178912538265 25.09870455087455 12
    endloop
  endfacet
  facet normal 0.3583679495453006 -0.9335804264972015 0
    outer loop
      vertex -24.21178912538265 25.09870455087455 3.5
      vertex -24.040779740156157 25.16434890351652 3.5
      vertex -24.040779740156157 25.16434890351652 12
    endloop
  endfacet
  facet normal 0.2588190451025197 -0.9659258262890685 0
    outer loop
      vertex -24.040779740156157 25.16434890351652 3.5
      vertex -23.863845458931078 25.21175830128416 3.5
      vertex -23.863845458931078 25.21175830128416 12
    endloop
  endfacet
  facet normal 0.15643446504023434 -0.9876883405951372 0
    outer loop
      vertex -23.863845458931078 25.21175830128416 3.5
      vertex -23.682924810718394 25.24041331689448 3.5
      vertex -23.682924810718394 25.24041331689448 12
    endloop
  endfacet
  facet normal 0.05233595624294094 -0.9986295347545739 0
    outer loop
      vertex -23.682924810718394 25.24041331689448 3.5
      vertex -23.5 25.25 3.5
      vertex -23.5 25.25 12
    endloop
  endfacet
  facet normal -0.05233595624294094 -0.9986295347545739 0
    outer loop
      vertex -23.5 25.25 3.5
      vertex -23.317075189281606 25.24041331689448 3.5
      vertex -23.317075189281606 25.24041331689448 12
    endloop
  endfacet
  facet normal -0.15643446504023434 -0.9876883405951372 0
    outer loop
      vertex -23.136154541068922 25.21175830128416 3.5
      vertex -23.136154541068922 25.21175830128416 12
      vertex -23.317075189281606 25.24041331689448 3.5
    endloop
  endfacet
  facet normal -0.2588190451025197 -0.9659258262890685 0
    outer loop
      vertex -23.136154541068922 25.21175830128416 3.5
      vertex -22.959220259843843 25.16434890351652 3.5
      vertex -22.959220259843843 25.16434890351652 12
    endloop
  endfacet
  facet normal -0.3583679495453006 -0.9335804264972015 0
    outer loop
      vertex -22.959220259843843 25.16434890351652 3.5
      vertex -22.78821087461735 25.09870455087455 3.5
      vertex -22.78821087461735 25.09870455087455 12
    endloop
  endfacet
  facet normal -0.45399049973955147 -0.8910065241883655 0
    outer loop
      vertex -22.78821087461735 25.09870455087455 3.5
      vertex -22.625 25.015544456622766 3.5
      vertex -22.625 25.015544456622766 12
    endloop
  endfacet
  facet normal -0.5446390350150263 -0.8386705679454246 0
    outer loop
      vertex -22.625 25.015544456622766 3.5
      vertex -22.471375808488173 24.915779740156157 3.5
      vertex -22.471375808488173 24.915779740156157 12
    endloop
  endfacet
  facet normal -0.6293203910498276 -0.7771459614569789 0
    outer loop
      vertex -22.329021438871997 24.80050344458544 3.5
      vertex -22.329021438871997 24.80050344458544 12
      vertex -22.471375808488173 24.915779740156157 3.5
    endloop
  endfacet
  facet normal 0.7771459614569789 0.6293203910498276 0
    outer loop
      vertex -24.80050344458544 22.329021438871997 3.5
      vertex -24.915779740156157 22.471375808488173 12
      vertex -24.80050344458544 22.329021438871997 12
    endloop
  endfacet
  facet normal 0.8386705679454246 0.5446390350150263 0
    outer loop
      vertex -24.915779740156157 22.471375808488173 3.5
      vertex -25.015544456622766 22.625 12
      vertex -24.915779740156157 22.471375808488173 12
    endloop
  endfacet
  facet normal 0.8910065241883655 0.45399049973955147 0
    outer loop
      vertex -25.015544456622766 22.625 3.5
      vertex -25.09870455087455 22.78821087461735 12
      vertex -25.015544456622766 22.625 12
    endloop
  endfacet
  facet normal 0.9335804264972015 0.3583679495453006 0
    outer loop
      vertex -25.09870455087455 22.78821087461735 3.5
      vertex -25.16434890351652 22.959220259843843 12
      vertex -25.09870455087455 22.78821087461735 12
    endloop
  endfacet
  facet normal 0.9659258262890685 0.2588190451025197 0
    outer loop
      vertex -25.16434890351652 22.959220259843843 3.5
      vertex -25.21175830128416 23.136154541068922 12
      vertex -25.16434890351652 22.959220259843843 12
    endloop
  endfacet
  facet normal 0.9876883405951372 0.15643446504023434 0
    outer loop
      vertex -25.21175830128416 23.136154541068922 3.5
      vertex -25.24041331689448 23.317075189281606 12
      vertex -25.21175830128416 23.136154541068922 12
    endloop
  endfacet
  facet normal 0.9986295347545739 0.05233595624294094 0
    outer loop
      vertex -25.24041331689448 23.317075189281606 3.5
      vertex -25.25 23.5 12
      vertex -25.24041331689448 23.317075189281606 12
    endloop
  endfacet
  facet normal 0.9986295347545739 -0.05233595624294094 0
    outer loop
      vertex -25.25 23.5 3.5
      vertex -25.24041331689448 23.682924810718394 12
      vertex -25.25 23.5 12
    endloop
  endfacet
  facet normal 0.9876883405951372 -0.15643446504023434 0
    outer loop
      vertex -25.24041331689448 23.682924810718394 3.5
      vertex -25.21175830128416 23.863845458931078 12
      vertex -25.24041331689448 23.682924810718394 12
    endloop
  endfacet
  facet normal 0.9659258262890685 -0.2588190451025197 0
    outer loop
      vertex -25.21175830128416 23.863845458931078 3.5
      vertex -25.16434890351652 24.040779740156157 12
      vertex -25.21175830128416 23.863845458931078 12
    endloop
  endfacet
  facet normal 0.9335804264972015 -0.3583679495453006 0
    outer loop
      vertex -25.16434890351652 24.040779740156157 3.5
      vertex -25.09870455087455 24.21178912538265 12
      vertex -25.16434890351652 24.040779740156157 12
    endloop
  endfacet
  facet normal 0.8910065241883655 -0.45399049973955147 0
    outer loop
      vertex -25.09870455087455 24.21178912538265 3.5
      vertex -25.015544456622766 24.375 12
      vertex -25.09870455087455 24.21178912538265 12
    endloop
  endfacet
  facet normal 0.8386705679454246 -0.5446390350150263 0
    outer loop
      vertex -25.015544456622766 24.375 3.5
      vertex -24.915779740156157 24.528624191511827 12
      vertex -25.015544456622766 24.375 12
    endloop
  endfacet
  facet normal 0.7771459614569789 -0.6293203910498276 0
    outer loop
      vertex -24.915779740156157 24.528624191511827 3.5
      vertex -24.80050344458544 24.670978561128003 12
      vertex -24.915779740156157 24.528624191511827 12
    endloop
  endfacet
  facet normal 0.7071067811865476 -0.7071067811865476 0
    outer loop
      vertex -24.80050344458544 24.670978561128003 3.5
      vertex -24.670978561128003 24.80050344458544 12
      vertex -24.80050344458544 24.670978561128003 12
    endloop
  endfacet
  facet normal 0.5446390350150263 0.8386705679454246 0
    outer loop
      vertex -24.375 21.984455543377234 3.5
      vertex -24.528624191511827 22.084220259843843 12
      vertex -24.375 21.984455543377234 12
    endloop
  endfacet
  facet normal 0.45399049973955147 0.8910065241883655 0
    outer loop
      vertex -24.21178912538265 21.90129544912545 3.5
      vertex -24.375 21.984455543377234 12
      vertex -24.21178912538265 21.90129544912545 12
    endloop
  endfacet
  facet normal 0.3583679495453006 0.9335804264972015 0
    outer loop
      vertex -24.040779740156157 21.83565109648348 3.5
      vertex -24.21178912538265 21.90129544912545 12
      vertex -24.040779740156157 21.83565109648348 12
    endloop
  endfacet
  facet normal 0.2588190451025197 0.9659258262890685 0
    outer loop
      vertex -23.863845458931078 21.78824169871584 3.5
      vertex -24.040779740156157 21.83565109648348 12
      vertex -23.863845458931078 21.78824169871584 12
    endloop
  endfacet
  facet normal 0.7071067811865476 0.7071067811865476 0
    outer loop
      vertex -24.670978561128003 22.19949655541456 3.5
      vertex -24.80050344458544 22.329021438871997 12
      vertex -24.670978561128003 22.19949655541456 12
    endloop
  endfacet
  facet normal 0.6293203910498276 0.7771459614569789 0
    outer loop
      vertex -24.528624191511827 22.084220259843843 3.5
      vertex -24.670978561128003 22.19949655541456 12
      vertex -24.528624191511827 22.084220259843843 12
    endloop
  endfacet
  facet normal 0.15643446504023434 0.9876883405951372 0
    outer loop
      vertex -23.682924810718394 21.75958668310552 3.5
      vertex -23.863845458931078 21.78824169871584 12
      vertex -23.682924810718394 21.75958668310552 12
    endloop
  endfacet
  facet normal 0.05233595624294094 0.9986295347545739 0
    outer loop
      vertex -23.5 21.75 3.5
      vertex -23.682924810718394 21.75958668310552 12
      vertex -23.5 21.75 12
    endloop
  endfacet
  facet normal -0.05233595624294094 0.9986295347545739 0
    outer loop
      vertex -23.317075189281606 21.75958668310552 3.5
      vertex -23.5 21.75 12
      vertex -23.317075189281606 21.75958668310552 12
    endloop
  endfacet
  facet normal -0.15643446504023434 0.9876883405951372 0
    outer loop
      vertex -23.136154541068922 21.78824169871584 3.5
      vertex -23.317075189281606 21.75958668310552 12
      vertex -23.136154541068922 21.78824169871584 12
    endloop
  endfacet
  facet normal -0.2588190451025197 0.9659258262890685 0
    outer loop
      vertex -22.959220259843843 21.83565109648348 3.5
      vertex -23.136154541068922 21.78824169871584 12
      vertex -22.959220259843843 21.83565109648348 12
    endloop
  endfacet
  facet normal -0.3583679495453006 0.9335804264972015 0
    outer loop
      vertex -22.78821087461735 21.90129544912545 3.5
      vertex -22.959220259843843 21.83565109648348 12
      vertex -22.78821087461735 21.90129544912545 12
    endloop
  endfacet
  facet normal -0.45399049973955147 0.8910065241883655 0
    outer loop
      vertex -22.625 21.984455543377234 3.5
      vertex -22.78821087461735 21.90129544912545 12
      vertex -22.625 21.984455543377234 12
    endloop
  endfacet
  facet normal -0.5446390350150263 0.8386705679454246 0
    outer loop
      vertex -22.471375808488173 22.084220259843843 3.5
      vertex -22.625 21.984455543377234 12
      vertex -22.471375808488173 22.084220259843843 12
    endloop
  endfacet
  facet normal -0.6293203910498276 0.7771459614569789 0
    outer loop
      vertex -22.329021438871997 22.19949655541456 3.5
      vertex -22.471375808488173 22.084220259843843 12
      vertex -22.329021438871997 22.19949655541456 12
    endloop
  endfacet
  facet normal -0.7071067811865476 0.7071067811865476 0
    outer loop
      vertex -22.19949655541456 22.329021438871997 3.5
      vertex -22.329021438871997 22.19949655541456 12
      vertex -22.19949655541456 22.329021438871997 12
    endloop
  endfacet
  facet normal -0.7771459614569789 0.6293203910498276 0
    outer loop
      vertex -22.084220259843843 22.471375808488173 3.5
      vertex -22.19949655541456 22.329021438871997 12
      vertex -22.084220259843843 22.471375808488173 12
    endloop
  endfacet
  facet normal -0.8386705679454246 0.5446390350150263 0
    outer loop
      vertex -21.984455543377234 22.625 3.5
      vertex -22.084220259843843 22.471375808488173 12
      vertex -21.984455543377234 22.625 12
    endloop
  endfacet
  facet normal -0.8910065241883655 0.45399049973955147 0
    outer loop
      vertex -21.90129544912545 22.78821087461735 3.5
      vertex -21.984455543377234 22.625 12
      vertex -21.90129544912545 22.78821087461735 12
    endloop
  endfacet
  facet normal -0.9335804264972015 0.3583679495453006 0
    outer loop
      vertex -21.83565109648348 22.959220259843843 3.5
      vertex -21.90129544912545 22.78821087461735 12
      vertex -21.83565109648348 22.959220259843843 12
    endloop
  endfacet
  facet normal -0.7771459614569789 -0.6293203910498276 0
    outer loop
      vertex -22.19949655541456 24.670978561128003 3.5
      vertex -22.084220259843843 24.528624191511827 12
      vertex -22.19949655541456 24.670978561128003 12
    endloop
  endfacet
  facet normal -0.9659258262890685 0.2588190451025197 0
    outer loop
      vertex -21.78824169871584 23.136154541068922 3.5
      vertex -21.83565109648348 22.959220259843843 12
      vertex -21.78824169871584 23.136154541068922 12
    endloop
  endfacet
  facet normal -0.9876883405951372 0.15643446504023434 0
    outer loop
      vertex -21.75958668310552 23.317075189281606 3.5
      vertex -21.78824169871584 23.136154541068922 12
      vertex -21.75958668310552 23.317075189281606 12
    endloop
  endfacet
  facet normal -0.9986295347545739 0.05233595624294094 0
    outer loop
      vertex -21.75 23.5 3.5
      vertex -21.75958668310552 23.317075189281606 12
      vertex -21.75 23.5 12
    endloop
  endfacet
  facet normal -0.9986295347545739 -0.05233595624294094 0
    outer loop
      vertex -21.75958668310552 23.682924810718394 3.5
      vertex -21.75 23.5 12
      vertex -21.75958668310552 23.682924810718394 12
    endloop
  endfacet
  facet normal -0.9876883405951372 -0.15643446504023434 0
    outer loop
      vertex -21.78824169871584 23.863845458931078 3.5
      vertex -21.75958668310552 23.682924810718394 12
      vertex -21.78824169871584 23.863845458931078 12
    endloop
  endfacet
  facet normal -0.9335804264972015 -0.3583679495453006 0
    outer loop
      vertex -21.90129544912545 24.21178912538265 3.5
      vertex -21.83565109648348 24.040779740156157 12
      vertex -21.90129544912545 24.21178912538265 12
    endloop
  endfacet
  facet normal -0.9659258262890685 -0.2588190451025197 0
    outer loop
      vertex -21.83565109648348 24.040779740156157 3.5
      vertex -21.78824169871584 23.863845458931078 12
      vertex -21.83565109648348 24.040779740156157 12
    endloop
  endfacet
  facet normal -0.8386705679454246 -0.5446390350150263 0
    outer loop
      vertex -22.084220259843843 24.528624191511827 3.5
      vertex -21.984455543377234 24.375 12
      vertex -22.084220259843843 24.528624191511827 12
    endloop
  endfacet
  facet normal -0.8910065241883655 -0.45399049973955147 0
    outer loop
      vertex -21.984455543377234 24.375 3.5
      vertex -21.90129544912545 24.21178912538265 12
      vertex -21.984455543377234 24.375 12
    endloop
  endfacet
  facet normal 0.6293203910498276 -0.7771459614569789 0
    outer loop
      vertex -24.670978561128003 24.80050344458544 3.5
      vertex -24.528624191511827 24.915779740156157 12
      vertex -24.670978561128003 24.80050344458544 12
    endloop
  endfacet
  facet normal 0.5446390350150263 -0.8386705679454246 0
    outer loop
      vertex -24.528624191511827 24.915779740156157 3.5
      vertex -24.375 25.015544456622766 12
      vertex -24.528624191511827 24.915779740156157 12
    endloop
  endfacet
  facet normal 0.45399049973955147 -0.8910065241883655 0
    outer loop
      vertex -24.375 25.015544456622766 3.5
      vertex -24.21178912538265 25.09870455087455 12
      vertex -24.375 25.015544456622766 12
    endloop
  endfacet
  facet normal 0.3583679495453006 -0.9335804264972015 0
    outer loop
      vertex -24.21178912538265 25.09870455087455 3.5
      vertex -24.040779740156157 25.16434890351652 12
      vertex -24.21178912538265 25.09870455087455 12
    endloop
  endfacet
  facet normal 0.2588190451025197 -0.9659258262890685 0
    outer loop
      vertex -24.040779740156157 25.16434890351652 3.5
      vertex -23.863845458931078 25.21175830128416 12
      vertex -24.040779740156157 25.16434890351652 12
    endloop
  endfacet
  facet normal 0.15643446504023434 -0.9876883405951372 0
    outer loop
      vertex -23.863845458931078 25.21175830128416 3.5
      vertex -23.682924810718394 25.24041331689448 12
      vertex -23.863845458931078 25.21175830128416 12
    endloop
  endfacet
  facet normal 0.05233595624294094 -0.9986295347545739 0
    outer loop
      vertex -23.682924810718394 25.24041331689448 3.5
      vertex -23.5 25.25 12
      vertex -23.682924810718394 25.24041331689448 12
    endloop
  endfacet
  facet normal -0.05233595624294094 -0.9986295347545739 0
    outer loop
      vertex -23.5 25.25 3.5
      vertex -23.317075189281606 25.24041331689448 12
      vertex -23.5 25.25 12
    endloop
  endfacet
  facet normal -0.15643446504023434 -0.9876883405951372 0
    outer loop
      vertex -23.317075189281606 25.24041331689448 3.5
      vertex -23.136154541068922 25.21175830128416 12
      vertex -23.317075189281606 25.24041331689448 12
    endloop
  endfacet
  facet normal -0.2588190451025197 -0.9659258262890685 0
    outer loop
      vertex -23.136154541068922 25.21175830128416 3.5
      vertex -22.959220259843843 25.16434890351652 12
      vertex -23.136154541068922 25.21175830128416 12
    endloop
  endfacet
  facet normal -0.3583679495453006 -0.9335804264972015 0
    outer loop
      vertex -22.959220259843843 25.16434890351652 3.5
      vertex -22.78821087461735 25.09870455087455 12
      vertex -22.959220259843843 25.16434890351652 12
    endloop
  endfacet
  facet normal -0.45399049973955147 -0.8910065241883655 0
    outer loop
      vertex -22.78821087461735 25.09870455087455 3.5
      vertex -22.625 25.015544456622766 12
      vertex -22.78821087461735 25.09870455087455 12
    endloop
  endfacet
  facet normal -0.5446390350150263 -0.8386705679454246 0
    outer loop
      vertex -22.625 25.015544456622766 3.5
      vertex -22.471375808488173 24.915779740156157 12
      vertex -22.625 25.015544456622766 12
    endloop
  endfacet
  facet normal -0.6293203910498276 -0.7771459614569789 0
    outer loop
      vertex -22.471375808488173 24.915779740156157 3.5
      vertex -22.329021438871997 24.80050344458544 12
      vertex -22.471375808488173 24.915779740156157 12
    endloop
  endfacet
  facet normal -0.7071067811865476 -0.7071067811865476 0
    outer loop
      vertex -22.329021438871997 24.80050344458544 3.5
      vertex -22.19949655541456 24.670978561128003 12
      vertex -22.329021438871997 24.80050344458544 12
    endloop
  endfacet
  facet normal 0 0 -1
    outer loop
      vertex -25.21175830128416 23.136154541068922 12
      vertex -25.24041331689448 23.317075189281606 12
      vertex -25.24041331689448 23.682924810718394 12
    endloop
  endfacet
  facet normal 0 0 -1
    outer loop
      vertex -25.16434890351652 22.959220259843843 12
      vertex -25.21175830128416 23.136154541068922 12
      vertex -25.21175830128416 23.863845458931078 12
    endloop
  endfacet
  facet normal 0 0 -1
    outer loop
      vertex -25.24041331689448 23.317075189281606 12
      vertex -25.25 23.5 12
      vertex -25.24041331689448 23.682924810718394 12
    endloop
  endfacet
  facet normal 0 0 -1
    outer loop
      vertex -25.21175830128416 23.136154541068922 12
      vertex -25.24041331689448 23.682924810718394 12
      vertex -25.21175830128416 23.863845458931078 12
    endloop
  endfacet
  facet normal 0 0 -1
    outer loop
      vertex -25.16434890351652 22.959220259843843 12
      vertex -25.21175830128416 23.863845458931078 12
      vertex -25.16434890351652 24.040779740156157 12
    endloop
  endfacet
  facet normal 0 0 -1
    outer loop
      vertex -25.015544456622766 22.625 12
      vertex -25.015544456622766 24.375 12
      vertex -24.915779740156157 22.471375808488173 12
    endloop
  endfacet
  facet normal 0 0 -1
    outer loop
      vertex -25.16434890351652 22.959220259843843 12
      vertex -25.16434890351652 24.040779740156157 12
      vertex -25.09870455087455 22.78821087461735 12
    endloop
  endfacet
  facet normal 0 0 -1
    outer loop
      vertex -25.015544456622766 22.625 12
      vertex -25.09870455087455 22.78821087461735 12
      vertex -25.09870455087455 24.21178912538265 12
    endloop
  endfacet
  facet normal 0 0 -1
    outer loop
      vertex -24.80050344458544 22.329021438871997 12
      vertex -24.915779740156157 22.471375808488173 12
      vertex -24.915779740156157 24.528624191511827 12
    endloop
  endfacet
  facet normal 0 0 -1
    outer loop
      vertex -24.80050344458544 22.329021438871997 12
      vertex -24.80050344458544 24.670978561128003 12
      vertex -24.670978561128003 22.19949655541456 12
    endloop
  endfacet
  facet normal 0 0 -1
    outer loop
      vertex -25.09870455087455 22.78821087461735 12
      vertex -25.16434890351652 24.040779740156157 12
      vertex -25.09870455087455 24.21178912538265 12
    endloop
  endfacet
  facet normal 0 0 -1
    outer loop
      vertex -25.015544456622766 22.625 12
      vertex -25.09870455087455 24.21178912538265 12
      vertex -25.015544456622766 24.375 12
    endloop
  endfacet
  facet normal 0 0 -1
    outer loop
      vertex -24.915779740156157 22.471375808488173 12
      vertex -25.015544456622766 24.375 12
      vertex -24.915779740156157 24.528624191511827 12
    endloop
  endfacet
  facet normal 0 0 -1
    outer loop
      vertex -24.80050344458544 22.329021438871997 12
      vertex -24.915779740156157 24.528624191511827 12
      vertex -24.80050344458544 24.670978561128003 12
    endloop
  endfacet
  facet normal 0 0 -1
    outer loop
      vertex -24.21178912538265 21.90129544912545 12
      vertex -24.21178912538265 25.09870455087455 12
      vertex -24.040779740156157 21.83565109648348 12
    endloop
  endfacet
  facet normal 0 0 -1
    outer loop
      vertex -24.040779740156157 21.83565109648348 12
      vertex -24.040779740156157 25.16434890351652 12
      vertex -23.863845458931078 21.78824169871584 12
    endloop
  endfacet
  facet normal 0 0 -1
    outer loop
      vertex -23.863845458931078 21.78824169871584 12
      vertex -23.863845458931078 25.21175830128416 12
      vertex -23.682924810718394 21.75958668310552 12
    endloop
  endfacet
  facet normal 0 0 -1
    outer loop
      vertex -23.682924810718394 21.75958668310552 12
      vertex -23.682924810718394 25.24041331689448 12
      vertex -23.5 21.75 12
    endloop
  endfacet
  facet normal 0 0 -1
    outer loop
      vertex -23.5 21.75 12
      vertex -23.5 25.25 12
      vertex -23.317075189281606 21.75958668310552 12
    endloop
  endfacet
  facet normal 0 0 -1
    outer loop
      vertex -23.317075189281606 21.75958668310552 12
      vertex -23.317075189281606 25.24041331689448 12
      vertex -23.136154541068922 21.78824169871584 12
    endloop
  endfacet
  facet normal 0 0 -1
    outer loop
      vertex -23.136154541068922 21.78824169871584 12
      vertex -23.136154541068922 25.21175830128416 12
      vertex -22.959220259843843 21.83565109648348 12
    endloop
  endfacet
  facet normal 0 0 -1
    outer loop
      vertex -24.528624191511827 22.084220259843843 12
      vertex -24.670978561128003 22.19949655541456 12
      vertex -24.670978561128003 24.80050344458544 12
    endloop
  endfacet
  facet normal 0 0 -1
    outer loop
      vertex -24.528624191511827 22.084220259843843 12
      vertex -24.528624191511827 24.915779740156157 12
      vertex -24.375 21.984455543377234 12
    endloop
  endfacet
  facet normal 0 0 -1
    outer loop
      vertex -24.375 21.984455543377234 12
      vertex -24.375 25.015544456622766 12
      vertex -24.21178912538265 21.90129544912545 12
    endloop
  endfacet
  facet normal 0 0 -1
    outer loop
      vertex -24.670978561128003 22.19949655541456 12
      vertex -24.80050344458544 24.670978561128003 12
      vertex -24.670978561128003 24.80050344458544 12
    endloop
  endfacet
  facet normal 0 0 -1
    outer loop
      vertex -24.528624191511827 22.084220259843843 12
      vertex -24.670978561128003 24.80050344458544 12
      vertex -24.528624191511827 24.915779740156157 12
    endloop
  endfacet
  facet normal 0 0 -1
    outer loop
      vertex -24.375 21.984455543377234 12
      vertex -24.528624191511827 24.915779740156157 12
      vertex -24.375 25.015544456622766 12
    endloop
  endfacet
  facet normal 0 0 -1
    outer loop
      vertex -24.21178912538265 21.90129544912545 12
      vertex -24.375 25.015544456622766 12
      vertex -24.21178912538265 25.09870455087455 12
    endloop
  endfacet
  facet normal 0 0 -1
    outer loop
      vertex -24.040779740156157 21.83565109648348 12
      vertex -24.21178912538265 25.09870455087455 12
      vertex -24.040779740156157 25.16434890351652 12
    endloop
  endfacet
  facet normal 0 0 -1
    outer loop
      vertex -23.863845458931078 21.78824169871584 12
      vertex -24.040779740156157 25.16434890351652 12
      vertex -23.863845458931078 25.21175830128416 12
    endloop
  endfacet
  facet normal 0 0 -1
    outer loop
      vertex -23.682924810718394 21.75958668310552 12
      vertex -23.863845458931078 25.21175830128416 12
      vertex -23.682924810718394 25.24041331689448 12
    endloop
  endfacet
  facet normal 0 0 -1
    outer loop
      vertex -23.5 21.75 12
      vertex -23.682924810718394 25.24041331689448 12
      vertex -23.5 25.25 12
    endloop
  endfacet
  facet normal 0 0 -1
    outer loop
      vertex -23.5 25.25 12
      vertex -23.317075189281606 25.24041331689448 12
      vertex -23.317075189281606 21.75958668310552 12
    endloop
  endfacet
  facet normal 0 0 -1
    outer loop
      vertex -23.136154541068922 21.78824169871584 12
      vertex -23.317075189281606 25.24041331689448 12
      vertex -23.136154541068922 25.21175830128416 12
    endloop
  endfacet
  facet normal 0 0 -1
    outer loop
      vertex -22.959220259843843 21.83565109648348 12
      vertex -23.136154541068922 25.21175830128416 12
      vertex -22.959220259843843 25.16434890351652 12
    endloop
  endfacet
  facet normal 0 0 -1
    outer loop
      vertex -22.959220259843843 21.83565109648348 12
      vertex -22.959220259843843 25.16434890351652 12
      vertex -22.78821087461735 21.90129544912545 12
    endloop
  endfacet
  facet normal 0 0 -1
    outer loop
      vertex -22.78821087461735 21.90129544912545 12
      vertex -22.78821087461735 25.09870455087455 12
      vertex -22.625 21.984455543377234 12
    endloop
  endfacet
  facet normal 0 0 -1
    outer loop
      vertex -22.625 21.984455543377234 12
      vertex -22.625 25.015544456622766 12
      vertex -22.471375808488173 22.084220259843843 12
    endloop
  endfacet
  facet normal 0 0 -1
    outer loop
      vertex -22.471375808488173 22.084220259843843 12
      vertex -22.471375808488173 24.915779740156157 12
      vertex -22.329021438871997 22.19949655541456 12
    endloop
  endfacet
  facet normal 0 0 -1
    outer loop
      vertex -22.329021438871997 22.19949655541456 12
      vertex -22.329021438871997 24.80050344458544 12
      vertex -22.19949655541456 22.329021438871997 12
    endloop
  endfacet
  facet normal 0 0 -1
    outer loop
      vertex -22.19949655541456 22.329021438871997 12
      vertex -22.19949655541456 24.670978561128003 12
      vertex -22.084220259843843 22.471375808488173 12
    endloop
  endfacet
  facet normal 0 0 -1
    outer loop
      vertex -22.78821087461735 21.90129544912545 12
      vertex -22.959220259843843 25.16434890351652 12
      vertex -22.78821087461735 25.09870455087455 12
    endloop
  endfacet
  facet normal 0 0 -1
    outer loop
      vertex -22.625 21.984455543377234 12
      vertex -22.78821087461735 25.09870455087455 12
      vertex -22.625 25.015544456622766 12
    endloop
  endfacet
  facet normal 0 0 -1
    outer loop
      vertex -22.471375808488173 22.084220259843843 12
      vertex -22.625 25.015544456622766 12
      vertex -22.471375808488173 24.915779740156157 12
    endloop
  endfacet
  facet normal 0 0 -1
    outer loop
      vertex -22.329021438871997 22.19949655541456 12
      vertex -22.471375808488173 24.915779740156157 12
      vertex -22.329021438871997 24.80050344458544 12
    endloop
  endfacet
  facet normal 0 0 -1
    outer loop
      vertex -22.19949655541456 22.329021438871997 12
      vertex -22.329021438871997 24.80050344458544 12
      vertex -22.19949655541456 24.670978561128003 12
    endloop
  endfacet
  facet normal 0 0 -1
    outer loop
      vertex -22.084220259843843 22.471375808488173 12
      vertex -22.19949655541456 24.670978561128003 12
      vertex -22.084220259843843 24.528624191511827 12
    endloop
  endfacet
  facet normal 0 0 -1
    outer loop
      vertex -22.084220259843843 22.471375808488173 12
      vertex -22.084220259843843 24.528624191511827 12
      vertex -21.984455543377234 22.625 12
    endloop
  endfacet
  facet normal 0 0 -1
    outer loop
      vertex -21.984455543377234 22.625 12
      vertex -21.984455543377234 24.375 12
      vertex -21.90129544912545 22.78821087461735 12
    endloop
  endfacet
  facet normal 0 0 -1
    outer loop
      vertex -21.90129544912545 22.78821087461735 12
      vertex -21.90129544912545 24.21178912538265 12
      vertex -21.83565109648348 22.959220259843843 12
    endloop
  endfacet
  facet normal 0 0 -1
    outer loop
      vertex -21.83565109648348 22.959220259843843 12
      vertex -21.83565109648348 24.040779740156157 12
      vertex -21.78824169871584 23.136154541068922 12
    endloop
  endfacet
  facet normal 0 0 -1
    outer loop
      vertex -21.90129544912545 22.78821087461735 12
      vertex -21.984455543377234 24.375 12
      vertex -21.90129544912545 24.21178912538265 12
    endloop
  endfacet
  facet normal 0 0 -1
    outer loop
      vertex -21.83565109648348 22.959220259843843 12
      vertex -21.90129544912545 24.21178912538265 12
      vertex -21.83565109648348 24.040779740156157 12
    endloop
  endfacet
  facet normal 0 0 -1
    outer loop
      vertex -21.78824169871584 23.136154541068922 12
      vertex -21.78824169871584 23.863845458931078 12
      vertex -21.75958668310552 23.317075189281606 12
    endloop
  endfacet
  facet normal 0 0 -1
    outer loop
      vertex -21.75958668310552 23.317075189281606 12
      vertex -21.75958668310552 23.682924810718394 12
      vertex -21.75 23.5 12
    endloop
  endfacet
  facet normal 0 0 -1
    outer loop
      vertex -21.78824169871584 23.136154541068922 12
      vertex -21.83565109648348 24.040779740156157 12
      vertex -21.78824169871584 23.863845458931078 12
    endloop
  endfacet
  facet normal 0 0 -1
    outer loop
      vertex -21.75958668310552 23.317075189281606 12
      vertex -21.78824169871584 23.863845458931078 12
      vertex -21.75958668310552 23.682924810718394 12
    endloop
  endfacet
  facet normal 0 0 -1
    outer loop
      vertex -21.984455543377234 22.625 12
      vertex -22.084220259843843 24.528624191511827 12
      vertex -21.984455543377234 24.375 12
    endloop
  endfacet
  facet normal 0.6293203910498276 0.7771459614569789 0
    outer loop
      vertex 22.471375808488173 -24.915779740156157 3.5
      vertex 22.329021438871997 -24.80050344458544 3.5
      vertex 22.329021438871997 -24.80050344458544 12
    endloop
  endfacet
  facet normal 0.5446390350150263 0.8386705679454246 0
    outer loop
      vertex 22.471375808488173 -24.915779740156157 3.5
      vertex 22.471375808488173 -24.915779740156157 12
      vertex 22.625 -25.015544456622766 3.5
    endloop
  endfacet
  facet normal 0.45399049973955147 0.8910065241883655 0
    outer loop
      vertex 22.625 -25.015544456622766 3.5
      vertex 22.625 -25.015544456622766 12
      vertex 22.78821087461735 -25.09870455087455 3.5
    endloop
  endfacet
  facet normal 0.3583679495453006 0.9335804264972015 0
    outer loop
      vertex 22.78821087461735 -25.09870455087455 3.5
      vertex 22.78821087461735 -25.09870455087455 12
      vertex 22.959220259843843 -25.16434890351652 3.5
    endloop
  endfacet
  facet normal 0.2588190451025197 0.9659258262890685 0
    outer loop
      vertex 22.959220259843843 -25.16434890351652 3.5
      vertex 22.959220259843843 -25.16434890351652 12
      vertex 23.136154541068922 -25.21175830128416 3.5
    endloop
  endfacet
  facet normal 0.15643446504023434 0.9876883405951372 0
    outer loop
      vertex 23.317075189281606 -25.24041331689448 3.5
      vertex 23.136154541068922 -25.21175830128416 3.5
      vertex 23.136154541068922 -25.21175830128416 12
    endloop
  endfacet
  facet normal 0.05233595624294094 0.9986295347545739 0
    outer loop
      vertex 23.317075189281606 -25.24041331689448 3.5
      vertex 23.317075189281606 -25.24041331689448 12
      vertex 23.5 -25.25 3.5
    endloop
  endfacet
  facet normal -0.05233595624294094 0.9986295347545739 0
    outer loop
      vertex 23.5 -25.25 3.5
      vertex 23.5 -25.25 12
      vertex 23.682924810718394 -25.24041331689448 3.5
    endloop
  endfacet
  facet normal -0.15643446504023434 0.9876883405951372 0
    outer loop
      vertex 23.682924810718394 -25.24041331689448 3.5
      vertex 23.682924810718394 -25.24041331689448 12
      vertex 23.863845458931078 -25.21175830128416 3.5
    endloop
  endfacet
  facet normal -0.2588190451025197 0.9659258262890685 0
    outer loop
      vertex 23.863845458931078 -25.21175830128416 3.5
      vertex 23.863845458931078 -25.21175830128416 12
      vertex 24.040779740156157 -25.16434890351652 3.5
    endloop
  endfacet
  facet normal -0.3583679495453006 0.9335804264972015 0
    outer loop
      vertex 24.040779740156157 -25.16434890351652 3.5
      vertex 24.040779740156157 -25.16434890351652 12
      vertex 24.21178912538265 -25.09870455087455 3.5
    endloop
  endfacet
  facet normal -0.45399049973955147 0.8910065241883655 0
    outer loop
      vertex 24.21178912538265 -25.09870455087455 3.5
      vertex 24.21178912538265 -25.09870455087455 12
      vertex 24.375 -25.015544456622766 3.5
    endloop
  endfacet
  facet normal -0.5446390350150263 0.8386705679454246 0
    outer loop
      vertex 24.375 -25.015544456622766 3.5
      vertex 24.375 -25.015544456622766 12
      vertex 24.528624191511827 -24.915779740156157 3.5
    endloop
  endfacet
  facet normal -0.6293203910498276 0.7771459614569789 0
    outer loop
      vertex 24.528624191511827 -24.915779740156157 3.5
      vertex 24.528624191511827 -24.915779740156157 12
      vertex 24.670978561128003 -24.80050344458544 3.5
    endloop
  endfacet
  facet normal -0.7071067811865476 0.7071067811865476 0
    outer loop
      vertex 24.670978561128003 -24.80050344458544 3.5
      vertex 24.670978561128003 -24.80050344458544 12
      vertex 24.80050344458544 -24.670978561128003 3.5
    endloop
  endfacet
  facet normal 0.8386705679454246 0.5446390350150263 0
    outer loop
      vertex 21.984455543377234 -24.375 3.5
      vertex 21.984455543377234 -24.375 12
      vertex 22.084220259843843 -24.528624191511827 3.5
    endloop
  endfacet
  facet normal 0.9659258262890685 0.2588190451025197 0
    outer loop
      vertex 21.83565109648348 -24.040779740156157 3.5
      vertex 21.78824169871584 -23.863845458931078 3.5
      vertex 21.78824169871584 -23.863845458931078 12
    endloop
  endfacet
  facet normal 0.8910065241883655 0.45399049973955147 0
    outer loop
      vertex 21.90129544912545 -24.21178912538265 3.5
      vertex 21.90129544912545 -24.21178912538265 12
      vertex 21.984455543377234 -24.375 3.5
    endloop
  endfacet
  facet normal 0.9335804264972015 0.3583679495453006 0
    outer loop
      vertex 21.90129544912545 -24.21178912538265 3.5
      vertex 21.83565109648348 -24.040779740156157 3.5
      vertex 21.83565109648348 -24.040779740156157 12
    endloop
  endfacet
  facet normal 0.9876883405951372 0.15643446504023434 0
    outer loop
      vertex 21.78824169871584 -23.863845458931078 3.5
      vertex 21.75958668310552 -23.682924810718394 3.5
      vertex 21.75958668310552 -23.682924810718394 12
    endloop
  endfacet
  facet normal 0.9986295347545739 0.05233595624294094 0
    outer loop
      vertex 21.75958668310552 -23.682924810718394 3.5
      vertex 21.75 -23.5 3.5
      vertex 21.75 -23.5 12
    endloop
  endfacet
  facet normal 0.9986295347545739 -0.05233595624294094 0
    outer loop
      vertex 21.75 -23.5 3.5
      vertex 21.75958668310552 -23.317075189281606 3.5
      vertex 21.75958668310552 -23.317075189281606 12
    endloop
  endfacet
  facet normal 0.9876883405951372 -0.15643446504023434 0
    outer loop
      vertex 21.75958668310552 -23.317075189281606 3.5
      vertex 21.78824169871584 -23.136154541068922 3.5
      vertex 21.78824169871584 -23.136154541068922 12
    endloop
  endfacet
  facet normal 0.9659258262890685 -0.2588190451025197 0
    outer loop
      vertex 21.78824169871584 -23.136154541068922 3.5
      vertex 21.83565109648348 -22.959220259843843 3.5
      vertex 21.83565109648348 -22.959220259843843 12
    endloop
  endfacet
  facet normal 0.7771459614569789 0.6293203910498276 0
    outer loop
      vertex 22.19949655541456 -24.670978561128003 3.5
      vertex 22.084220259843843 -24.528624191511827 3.5
      vertex 22.084220259843843 -24.528624191511827 12
    endloop
  endfacet
  facet normal 0.7071067811865476 0.7071067811865476 0
    outer loop
      vertex 22.19949655541456 -24.670978561128003 3.5
      vertex 22.19949655541456 -24.670978561128003 12
      vertex 22.329021438871997 -24.80050344458544 3.5
    endloop
  endfacet
  facet normal 0.9335804264972015 -0.3583679495453006 0
    outer loop
      vertex 21.83565109648348 -22.959220259843843 3.5
      vertex 21.90129544912545 -22.78821087461735 3.5
      vertex 21.90129544912545 -22.78821087461735 12
    endloop
  endfacet
  facet normal 0.8910065241883655 -0.45399049973955147 0
    outer loop
      vertex 21.90129544912545 -22.78821087461735 3.5
      vertex 21.984455543377234 -22.625 3.5
      vertex 21.984455543377234 -22.625 12
    endloop
  endfacet
  facet normal 0.8386705679454246 -0.5446390350150263 0
    outer loop
      vertex 21.984455543377234 -22.625 3.5
      vertex 22.084220259843843 -22.471375808488173 3.5
      vertex 22.084220259843843 -22.471375808488173 12
    endloop
  endfacet
  facet normal 0.7771459614569789 -0.6293203910498276 0
    outer loop
      vertex 22.084220259843843 -22.471375808488173 3.5
      vertex 22.19949655541456 -22.329021438871997 3.5
      vertex 22.19949655541456 -22.329021438871997 12
    endloop
  endfacet
  facet normal 0.7071067811865476 -0.7071067811865476 0
    outer loop
      vertex 22.19949655541456 -22.329021438871997 3.5
      vertex 22.329021438871997 -22.19949655541456 3.5
      vertex 22.329021438871997 -22.19949655541456 12
    endloop
  endfacet
  facet normal 0.6293203910498276 -0.7771459614569789 0
    outer loop
      vertex 22.329021438871997 -22.19949655541456 3.5
      vertex 22.471375808488173 -22.084220259843843 3.5
      vertex 22.471375808488173 -22.084220259843843 12
    endloop
  endfacet
  facet normal 0.5446390350150263 -0.8386705679454246 0
    outer loop
      vertex 22.471375808488173 -22.084220259843843 3.5
      vertex 22.625 -21.984455543377234 3.5
      vertex 22.625 -21.984455543377234 12
    endloop
  endfacet
  facet normal 0.45399049973955147 -0.8910065241883655 0
    outer loop
      vertex 22.625 -21.984455543377234 3.5
      vertex 22.78821087461735 -21.90129544912545 3.5
      vertex 22.78821087461735 -21.90129544912545 12
    endloop
  endfacet
  facet normal 0.3583679495453006 -0.9335804264972015 0
    outer loop
      vertex 22.78821087461735 -21.90129544912545 3.5
      vertex 22.959220259843843 -21.83565109648348 3.5
      vertex 22.959220259843843 -21.83565109648348 12
    endloop
  endfacet
  facet normal 0.2588190451025197 -0.9659258262890685 0
    outer loop
      vertex 22.959220259843843 -21.83565109648348 3.5
      vertex 23.136154541068922 -21.78824169871584 3.5
      vertex 23.136154541068922 -21.78824169871584 12
    endloop
  endfacet
  facet normal 0.15643446504023434 -0.9876883405951372 0
    outer loop
      vertex 23.136154541068922 -21.78824169871584 3.5
      vertex 23.317075189281606 -21.75958668310552 3.5
      vertex 23.317075189281606 -21.75958668310552 12
    endloop
  endfacet
  facet normal 0.05233595624294094 -0.9986295347545739 0
    outer loop
      vertex 23.317075189281606 -21.75958668310552 3.5
      vertex 23.5 -21.75 3.5
      vertex 23.5 -21.75 12
    endloop
  endfacet
  facet normal -0.05233595624294094 -0.9986295347545739 0
    outer loop
      vertex 23.5 -21.75 3.5
      vertex 23.682924810718394 -21.75958668310552 3.5
      vertex 23.682924810718394 -21.75958668310552 12
    endloop
  endfacet
  facet normal -0.15643446504023434 -0.9876883405951372 0
    outer loop
      vertex 23.682924810718394 -21.75958668310552 3.5
      vertex 23.863845458931078 -21.78824169871584 3.5
      vertex 23.863845458931078 -21.78824169871584 12
    endloop
  endfacet
  facet normal -0.6293203910498276 -0.7771459614569789 0
    outer loop
      vertex 24.670978561128003 -22.19949655541456 3.5
      vertex 24.670978561128003 -22.19949655541456 12
      vertex 24.528624191511827 -22.084220259843843 3.5
    endloop
  endfacet
  facet normal -0.2588190451025197 -0.9659258262890685 0
    outer loop
      vertex 23.863845458931078 -21.78824169871584 3.5
      vertex 24.040779740156157 -21.83565109648348 3.5
      vertex 24.040779740156157 -21.83565109648348 12
    endloop
  endfacet
  facet normal -0.3583679495453006 -0.9335804264972015 0
    outer loop
      vertex 24.040779740156157 -21.83565109648348 3.5
      vertex 24.21178912538265 -21.90129544912545 3.5
      vertex 24.21178912538265 -21.90129544912545 12
    endloop
  endfacet
  facet normal -0.45399049973955147 -0.8910065241883655 0
    outer loop
      vertex 24.21178912538265 -21.90129544912545 3.5
      vertex 24.375 -21.984455543377234 3.5
      vertex 24.375 -21.984455543377234 12
    endloop
  endfacet
  facet normal -0.5446390350150263 -0.8386705679454246 0
    outer loop
      vertex 24.375 -21.984455543377234 3.5
      vertex 24.528624191511827 -22.084220259843843 3.5
      vertex 24.528624191511827 -22.084220259843843 12
    endloop
  endfacet
  facet normal -0.7771459614569789 0.6293203910498276 0
    outer loop
      vertex 24.80050344458544 -24.670978561128003 3.5
      vertex 24.80050344458544 -24.670978561128003 12
      vertex 24.915779740156157 -24.528624191511827 3.5
    endloop
  endfacet
  facet normal -0.8386705679454246 0.5446390350150263 0
    outer loop
      vertex 24.915779740156157 -24.528624191511827 3.5
      vertex 24.915779740156157 -24.528624191511827 12
      vertex 25.015544456622766 -24.375 3.5
    endloop
  endfacet
  facet normal -0.8910065241883655 0.45399049973955147 0
    outer loop
      vertex 25.015544456622766 -24.375 3.5
      vertex 25.015544456622766 -24.375 12
      vertex 25.09870455087455 -24.21178912538265 3.5
    endloop
  endfacet
  facet normal -0.9335804264972015 0.3583679495453006 0
    outer loop
      vertex 25.09870455087455 -24.21178912538265 3.5
      vertex 25.09870455087455 -24.21178912538265 12
      vertex 25.16434890351652 -24.040779740156157 3.5
    endloop
  endfacet
  facet normal -0.9659258262890685 0.2588190451025197 0
    outer loop
      vertex 25.16434890351652 -24.040779740156157 3.5
      vertex 25.16434890351652 -24.040779740156157 12
      vertex 25.21175830128416 -23.863845458931078 3.5
    endloop
  endfacet
  facet normal -0.9876883405951372 0.15643446504023434 0
    outer loop
      vertex 25.21175830128416 -23.863845458931078 3.5
      vertex 25.21175830128416 -23.863845458931078 12
      vertex 25.24041331689448 -23.682924810718394 3.5
    endloop
  endfacet
  facet normal -0.9986295347545739 0.05233595624294094 0
    outer loop
      vertex 25.24041331689448 -23.682924810718394 3.5
      vertex 25.24041331689448 -23.682924810718394 12
      vertex 25.25 -23.5 3.5
    endloop
  endfacet
  facet normal -0.9986295347545739 -0.05233595624294094 0
    outer loop
      vertex 25.25 -23.5 3.5
      vertex 25.25 -23.5 12
      vertex 25.24041331689448 -23.317075189281606 3.5
    endloop
  endfacet
  facet normal -0.9876883405951372 -0.15643446504023434 0
    outer loop
      vertex 25.24041331689448 -23.317075189281606 3.5
      vertex 25.24041331689448 -23.317075189281606 12
      vertex 25.21175830128416 -23.136154541068922 3.5
    endloop
  endfacet
  facet normal -0.9659258262890685 -0.2588190451025197 0
    outer loop
      vertex 25.21175830128416 -23.136154541068922 3.5
      vertex 25.21175830128416 -23.136154541068922 12
      vertex 25.16434890351652 -22.959220259843843 3.5
    endloop
  endfacet
  facet normal -0.9335804264972015 -0.3583679495453006 0
    outer loop
      vertex 25.09870455087455 -22.78821087461735 3.5
      vertex 25.16434890351652 -22.959220259843843 3.5
      vertex 25.16434890351652 -22.959220259843843 12
    endloop
  endfacet
  facet normal -0.8910065241883655 -0.45399049973955147 0
    outer loop
      vertex 25.09870455087455 -22.78821087461735 3.5
      vertex 25.09870455087455 -22.78821087461735 12
      vertex 25.015544456622766 -22.625 3.5
    endloop
  endfacet
  facet normal -0.8386705679454246 -0.5446390350150263 0
    outer loop
      vertex 24.915779740156157 -22.471375808488173 3.5
      vertex 25.015544456622766 -22.625 3.5
      vertex 25.015544456622766 -22.625 12
    endloop
  endfacet
  facet normal -0.7771459614569789 -0.6293203910498276 0
    outer loop
      vertex 24.915779740156157 -22.471375808488173 3.5
      vertex 24.915779740156157 -22.471375808488173 12
      vertex 24.80050344458544 -22.329021438871997 3.5
    endloop
  endfacet
  facet normal -0.7071067811865476 -0.7071067811865476 0
    outer loop
      vertex 24.670978561128003 -22.19949655541456 3.5
      vertex 24.80050344458544 -22.329021438871997 3.5
      vertex 24.80050344458544 -22.329021438871997 12
    endloop
  endfacet
  facet normal 0.7071067811865476 0.7071067811865476 0
    outer loop
      vertex 22.329021438871997 -24.80050344458544 3.5
      vertex 22.19949655541456 -24.670978561128003 12
      vertex 22.329021438871997 -24.80050344458544 12
    endloop
  endfacet
  facet normal 0.6293203910498276 0.7771459614569789 0
    outer loop
      vertex 22.471375808488173 -24.915779740156157 3.5
      vertex 22.329021438871997 -24.80050344458544 12
      vertex 22.471375808488173 -24.915779740156157 12
    endloop
  endfacet
  facet normal 0.5446390350150263 0.8386705679454246 0
    outer loop
      vertex 22.625 -25.015544456622766 3.5
      vertex 22.471375808488173 -24.915779740156157 12
      vertex 22.625 -25.015544456622766 12
    endloop
  endfacet
  facet normal 0.45399049973955147 0.8910065241883655 0
    outer loop
      vertex 22.78821087461735 -25.09870455087455 3.5
      vertex 22.625 -25.015544456622766 12
      vertex 22.78821087461735 -25.09870455087455 12
    endloop
  endfacet
  facet normal 0.3583679495453006 0.9335804264972015 0
    outer loop
      vertex 22.959220259843843 -25.16434890351652 3.5
      vertex 22.78821087461735 -25.09870455087455 12
      vertex 22.959220259843843 -25.16434890351652 12
    endloop
  endfacet
  facet normal 0.2588190451025197 0.9659258262890685 0
    outer loop
      vertex 23.136154541068922 -25.21175830128416 3.5
      vertex 22.959220259843843 -25.16434890351652 12
      vertex 23.136154541068922 -25.21175830128416 12
    endloop
  endfacet
  facet normal 0.15643446504023434 0.9876883405951372 0
    outer loop
      vertex 23.317075189281606 -25.24041331689448 3.5
      vertex 23.136154541068922 -25.21175830128416 12
      vertex 23.317075189281606 -25.24041331689448 12
    endloop
  endfacet
  facet normal 0.05233595624294094 0.9986295347545739 0
    outer loop
      vertex 23.5 -25.25 3.5
      vertex 23.317075189281606 -25.24041331689448 12
      vertex 23.5 -25.25 12
    endloop
  endfacet
  facet normal -0.05233595624294094 0.9986295347545739 0
    outer loop
      vertex 23.682924810718394 -25.24041331689448 3.5
      vertex 23.5 -25.25 12
      vertex 23.682924810718394 -25.24041331689448 12
    endloop
  endfacet
  facet normal -0.15643446504023434 0.9876883405951372 0
    outer loop
      vertex 23.863845458931078 -25.21175830128416 3.5
      vertex 23.682924810718394 -25.24041331689448 12
      vertex 23.863845458931078 -25.21175830128416 12
    endloop
  endfacet
  facet normal -0.2588190451025197 0.9659258262890685 0
    outer loop
      vertex 24.040779740156157 -25.16434890351652 3.5
      vertex 23.863845458931078 -25.21175830128416 12
      vertex 24.040779740156157 -25.16434890351652 12
    endloop
  endfacet
  facet normal -0.3583679495453006 0.9335804264972015 0
    outer loop
      vertex 24.21178912538265 -25.09870455087455 3.5
      vertex 24.040779740156157 -25.16434890351652 12
      vertex 24.21178912538265 -25.09870455087455 12
    endloop
  endfacet
  facet normal -0.45399049973955147 0.8910065241883655 0
    outer loop
      vertex 24.375 -25.015544456622766 3.5
      vertex 24.21178912538265 -25.09870455087455 12
      vertex 24.375 -25.015544456622766 12
    endloop
  endfacet
  facet normal -0.5446390350150263 0.8386705679454246 0
    outer loop
      vertex 24.528624191511827 -24.915779740156157 3.5
      vertex 24.375 -25.015544456622766 12
      vertex 24.528624191511827 -24.915779740156157 12
    endloop
  endfacet
  facet normal -0.6293203910498276 0.7771459614569789 0
    outer loop
      vertex 24.670978561128003 -24.80050344458544 3.5
      vertex 24.528624191511827 -24.915779740156157 12
      vertex 24.670978561128003 -24.80050344458544 12
    endloop
  endfacet
  facet normal 0.8910065241883655 0.45399049973955147 0
    outer loop
      vertex 21.984455543377234 -24.375 3.5
      vertex 21.90129544912545 -24.21178912538265 12
      vertex 21.984455543377234 -24.375 12
    endloop
  endfacet
  facet normal 0.8386705679454246 0.5446390350150263 0
    outer loop
      vertex 22.084220259843843 -24.528624191511827 3.5
      vertex 21.984455543377234 -24.375 12
      vertex 22.084220259843843 -24.528624191511827 12
    endloop
  endfacet
  facet normal 0.9659258262890685 0.2588190451025197 0
    outer loop
      vertex 21.83565109648348 -24.040779740156157 3.5
      vertex 21.78824169871584 -23.863845458931078 12
      vertex 21.83565109648348 -24.040779740156157 12
    endloop
  endfacet
  facet normal 0.9335804264972015 0.3583679495453006 0
    outer loop
      vertex 21.90129544912545 -24.21178912538265 3.5
      vertex 21.83565109648348 -24.040779740156157 12
      vertex 21.90129544912545 -24.21178912538265 12
    endloop
  endfacet
  facet normal 0.9876883405951372 0.15643446504023434 0
    outer loop
      vertex 21.78824169871584 -23.863845458931078 3.5
      vertex 21.75958668310552 -23.682924810718394 12
      vertex 21.78824169871584 -23.863845458931078 12
    endloop
  endfacet
  facet normal 0.9986295347545739 0.05233595624294094 0
    outer loop
      vertex 21.75958668310552 -23.682924810718394 3.5
      vertex 21.75 -23.5 12
      vertex 21.75958668310552 -23.682924810718394 12
    endloop
  endfacet
  facet normal 0.9986295347545739 -0.05233595624294094 0
    outer loop
      vertex 21.75 -23.5 3.5
      vertex 21.75958668310552 -23.317075189281606 12
      vertex 21.75 -23.5 12
    endloop
  endfacet
  facet normal 0.9876883405951372 -0.15643446504023434 0
    outer loop
      vertex 21.75958668310552 -23.317075189281606 3.5
      vertex 21.78824169871584 -23.136154541068922 12
      vertex 21.75958668310552 -23.317075189281606 12
    endloop
  endfacet
  facet normal 0.9659258262890685 -0.2588190451025197 0
    outer loop
      vertex 21.78824169871584 -23.136154541068922 3.5
      vertex 21.83565109648348 -22.959220259843843 12
      vertex 21.78824169871584 -23.136154541068922 12
    endloop
  endfacet
  facet normal 0.7771459614569789 0.6293203910498276 0
    outer loop
      vertex 22.19949655541456 -24.670978561128003 3.5
      vertex 22.084220259843843 -24.528624191511827 12
      vertex 22.19949655541456 -24.670978561128003 12
    endloop
  endfacet
  facet normal 0.9335804264972015 -0.3583679495453006 0
    outer loop
      vertex 21.83565109648348 -22.959220259843843 3.5
      vertex 21.90129544912545 -22.78821087461735 12
      vertex 21.83565109648348 -22.959220259843843 12
    endloop
  endfacet
  facet normal 0.8910065241883655 -0.45399049973955147 0
    outer loop
      vertex 21.90129544912545 -22.78821087461735 3.5
      vertex 21.984455543377234 -22.625 12
      vertex 21.90129544912545 -22.78821087461735 12
    endloop
  endfacet
  facet normal 0.8386705679454246 -0.5446390350150263 0
    outer loop
      vertex 21.984455543377234 -22.625 3.5
      vertex 22.084220259843843 -22.471375808488173 12
      vertex 21.984455543377234 -22.625 12
    endloop
  endfacet
  facet normal 0.7771459614569789 -0.6293203910498276 0
    outer loop
      vertex 22.084220259843843 -22.471375808488173 3.5
      vertex 22.19949655541456 -22.329021438871997 12
      vertex 22.084220259843843 -22.471375808488173 12
    endloop
  endfacet
  facet normal 0.7071067811865476 -0.7071067811865476 0
    outer loop
      vertex 22.19949655541456 -22.329021438871997 3.5
      vertex 22.329021438871997 -22.19949655541456 12
      vertex 22.19949655541456 -22.329021438871997 12
    endloop
  endfacet
  facet normal 0.6293203910498276 -0.7771459614569789 0
    outer loop
      vertex 22.329021438871997 -22.19949655541456 3.5
      vertex 22.471375808488173 -22.084220259843843 12
      vertex 22.329021438871997 -22.19949655541456 12
    endloop
  endfacet
  facet normal 0.5446390350150263 -0.8386705679454246 0
    outer loop
      vertex 22.471375808488173 -22.084220259843843 3.5
      vertex 22.625 -21.984455543377234 12
      vertex 22.471375808488173 -22.084220259843843 12
    endloop
  endfacet
  facet normal 0.45399049973955147 -0.8910065241883655 0
    outer loop
      vertex 22.625 -21.984455543377234 3.5
      vertex 22.78821087461735 -21.90129544912545 12
      vertex 22.625 -21.984455543377234 12
    endloop
  endfacet
  facet normal 0.3583679495453006 -0.9335804264972015 0
    outer loop
      vertex 22.78821087461735 -21.90129544912545 3.5
      vertex 22.959220259843843 -21.83565109648348 12
      vertex 22.78821087461735 -21.90129544912545 12
    endloop
  endfacet
  facet normal 0.2588190451025197 -0.9659258262890685 0
    outer loop
      vertex 22.959220259843843 -21.83565109648348 3.5
      vertex 23.136154541068922 -21.78824169871584 12
      vertex 22.959220259843843 -21.83565109648348 12
    endloop
  endfacet
  facet normal 0.15643446504023434 -0.9876883405951372 0
    outer loop
      vertex 23.136154541068922 -21.78824169871584 3.5
      vertex 23.317075189281606 -21.75958668310552 12
      vertex 23.136154541068922 -21.78824169871584 12
    endloop
  endfacet
  facet normal 0.05233595624294094 -0.9986295347545739 0
    outer loop
      vertex 23.317075189281606 -21.75958668310552 3.5
      vertex 23.5 -21.75 12
      vertex 23.317075189281606 -21.75958668310552 12
    endloop
  endfacet
  facet normal -0.05233595624294094 -0.9986295347545739 0
    outer loop
      vertex 23.5 -21.75 3.5
      vertex 23.682924810718394 -21.75958668310552 12
      vertex 23.5 -21.75 12
    endloop
  endfacet
  facet normal -0.15643446504023434 -0.9876883405951372 0
    outer loop
      vertex 23.682924810718394 -21.75958668310552 3.5
      vertex 23.863845458931078 -21.78824169871584 12
      vertex 23.682924810718394 -21.75958668310552 12
    endloop
  endfacet
  facet normal -0.6293203910498276 -0.7771459614569789 0
    outer loop
      vertex 24.528624191511827 -22.084220259843843 3.5
      vertex 24.670978561128003 -22.19949655541456 12
      vertex 24.528624191511827 -22.084220259843843 12
    endloop
  endfacet
  facet normal -0.7071067811865476 -0.7071067811865476 0
    outer loop
      vertex 24.670978561128003 -22.19949655541456 3.5
      vertex 24.80050344458544 -22.329021438871997 12
      vertex 24.670978561128003 -22.19949655541456 12
    endloop
  endfacet
  facet normal -0.2588190451025197 -0.9659258262890685 0
    outer loop
      vertex 23.863845458931078 -21.78824169871584 3.5
      vertex 24.040779740156157 -21.83565109648348 12
      vertex 23.863845458931078 -21.78824169871584 12
    endloop
  endfacet
  facet normal -0.3583679495453006 -0.9335804264972015 0
    outer loop
      vertex 24.040779740156157 -21.83565109648348 3.5
      vertex 24.21178912538265 -21.90129544912545 12
      vertex 24.040779740156157 -21.83565109648348 12
    endloop
  endfacet
  facet normal -0.45399049973955147 -0.8910065241883655 0
    outer loop
      vertex 24.21178912538265 -21.90129544912545 3.5
      vertex 24.375 -21.984455543377234 12
      vertex 24.21178912538265 -21.90129544912545 12
    endloop
  endfacet
  facet normal -0.5446390350150263 -0.8386705679454246 0
    outer loop
      vertex 24.375 -21.984455543377234 3.5
      vertex 24.528624191511827 -22.084220259843843 12
      vertex 24.375 -21.984455543377234 12
    endloop
  endfacet
  facet normal -0.7071067811865476 0.7071067811865476 0
    outer loop
      vertex 24.80050344458544 -24.670978561128003 3.5
      vertex 24.670978561128003 -24.80050344458544 12
      vertex 24.80050344458544 -24.670978561128003 12
    endloop
  endfacet
  facet normal -0.7771459614569789 0.6293203910498276 0
    outer loop
      vertex 24.915779740156157 -24.528624191511827 3.5
      vertex 24.80050344458544 -24.670978561128003 12
      vertex 24.915779740156157 -24.528624191511827 12
    endloop
  endfacet
  facet normal -0.8386705679454246 0.5446390350150263 0
    outer loop
      vertex 25.015544456622766 -24.375 3.5
      vertex 24.915779740156157 -24.528624191511827 12
      vertex 25.015544456622766 -24.375 12
    endloop
  endfacet
  facet normal -0.8910065241883655 0.45399049973955147 0
    outer loop
      vertex 25.09870455087455 -24.21178912538265 3.5
      vertex 25.015544456622766 -24.375 12
      vertex 25.09870455087455 -24.21178912538265 12
    endloop
  endfacet
  facet normal -0.9335804264972015 0.3583679495453006 0
    outer loop
      vertex 25.16434890351652 -24.040779740156157 3.5
      vertex 25.09870455087455 -24.21178912538265 12
      vertex 25.16434890351652 -24.040779740156157 12
    endloop
  endfacet
  facet normal -0.9659258262890685 0.2588190451025197 0
    outer loop
      vertex 25.21175830128416 -23.863845458931078 3.5
      vertex 25.16434890351652 -24.040779740156157 12
      vertex 25.21175830128416 -23.863845458931078 12
    endloop
  endfacet
  facet normal -0.9876883405951372 0.15643446504023434 0
    outer loop
      vertex 25.24041331689448 -23.682924810718394 3.5
      vertex 25.21175830128416 -23.863845458931078 12
      vertex 25.24041331689448 -23.682924810718394 12
    endloop
  endfacet
  facet normal -0.9986295347545739 0.05233595624294094 0
    outer loop
      vertex 25.25 -23.5 3.5
      vertex 25.24041331689448 -23.682924810718394 12
      vertex 25.25 -23.5 12
    endloop
  endfacet
  facet normal -0.9986295347545739 -0.05233595624294094 0
    outer loop
      vertex 25.24041331689448 -23.317075189281606 3.5
      vertex 25.25 -23.5 12
      vertex 25.24041331689448 -23.317075189281606 12
    endloop
  endfacet
  facet normal -0.9876883405951372 -0.15643446504023434 0
    outer loop
      vertex 25.21175830128416 -23.136154541068922 3.5
      vertex 25.24041331689448 -23.317075189281606 12
      vertex 25.21175830128416 -23.136154541068922 12
    endloop
  endfacet
  facet normal -0.9659258262890685 -0.2588190451025197 0
    outer loop
      vertex 25.16434890351652 -22.959220259843843 3.5
      vertex 25.21175830128416 -23.136154541068922 12
      vertex 25.16434890351652 -22.959220259843843 12
    endloop
  endfacet
  facet normal -0.9335804264972015 -0.3583679495453006 0
    outer loop
      vertex 25.09870455087455 -22.78821087461735 3.5
      vertex 25.16434890351652 -22.959220259843843 12
      vertex 25.09870455087455 -22.78821087461735 12
    endloop
  endfacet
  facet normal -0.8910065241883655 -0.45399049973955147 0
    outer loop
      vertex 25.015544456622766 -22.625 3.5
      vertex 25.09870455087455 -22.78821087461735 12
      vertex 25.015544456622766 -22.625 12
    endloop
  endfacet
  facet normal -0.8386705679454246 -0.5446390350150263 0
    outer loop
      vertex 24.915779740156157 -22.471375808488173 3.5
      vertex 25.015544456622766 -22.625 12
      vertex 24.915779740156157 -22.471375808488173 12
    endloop
  endfacet
  facet normal -0.7771459614569789 -0.6293203910498276 0
    outer loop
      vertex 24.80050344458544 -22.329021438871997 3.5
      vertex 24.915779740156157 -22.471375808488173 12
      vertex 24.80050344458544 -22.329021438871997 12
    endloop
  endfacet
  facet normal 0 0 -1
    outer loop
      vertex 21.984455543377234 -24.375 12
      vertex 21.984455543377234 -22.625 12
      vertex 22.084220259843843 -24.528624191511827 12
    endloop
  endfacet
  facet normal 0 0 -1
    outer loop
      vertex 21.78824169871584 -23.863845458931078 12
      vertex 21.75958668310552 -23.682924810718394 12
      vertex 21.75958668310552 -23.317075189281606 12
    endloop
  endfacet
  facet normal 0 0 -1
    outer loop
      vertex 21.83565109648348 -24.040779740156157 12
      vertex 21.78824169871584 -23.863845458931078 12
      vertex 21.78824169871584 -23.136154541068922 12
    endloop
  endfacet
  facet normal 0 0 -1
    outer loop
      vertex 21.75958668310552 -23.682924810718394 12
      vertex 21.75 -23.5 12
      vertex 21.75958668310552 -23.317075189281606 12
    endloop
  endfacet
  facet normal 0 0 -1
    outer loop
      vertex 21.78824169871584 -23.863845458931078 12
      vertex 21.75958668310552 -23.317075189281606 12
      vertex 21.78824169871584 -23.136154541068922 12
    endloop
  endfacet
  facet normal 0 0 -1
    outer loop
      vertex 21.90129544912545 -24.21178912538265 12
      vertex 21.83565109648348 -24.040779740156157 12
      vertex 21.83565109648348 -22.959220259843843 12
    endloop
  endfacet
  facet normal 0 0 -1
    outer loop
      vertex 21.90129544912545 -24.21178912538265 12
      vertex 21.90129544912545 -22.78821087461735 12
      vertex 21.984455543377234 -24.375 12
    endloop
  endfacet
  facet normal 0 0 -1
    outer loop
      vertex 21.83565109648348 -24.040779740156157 12
      vertex 21.78824169871584 -23.136154541068922 12
      vertex 21.83565109648348 -22.959220259843843 12
    endloop
  endfacet
  facet normal 0 0 -1
    outer loop
      vertex 21.90129544912545 -24.21178912538265 12
      vertex 21.83565109648348 -22.959220259843843 12
      vertex 21.90129544912545 -22.78821087461735 12
    endloop
  endfacet
  facet normal 0 0 -1
    outer loop
      vertex 21.984455543377234 -24.375 12
      vertex 21.90129544912545 -22.78821087461735 12
      vertex 21.984455543377234 -22.625 12
    endloop
  endfacet
  facet normal 0 0 -1
    outer loop
      vertex 22.084220259843843 -24.528624191511827 12
      vertex 21.984455543377234 -22.625 12
      vertex 22.084220259843843 -22.471375808488173 12
    endloop
  endfacet
  facet normal 0 0 -1
    outer loop
      vertex 22.19949655541456 -24.670978561128003 12
      vertex 22.084220259843843 -24.528624191511827 12
      vertex 22.084220259843843 -22.471375808488173 12
    endloop
  endfacet
  facet normal 0 0 -1
    outer loop
      vertex 22.19949655541456 -24.670978561128003 12
      vertex 22.19949655541456 -22.329021438871997 12
      vertex 22.329021438871997 -24.80050344458544 12
    endloop
  endfacet
  facet normal 0 0 -1
    outer loop
      vertex 22.471375808488173 -24.915779740156157 12
      vertex 22.329021438871997 -24.80050344458544 12
      vertex 22.329021438871997 -22.19949655541456 12
    endloop
  endfacet
  facet normal 0 0 -1
    outer loop
      vertex 22.471375808488173 -24.915779740156157 12
      vertex 22.471375808488173 -22.084220259843843 12
      vertex 22.625 -25.015544456622766 12
    endloop
  endfacet
  facet normal 0 0 -1
    outer loop
      vertex 22.625 -25.015544456622766 12
      vertex 22.625 -21.984455543377234 12
      vertex 22.78821087461735 -25.09870455087455 12
    endloop
  endfacet
  facet normal 0 0 -1
    outer loop
      vertex 22.78821087461735 -25.09870455087455 12
      vertex 22.78821087461735 -21.90129544912545 12
      vertex 22.959220259843843 -25.16434890351652 12
    endloop
  endfacet
  facet normal 0 0 -1
    outer loop
      vertex 22.19949655541456 -24.670978561128003 12
      vertex 22.084220259843843 -22.471375808488173 12
      vertex 22.19949655541456 -22.329021438871997 12
    endloop
  endfacet
  facet normal 0 0 -1
    outer loop
      vertex 22.329021438871997 -24.80050344458544 12
      vertex 22.19949655541456 -22.329021438871997 12
      vertex 22.329021438871997 -22.19949655541456 12
    endloop
  endfacet
  facet normal 0 0 -1
    outer loop
      vertex 22.471375808488173 -24.915779740156157 12
      vertex 22.329021438871997 -22.19949655541456 12
      vertex 22.471375808488173 -22.084220259843843 12
    endloop
  endfacet
  facet normal 0 0 -1
    outer loop
      vertex 22.625 -25.015544456622766 12
      vertex 22.471375808488173 -22.084220259843843 12
      vertex 22.625 -21.984455543377234 12
    endloop
  endfacet
  facet normal 0 0 -1
    outer loop
      vertex 22.78821087461735 -25.09870455087455 12
      vertex 22.625 -21.984455543377234 12
      vertex 22.78821087461735 -21.90129544912545 12
    endloop
  endfacet
  facet normal 0 0 -1
    outer loop
      vertex 22.959220259843843 -25.16434890351652 12
      vertex 22.78821087461735 -21.90129544912545 12
      vertex 22.959220259843843 -21.83565109648348 12
    endloop
  endfacet
  facet normal 0 0 -1
    outer loop
      vertex 22.959220259843843 -25.16434890351652 12
      vertex 22.959220259843843 -21.83565109648348 12
      vertex 23.136154541068922 -25.21175830128416 12
    endloop
  endfacet
  facet normal 0 0 -1
    outer loop
      vertex 23.317075189281606 -25.24041331689448 12
      vertex 23.136154541068922 -25.21175830128416 12
      vertex 23.136154541068922 -21.78824169871584 12
    endloop
  endfacet
  facet normal 0 0 -1
    outer loop
      vertex 23.317075189281606 -25.24041331689448 12
      vertex 23.317075189281606 -21.75958668310552 12
      vertex 23.5 -25.25 12
    endloop
  endfacet
  facet normal 0 0 -1
    outer loop
      vertex 23.5 -25.25 12
      vertex 23.5 -21.75 12
      vertex 23.682924810718394 -25.24041331689448 12
    endloop
  endfacet
  facet normal 0 0 -1
    outer loop
      vertex 23.682924810718394 -25.24041331689448 12
      vertex 23.682924810718394 -21.75958668310552 12
      vertex 23.863845458931078 -25.21175830128416 12
    endloop
  endfacet
  facet normal 0 0 -1
    outer loop
      vertex 23.863845458931078 -25.21175830128416 12
      vertex 23.863845458931078 -21.78824169871584 12
      vertex 24.040779740156157 -25.16434890351652 12
    endloop
  endfacet
  facet normal 0 0 -1
    outer loop
      vertex 24.040779740156157 -25.16434890351652 12
      vertex 24.040779740156157 -21.83565109648348 12
      vertex 24.21178912538265 -25.09870455087455 12
    endloop
  endfacet
  facet normal 0 0 -1
    outer loop
      vertex 24.21178912538265 -25.09870455087455 12
      vertex 24.21178912538265 -21.90129544912545 12
      vertex 24.375 -25.015544456622766 12
    endloop
  endfacet
  facet normal 0 0 -1
    outer loop
      vertex 24.375 -25.015544456622766 12
      vertex 24.375 -21.984455543377234 12
      vertex 24.528624191511827 -24.915779740156157 12
    endloop
  endfacet
  facet normal 0 0 -1
    outer loop
      vertex 24.528624191511827 -24.915779740156157 12
      vertex 24.528624191511827 -22.084220259843843 12
      vertex 24.670978561128003 -24.80050344458544 12
    endloop
  endfacet
  facet normal 0 0 -1
    outer loop
      vertex 24.670978561128003 -24.80050344458544 12
      vertex 24.670978561128003 -22.19949655541456 12
      vertex 24.80050344458544 -24.670978561128003 12
    endloop
  endfacet
  facet normal 0 0 -1
    outer loop
      vertex 24.375 -25.015544456622766 12
      vertex 24.21178912538265 -21.90129544912545 12
      vertex 24.375 -21.984455543377234 12
    endloop
  endfacet
  facet normal 0 0 -1
    outer loop
      vertex 24.528624191511827 -24.915779740156157 12
      vertex 24.375 -21.984455543377234 12
      vertex 24.528624191511827 -22.084220259843843 12
    endloop
  endfacet
  facet normal 0 0 -1
    outer loop
      vertex 24.670978561128003 -24.80050344458544 12
      vertex 24.528624191511827 -22.084220259843843 12
      vertex 24.670978561128003 -22.19949655541456 12
    endloop
  endfacet
  facet normal 0 0 -1
    outer loop
      vertex 23.136154541068922 -25.21175830128416 12
      vertex 22.959220259843843 -21.83565109648348 12
      vertex 23.136154541068922 -21.78824169871584 12
    endloop
  endfacet
  facet normal 0 0 -1
    outer loop
      vertex 23.317075189281606 -25.24041331689448 12
      vertex 23.136154541068922 -21.78824169871584 12
      vertex 23.317075189281606 -21.75958668310552 12
    endloop
  endfacet
  facet normal 0 0 -1
    outer loop
      vertex 23.317075189281606 -21.75958668310552 12
      vertex 23.5 -21.75 12
      vertex 23.5 -25.25 12
    endloop
  endfacet
  facet normal 0 0 -1
    outer loop
      vertex 23.682924810718394 -25.24041331689448 12
      vertex 23.5 -21.75 12
      vertex 23.682924810718394 -21.75958668310552 12
    endloop
  endfacet
  facet normal 0 0 -1
    outer loop
      vertex 23.863845458931078 -25.21175830128416 12
      vertex 23.682924810718394 -21.75958668310552 12
      vertex 23.863845458931078 -21.78824169871584 12
    endloop
  endfacet
  facet normal 0 0 -1
    outer loop
      vertex 24.040779740156157 -25.16434890351652 12
      vertex 23.863845458931078 -21.78824169871584 12
      vertex 24.040779740156157 -21.83565109648348 12
    endloop
  endfacet
  facet normal 0 0 -1
    outer loop
      vertex 24.21178912538265 -25.09870455087455 12
      vertex 24.040779740156157 -21.83565109648348 12
      vertex 24.21178912538265 -21.90129544912545 12
    endloop
  endfacet
  facet normal 0 0 -1
    outer loop
      vertex 24.80050344458544 -24.670978561128003 12
      vertex 24.80050344458544 -22.329021438871997 12
      vertex 24.915779740156157 -24.528624191511827 12
    endloop
  endfacet
  facet normal 0 0 -1
    outer loop
      vertex 24.915779740156157 -24.528624191511827 12
      vertex 24.915779740156157 -22.471375808488173 12
      vertex 25.015544456622766 -24.375 12
    endloop
  endfacet
  facet normal 0 0 -1
    outer loop
      vertex 25.015544456622766 -24.375 12
      vertex 25.015544456622766 -22.625 12
      vertex 25.09870455087455 -24.21178912538265 12
    endloop
  endfacet
  facet normal 0 0 -1
    outer loop
      vertex 25.09870455087455 -24.21178912538265 12
      vertex 25.09870455087455 -22.78821087461735 12
      vertex 25.16434890351652 -24.040779740156157 12
    endloop
  endfacet
  facet normal 0 0 -1
    outer loop
      vertex 24.80050344458544 -24.670978561128003 12
      vertex 24.670978561128003 -22.19949655541456 12
      vertex 24.80050344458544 -22.329021438871997 12
    endloop
  endfacet
  facet normal 0 0 -1
    outer loop
      vertex 24.915779740156157 -24.528624191511827 12
      vertex 24.80050344458544 -22.329021438871997 12
      vertex 24.915779740156157 -22.471375808488173 12
    endloop
  endfacet
  facet normal 0 0 -1
    outer loop
      vertex 25.09870455087455 -24.21178912538265 12
      vertex 25.015544456622766 -22.625 12
      vertex 25.09870455087455 -22.78821087461735 12
    endloop
  endfacet
  facet normal 0 0 -1
    outer loop
      vertex 25.16434890351652 -24.040779740156157 12
      vertex 25.09870455087455 -22.78821087461735 12
      vertex 25.16434890351652 -22.959220259843843 12
    endloop
  endfacet
  facet normal 0 0 -1
    outer loop
      vertex 25.015544456622766 -24.375 12
      vertex 24.915779740156157 -22.471375808488173 12
      vertex 25.015544456622766 -22.625 12
    endloop
  endfacet
  facet normal 0 0 -1
    outer loop
      vertex 25.16434890351652 -24.040779740156157 12
      vertex 25.16434890351652 -22.959220259843843 12
      vertex 25.21175830128416 -23.863845458931078 12
    endloop
  endfacet
  facet normal 0 0 -1
    outer loop
      vertex 25.21175830128416 -23.863845458931078 12
      vertex 25.21175830128416 -23.136154541068922 12
      vertex 25.24041331689448 -23.682924810718394 12
    endloop
  endfacet
  facet normal 0 0 -1
    outer loop
      vertex 25.24041331689448 -23.682924810718394 12
      vertex 25.24041331689448 -23.317075189281606 12
      vertex 25.25 -23.5 12
    endloop
  endfacet
  facet normal 0 0 -1
    outer loop
      vertex 25.21175830128416 -23.863845458931078 12
      vertex 25.16434890351652 -22.959220259843843 12
      vertex 25.21175830128416 -23.136154541068922 12
    endloop
  endfacet
  facet normal 0 0 -1
    outer loop
      vertex 25.24041331689448 -23.682924810718394 12
      vertex 25.21175830128416 -23.136154541068922 12
      vertex 25.24041331689448 -23.317075189281606 12
    endloop
  endfacet
  facet normal 0.9659258262890685 0.2588190451025197 0
    outer loop
      vertex -25.21175830128416 -23.863845458931078 3.5
      vertex -25.21175830128416 -23.863845458931078 12
      vertex -25.16434890351652 -24.040779740156157 3.5
    endloop
  endfacet
  facet normal 0.8386705679454246 0.5446390350150263 0
    outer loop
      vertex -25.015544456622766 -24.375 3.5
      vertex -25.015544456622766 -24.375 12
      vertex -24.915779740156157 -24.528624191511827 3.5
    endloop
  endfacet
  facet normal 0.7771459614569789 0.6293203910498276 0
    outer loop
      vertex -24.80050344458544 -24.670978561128003 3.5
      vertex -24.915779740156157 -24.528624191511827 3.5
      vertex -24.915779740156157 -24.528624191511827 12
    endloop
  endfacet
  facet normal 0.7071067811865476 0.7071067811865476 0
    outer loop
      vertex -24.80050344458544 -24.670978561128003 3.5
      vertex -24.80050344458544 -24.670978561128003 12
      vertex -24.670978561128003 -24.80050344458544 3.5
    endloop
  endfacet
  facet normal 0.8910065241883655 0.45399049973955147 0
    outer loop
      vertex -25.015544456622766 -24.375 3.5
      vertex -25.09870455087455 -24.21178912538265 3.5
      vertex -25.09870455087455 -24.21178912538265 12
    endloop
  endfacet
  facet normal 0.9335804264972015 0.3583679495453006 0
    outer loop
      vertex -25.09870455087455 -24.21178912538265 3.5
      vertex -25.16434890351652 -24.040779740156157 3.5
      vertex -25.16434890351652 -24.040779740156157 12
    endloop
  endfacet
  facet normal 0.9876883405951372 0.15643446504023434 0
    outer loop
      vertex -25.21175830128416 -23.863845458931078 3.5
      vertex -25.24041331689448 -23.682924810718394 3.5
      vertex -25.24041331689448 -23.682924810718394 12
    endloop
  endfacet
  facet normal 0.9986295347545739 0.05233595624294094 0
    outer loop
      vertex -25.24041331689448 -23.682924810718394 3.5
      vertex -25.25 -23.5 3.5
      vertex -25.25 -23.5 12
    endloop
  endfacet
  facet normal 0.9986295347545739 -0.05233595624294094 0
    outer loop
      vertex -25.25 -23.5 3.5
      vertex -25.24041331689448 -23.317075189281606 3.5
      vertex -25.24041331689448 -23.317075189281606 12
    endloop
  endfacet
  facet normal 0.9876883405951372 -0.15643446504023434 0
    outer loop
      vertex -25.24041331689448 -23.317075189281606 3.5
      vertex -25.21175830128416 -23.136154541068922 3.5
      vertex -25.21175830128416 -23.136154541068922 12
    endloop
  endfacet
  facet normal 0.9659258262890685 -0.2588190451025197 0
    outer loop
      vertex -25.21175830128416 -23.136154541068922 3.5
      vertex -25.16434890351652 -22.959220259843843 3.5
      vertex -25.16434890351652 -22.959220259843843 12
    endloop
  endfacet
  facet normal 0.9335804264972015 -0.3583679495453006 0
    outer loop
      vertex -25.16434890351652 -22.959220259843843 3.5
      vertex -25.09870455087455 -22.78821087461735 3.5
      vertex -25.09870455087455 -22.78821087461735 12
    endloop
  endfacet
  facet normal 0.8910065241883655 -0.45399049973955147 0
    outer loop
      vertex -25.09870455087455 -22.78821087461735 3.5
      vertex -25.015544456622766 -22.625 3.5
      vertex -25.015544456622766 -22.625 12
    endloop
  endfacet
  facet normal 0.8386705679454246 -0.5446390350150263 0
    outer loop
      vertex -25.015544456622766 -22.625 3.5
      vertex -24.915779740156157 -22.471375808488173 3.5
      vertex -24.915779740156157 -22.471375808488173 12
    endloop
  endfacet
  facet normal 0.7771459614569789 -0.6293203910498276 0
    outer loop
      vertex -24.915779740156157 -22.471375808488173 3.5
      vertex -24.80050344458544 -22.329021438871997 3.5
      vertex -24.80050344458544 -22.329021438871997 12
    endloop
  endfacet
  facet normal 0.6293203910498276 0.7771459614569789 0
    outer loop
      vertex -24.670978561128003 -24.80050344458544 3.5
      vertex -24.670978561128003 -24.80050344458544 12
      vertex -24.528624191511827 -24.915779740156157 3.5
    endloop
  endfacet
  facet normal 0.5446390350150263 0.8386705679454246 0
    outer loop
      vertex -24.375 -25.015544456622766 3.5
      vertex -24.528624191511827 -24.915779740156157 3.5
      vertex -24.528624191511827 -24.915779740156157 12
    endloop
  endfacet
  facet normal 0.45399049973955147 0.8910065241883655 0
    outer loop
      vertex -24.375 -25.015544456622766 3.5
      vertex -24.375 -25.015544456622766 12
      vertex -24.21178912538265 -25.09870455087455 3.5
    endloop
  endfacet
  facet normal 0.2588190451025197 0.9659258262890685 0
    outer loop
      vertex -24.040779740156157 -25.16434890351652 3.5
      vertex -24.040779740156157 -25.16434890351652 12
      vertex -23.863845458931078 -25.21175830128416 3.5
    endloop
  endfacet
  facet normal 0.3583679495453006 0.9335804264972015 0
    outer loop
      vertex -24.21178912538265 -25.09870455087455 3.5
      vertex -24.21178912538265 -25.09870455087455 12
      vertex -24.040779740156157 -25.16434890351652 3.5
    endloop
  endfacet
  facet normal 0.15643446504023434 0.9876883405951372 0
    outer loop
      vertex -23.863845458931078 -25.21175830128416 3.5
      vertex -23.863845458931078 -25.21175830128416 12
      vertex -23.682924810718394 -25.24041331689448 3.5
    endloop
  endfacet
  facet normal 0.05233595624294094 0.9986295347545739 0
    outer loop
      vertex -23.682924810718394 -25.24041331689448 3.5
      vertex -23.682924810718394 -25.24041331689448 12
      vertex -23.5 -25.25 3.5
    endloop
  endfacet
  facet normal -0.05233595624294094 0.9986295347545739 0
    outer loop
      vertex -23.5 -25.25 3.5
      vertex -23.5 -25.25 12
      vertex -23.317075189281606 -25.24041331689448 3.5
    endloop
  endfacet
  facet normal -0.15643446504023434 0.9876883405951372 0
    outer loop
      vertex -23.317075189281606 -25.24041331689448 3.5
      vertex -23.317075189281606 -25.24041331689448 12
      vertex -23.136154541068922 -25.21175830128416 3.5
    endloop
  endfacet
  facet normal -0.2588190451025197 0.9659258262890685 0
    outer loop
      vertex -23.136154541068922 -25.21175830128416 3.5
      vertex -23.136154541068922 -25.21175830128416 12
      vertex -22.959220259843843 -25.16434890351652 3.5
    endloop
  endfacet
  facet normal -0.3583679495453006 0.9335804264972015 0
    outer loop
      vertex -22.959220259843843 -25.16434890351652 3.5
      vertex -22.959220259843843 -25.16434890351652 12
      vertex -22.78821087461735 -25.09870455087455 3.5
    endloop
  endfacet
  facet normal -0.45399049973955147 0.8910065241883655 0
    outer loop
      vertex -22.78821087461735 -25.09870455087455 3.5
      vertex -22.78821087461735 -25.09870455087455 12
      vertex -22.625 -25.015544456622766 3.5
    endloop
  endfacet
  facet normal -0.5446390350150263 0.8386705679454246 0
    outer loop
      vertex -22.625 -25.015544456622766 3.5
      vertex -22.625 -25.015544456622766 12
      vertex -22.471375808488173 -24.915779740156157 3.5
    endloop
  endfacet
  facet normal -0.6293203910498276 0.7771459614569789 0
    outer loop
      vertex -22.471375808488173 -24.915779740156157 3.5
      vertex -22.471375808488173 -24.915779740156157 12
      vertex -22.329021438871997 -24.80050344458544 3.5
    endloop
  endfacet
  facet normal -0.7071067811865476 0.7071067811865476 0
    outer loop
      vertex -22.329021438871997 -24.80050344458544 3.5
      vertex -22.329021438871997 -24.80050344458544 12
      vertex -22.19949655541456 -24.670978561128003 3.5
    endloop
  endfacet
  facet normal 0.7071067811865476 -0.7071067811865476 0
    outer loop
      vertex -24.80050344458544 -22.329021438871997 3.5
      vertex -24.670978561128003 -22.19949655541456 3.5
      vertex -24.670978561128003 -22.19949655541456 12
    endloop
  endfacet
  facet normal 0.6293203910498276 -0.7771459614569789 0
    outer loop
      vertex -24.670978561128003 -22.19949655541456 3.5
      vertex -24.528624191511827 -22.084220259843843 3.5
      vertex -24.528624191511827 -22.084220259843843 12
    endloop
  endfacet
  facet normal 0.5446390350150263 -0.8386705679454246 0
    outer loop
      vertex -24.528624191511827 -22.084220259843843 3.5
      vertex -24.375 -21.984455543377234 3.5
      vertex -24.375 -21.984455543377234 12
    endloop
  endfacet
  facet normal 0.45399049973955147 -0.8910065241883655 0
    outer loop
      vertex -24.375 -21.984455543377234 3.5
      vertex -24.21178912538265 -21.90129544912545 3.5
      vertex -24.21178912538265 -21.90129544912545 12
    endloop
  endfacet
  facet normal 0.3583679495453006 -0.9335804264972015 0
    outer loop
      vertex -24.21178912538265 -21.90129544912545 3.5
      vertex -24.040779740156157 -21.83565109648348 3.5
      vertex -24.040779740156157 -21.83565109648348 12
    endloop
  endfacet
  facet normal 0.2588190451025197 -0.9659258262890685 0
    outer loop
      vertex -24.040779740156157 -21.83565109648348 3.5
      vertex -23.863845458931078 -21.78824169871584 3.5
      vertex -23.863845458931078 -21.78824169871584 12
    endloop
  endfacet
  facet normal 0.15643446504023434 -0.9876883405951372 0
    outer loop
      vertex -23.863845458931078 -21.78824169871584 3.5
      vertex -23.682924810718394 -21.75958668310552 3.5
      vertex -23.682924810718394 -21.75958668310552 12
    endloop
  endfacet
  facet normal 0.05233595624294094 -0.9986295347545739 0
    outer loop
      vertex -23.682924810718394 -21.75958668310552 3.5
      vertex -23.5 -21.75 3.5
      vertex -23.5 -21.75 12
    endloop
  endfacet
  facet normal -0.05233595624294094 -0.9986295347545739 0
    outer loop
      vertex -23.5 -21.75 3.5
      vertex -23.317075189281606 -21.75958668310552 3.5
      vertex -23.317075189281606 -21.75958668310552 12
    endloop
  endfacet
  facet normal -0.15643446504023434 -0.9876883405951372 0
    outer loop
      vertex -23.317075189281606 -21.75958668310552 3.5
      vertex -23.136154541068922 -21.78824169871584 3.5
      vertex -23.136154541068922 -21.78824169871584 12
    endloop
  endfacet
  facet normal -0.2588190451025197 -0.9659258262890685 0
    outer loop
      vertex -23.136154541068922 -21.78824169871584 3.5
      vertex -22.959220259843843 -21.83565109648348 3.5
      vertex -22.959220259843843 -21.83565109648348 12
    endloop
  endfacet
  facet normal -0.7771459614569789 0.6293203910498276 0
    outer loop
      vertex -22.19949655541456 -24.670978561128003 3.5
      vertex -22.19949655541456 -24.670978561128003 12
      vertex -22.084220259843843 -24.528624191511827 3.5
    endloop
  endfacet
  facet normal -0.8386705679454246 0.5446390350150263 0
    outer loop
      vertex -22.084220259843843 -24.528624191511827 3.5
      vertex -22.084220259843843 -24.528624191511827 12
      vertex -21.984455543377234 -24.375 3.5
    endloop
  endfacet
  facet normal -0.8910065241883655 0.45399049973955147 0
    outer loop
      vertex -21.984455543377234 -24.375 3.5
      vertex -21.984455543377234 -24.375 12
      vertex -21.90129544912545 -24.21178912538265 3.5
    endloop
  endfacet
  facet normal -0.9335804264972015 0.3583679495453006 0
    outer loop
      vertex -21.90129544912545 -24.21178912538265 3.5
      vertex -21.90129544912545 -24.21178912538265 12
      vertex -21.83565109648348 -24.040779740156157 3.5
    endloop
  endfacet
  facet normal -0.9659258262890685 0.2588190451025197 0
    outer loop
      vertex -21.83565109648348 -24.040779740156157 3.5
      vertex -21.83565109648348 -24.040779740156157 12
      vertex -21.78824169871584 -23.863845458931078 3.5
    endloop
  endfacet
  facet normal -0.9876883405951372 0.15643446504023434 0
    outer loop
      vertex -21.78824169871584 -23.863845458931078 3.5
      vertex -21.78824169871584 -23.863845458931078 12
      vertex -21.75958668310552 -23.682924810718394 3.5
    endloop
  endfacet
  facet normal -0.9986295347545739 0.05233595624294094 0
    outer loop
      vertex -21.75958668310552 -23.682924810718394 3.5
      vertex -21.75958668310552 -23.682924810718394 12
      vertex -21.75 -23.5 3.5
    endloop
  endfacet
  facet normal -0.9986295347545739 -0.05233595624294094 0
    outer loop
      vertex -21.75 -23.5 3.5
      vertex -21.75 -23.5 12
      vertex -21.75958668310552 -23.317075189281606 3.5
    endloop
  endfacet
  facet normal -0.9876883405951372 -0.15643446504023434 0
    outer loop
      vertex -21.75958668310552 -23.317075189281606 3.5
      vertex -21.75958668310552 -23.317075189281606 12
      vertex -21.78824169871584 -23.136154541068922 3.5
    endloop
  endfacet
  facet normal -0.9659258262890685 -0.2588190451025197 0
    outer loop
      vertex -21.78824169871584 -23.136154541068922 3.5
      vertex -21.78824169871584 -23.136154541068922 12
      vertex -21.83565109648348 -22.959220259843843 3.5
    endloop
  endfacet
  facet normal -0.6293203910498276 -0.7771459614569789 0
    outer loop
      vertex -22.329021438871997 -22.19949655541456 3.5
      vertex -22.329021438871997 -22.19949655541456 12
      vertex -22.471375808488173 -22.084220259843843 3.5
    endloop
  endfacet
  facet normal -0.7771459614569789 -0.6293203910498276 0
    outer loop
      vertex -22.084220259843843 -22.471375808488173 3.5
      vertex -22.084220259843843 -22.471375808488173 12
      vertex -22.19949655541456 -22.329021438871997 3.5
    endloop
  endfacet
  facet normal -0.7071067811865476 -0.7071067811865476 0
    outer loop
      vertex -22.329021438871997 -22.19949655541456 3.5
      vertex -22.19949655541456 -22.329021438871997 3.5
      vertex -22.19949655541456 -22.329021438871997 12
    endloop
  endfacet
  facet normal -0.3583679495453006 -0.9335804264972015 0
    outer loop
      vertex -22.959220259843843 -21.83565109648348 3.5
      vertex -22.78821087461735 -21.90129544912545 3.5
      vertex -22.78821087461735 -21.90129544912545 12
    endloop
  endfacet
  facet normal -0.45399049973955147 -0.8910065241883655 0
    outer loop
      vertex -22.78821087461735 -21.90129544912545 3.5
      vertex -22.625 -21.984455543377234 3.5
      vertex -22.625 -21.984455543377234 12
    endloop
  endfacet
  facet normal -0.5446390350150263 -0.8386705679454246 0
    outer loop
      vertex -22.625 -21.984455543377234 3.5
      vertex -22.471375808488173 -22.084220259843843 3.5
      vertex -22.471375808488173 -22.084220259843843 12
    endloop
  endfacet
  facet normal -0.9335804264972015 -0.3583679495453006 0
    outer loop
      vertex -21.90129544912545 -22.78821087461735 3.5
      vertex -21.83565109648348 -22.959220259843843 3.5
      vertex -21.83565109648348 -22.959220259843843 12
    endloop
  endfacet
  facet normal -0.8910065241883655 -0.45399049973955147 0
    outer loop
      vertex -21.90129544912545 -22.78821087461735 3.5
      vertex -21.90129544912545 -22.78821087461735 12
      vertex -21.984455543377234 -22.625 3.5
    endloop
  endfacet
  facet normal -0.8386705679454246 -0.5446390350150263 0
    outer loop
      vertex -22.084220259843843 -22.471375808488173 3.5
      vertex -21.984455543377234 -22.625 3.5
      vertex -21.984455543377234 -22.625 12
    endloop
  endfacet
  facet normal 0.9659258262890685 0.2588190451025197 0
    outer loop
      vertex -25.16434890351652 -24.040779740156157 3.5
      vertex -25.21175830128416 -23.863845458931078 12
      vertex -25.16434890351652 -24.040779740156157 12
    endloop
  endfacet
  facet normal 0.8386705679454246 0.5446390350150263 0
    outer loop
      vertex -24.915779740156157 -24.528624191511827 3.5
      vertex -25.015544456622766 -24.375 12
      vertex -24.915779740156157 -24.528624191511827 12
    endloop
  endfacet
  facet normal 0.8910065241883655 0.45399049973955147 0
    outer loop
      vertex -25.015544456622766 -24.375 3.5
      vertex -25.09870455087455 -24.21178912538265 12
      vertex -25.015544456622766 -24.375 12
    endloop
  endfacet
  facet normal 0.7771459614569789 0.6293203910498276 0
    outer loop
      vertex -24.80050344458544 -24.670978561128003 3.5
      vertex -24.915779740156157 -24.528624191511827 12
      vertex -24.80050344458544 -24.670978561128003 12
    endloop
  endfacet
  facet normal 0.9335804264972015 0.3583679495453006 0
    outer loop
      vertex -25.09870455087455 -24.21178912538265 3.5
      vertex -25.16434890351652 -24.040779740156157 12
      vertex -25.09870455087455 -24.21178912538265 12
    endloop
  endfacet
  facet normal 0.9876883405951372 0.15643446504023434 0
    outer loop
      vertex -25.21175830128416 -23.863845458931078 3.5
      vertex -25.24041331689448 -23.682924810718394 12
      vertex -25.21175830128416 -23.863845458931078 12
    endloop
  endfacet
  facet normal 0.9986295347545739 0.05233595624294094 0
    outer loop
      vertex -25.24041331689448 -23.682924810718394 3.5
      vertex -25.25 -23.5 12
      vertex -25.24041331689448 -23.682924810718394 12
    endloop
  endfacet
  facet normal 0.9986295347545739 -0.05233595624294094 0
    outer loop
      vertex -25.25 -23.5 3.5
      vertex -25.24041331689448 -23.317075189281606 12
      vertex -25.25 -23.5 12
    endloop
  endfacet
  facet normal 0.9876883405951372 -0.15643446504023434 0
    outer loop
      vertex -25.24041331689448 -23.317075189281606 3.5
      vertex -25.21175830128416 -23.136154541068922 12
      vertex -25.24041331689448 -23.317075189281606 12
    endloop
  endfacet
  facet normal 0.9659258262890685 -0.2588190451025197 0
    outer loop
      vertex -25.21175830128416 -23.136154541068922 3.5
      vertex -25.16434890351652 -22.959220259843843 12
      vertex -25.21175830128416 -23.136154541068922 12
    endloop
  endfacet
  facet normal 0.9335804264972015 -0.3583679495453006 0
    outer loop
      vertex -25.16434890351652 -22.959220259843843 3.5
      vertex -25.09870455087455 -22.78821087461735 12
      vertex -25.16434890351652 -22.959220259843843 12
    endloop
  endfacet
  facet normal 0.8910065241883655 -0.45399049973955147 0
    outer loop
      vertex -25.09870455087455 -22.78821087461735 3.5
      vertex -25.015544456622766 -22.625 12
      vertex -25.09870455087455 -22.78821087461735 12
    endloop
  endfacet
  facet normal 0.8386705679454246 -0.5446390350150263 0
    outer loop
      vertex -25.015544456622766 -22.625 3.5
      vertex -24.915779740156157 -22.471375808488173 12
      vertex -25.015544456622766 -22.625 12
    endloop
  endfacet
  facet normal 0.7771459614569789 -0.6293203910498276 0
    outer loop
      vertex -24.915779740156157 -22.471375808488173 3.5
      vertex -24.80050344458544 -22.329021438871997 12
      vertex -24.915779740156157 -22.471375808488173 12
    endloop
  endfacet
  facet normal 0.7071067811865476 -0.7071067811865476 0
    outer loop
      vertex -24.80050344458544 -22.329021438871997 3.5
      vertex -24.670978561128003 -22.19949655541456 12
      vertex -24.80050344458544 -22.329021438871997 12
    endloop
  endfacet
  facet normal 0.7071067811865476 0.7071067811865476 0
    outer loop
      vertex -24.670978561128003 -24.80050344458544 3.5
      vertex -24.80050344458544 -24.670978561128003 12
      vertex -24.670978561128003 -24.80050344458544 12
    endloop
  endfacet
  facet normal 0.6293203910498276 0.7771459614569789 0
    outer loop
      vertex -24.528624191511827 -24.915779740156157 3.5
      vertex -24.670978561128003 -24.80050344458544 12
      vertex -24.528624191511827 -24.915779740156157 12
    endloop
  endfacet
  facet normal 0.5446390350150263 0.8386705679454246 0
    outer loop
      vertex -24.375 -25.015544456622766 3.5
      vertex -24.528624191511827 -24.915779740156157 12
      vertex -24.375 -25.015544456622766 12
    endloop
  endfacet
  facet normal 0.2588190451025197 0.9659258262890685 0
    outer loop
      vertex -23.863845458931078 -25.21175830128416 3.5
      vertex -24.040779740156157 -25.16434890351652 12
      vertex -23.863845458931078 -25.21175830128416 12
    endloop
  endfacet
  facet normal 0.45399049973955147 0.8910065241883655 0
    outer loop
      vertex -24.21178912538265 -25.09870455087455 3.5
      vertex -24.375 -25.015544456622766 12
      vertex -24.21178912538265 -25.09870455087455 12
    endloop
  endfacet
  facet normal 0.3583679495453006 0.9335804264972015 0
    outer loop
      vertex -24.040779740156157 -25.16434890351652 3.5
      vertex -24.21178912538265 -25.09870455087455 12
      vertex -24.040779740156157 -25.16434890351652 12
    endloop
  endfacet
  facet normal 0.15643446504023434 0.9876883405951372 0
    outer loop
      vertex -23.682924810718394 -25.24041331689448 3.5
      vertex -23.863845458931078 -25.21175830128416 12
      vertex -23.682924810718394 -25.24041331689448 12
    endloop
  endfacet
  facet normal 0.05233595624294094 0.9986295347545739 0
    outer loop
      vertex -23.5 -25.25 3.5
      vertex -23.682924810718394 -25.24041331689448 12
      vertex -23.5 -25.25 12
    endloop
  endfacet
  facet normal -0.05233595624294094 0.9986295347545739 0
    outer loop
      vertex -23.317075189281606 -25.24041331689448 3.5
      vertex -23.5 -25.25 12
      vertex -23.317075189281606 -25.24041331689448 12
    endloop
  endfacet
  facet normal -0.15643446504023434 0.9876883405951372 0
    outer loop
      vertex -23.136154541068922 -25.21175830128416 3.5
      vertex -23.317075189281606 -25.24041331689448 12
      vertex -23.136154541068922 -25.21175830128416 12
    endloop
  endfacet
  facet normal -0.2588190451025197 0.9659258262890685 0
    outer loop
      vertex -22.959220259843843 -25.16434890351652 3.5
      vertex -23.136154541068922 -25.21175830128416 12
      vertex -22.959220259843843 -25.16434890351652 12
    endloop
  endfacet
  facet normal -0.3583679495453006 0.9335804264972015 0
    outer loop
      vertex -22.78821087461735 -25.09870455087455 3.5
      vertex -22.959220259843843 -25.16434890351652 12
      vertex -22.78821087461735 -25.09870455087455 12
    endloop
  endfacet
  facet normal -0.45399049973955147 0.8910065241883655 0
    outer loop
      vertex -22.625 -25.015544456622766 3.5
      vertex -22.78821087461735 -25.09870455087455 12
      vertex -22.625 -25.015544456622766 12
    endloop
  endfacet
  facet normal -0.5446390350150263 0.8386705679454246 0
    outer loop
      vertex -22.471375808488173 -24.915779740156157 3.5
      vertex -22.625 -25.015544456622766 12
      vertex -22.471375808488173 -24.915779740156157 12
    endloop
  endfacet
  facet normal -0.6293203910498276 0.7771459614569789 0
    outer loop
      vertex -22.329021438871997 -24.80050344458544 3.5
      vertex -22.471375808488173 -24.915779740156157 12
      vertex -22.329021438871997 -24.80050344458544 12
    endloop
  endfacet
  facet normal 0.6293203910498276 -0.7771459614569789 0
    outer loop
      vertex -24.670978561128003 -22.19949655541456 3.5
      vertex -24.528624191511827 -22.084220259843843 12
      vertex -24.670978561128003 -22.19949655541456 12
    endloop
  endfacet
  facet normal 0.5446390350150263 -0.8386705679454246 0
    outer loop
      vertex -24.528624191511827 -22.084220259843843 3.5
      vertex -24.375 -21.984455543377234 12
      vertex -24.528624191511827 -22.084220259843843 12
    endloop
  endfacet
  facet normal 0.45399049973955147 -0.8910065241883655 0
    outer loop
      vertex -24.375 -21.984455543377234 3.5
      vertex -24.21178912538265 -21.90129544912545 12
      vertex -24.375 -21.984455543377234 12
    endloop
  endfacet
  facet normal 0.3583679495453006 -0.9335804264972015 0
    outer loop
      vertex -24.21178912538265 -21.90129544912545 3.5
      vertex -24.040779740156157 -21.83565109648348 12
      vertex -24.21178912538265 -21.90129544912545 12
    endloop
  endfacet
  facet normal 0.2588190451025197 -0.9659258262890685 0
    outer loop
      vertex -24.040779740156157 -21.83565109648348 3.5
      vertex -23.863845458931078 -21.78824169871584 12
      vertex -24.040779740156157 -21.83565109648348 12
    endloop
  endfacet
  facet normal 0.15643446504023434 -0.9876883405951372 0
    outer loop
      vertex -23.863845458931078 -21.78824169871584 3.5
      vertex -23.682924810718394 -21.75958668310552 12
      vertex -23.863845458931078 -21.78824169871584 12
    endloop
  endfacet
  facet normal 0.05233595624294094 -0.9986295347545739 0
    outer loop
      vertex -23.682924810718394 -21.75958668310552 3.5
      vertex -23.5 -21.75 12
      vertex -23.682924810718394 -21.75958668310552 12
    endloop
  endfacet
  facet normal -0.05233595624294094 -0.9986295347545739 0
    outer loop
      vertex -23.5 -21.75 3.5
      vertex -23.317075189281606 -21.75958668310552 12
      vertex -23.5 -21.75 12
    endloop
  endfacet
  facet normal -0.15643446504023434 -0.9876883405951372 0
    outer loop
      vertex -23.317075189281606 -21.75958668310552 3.5
      vertex -23.136154541068922 -21.78824169871584 12
      vertex -23.317075189281606 -21.75958668310552 12
    endloop
  endfacet
  facet normal -0.2588190451025197 -0.9659258262890685 0
    outer loop
      vertex -23.136154541068922 -21.78824169871584 3.5
      vertex -22.959220259843843 -21.83565109648348 12
      vertex -23.136154541068922 -21.78824169871584 12
    endloop
  endfacet
  facet normal -0.7071067811865476 0.7071067811865476 0
    outer loop
      vertex -22.19949655541456 -24.670978561128003 3.5
      vertex -22.329021438871997 -24.80050344458544 12
      vertex -22.19949655541456 -24.670978561128003 12
    endloop
  endfacet
  facet normal -0.7771459614569789 0.6293203910498276 0
    outer loop
      vertex -22.084220259843843 -24.528624191511827 3.5
      vertex -22.19949655541456 -24.670978561128003 12
      vertex -22.084220259843843 -24.528624191511827 12
    endloop
  endfacet
  facet normal -0.8386705679454246 0.5446390350150263 0
    outer loop
      vertex -21.984455543377234 -24.375 3.5
      vertex -22.084220259843843 -24.528624191511827 12
      vertex -21.984455543377234 -24.375 12
    endloop
  endfacet
  facet normal -0.8910065241883655 0.45399049973955147 0
    outer loop
      vertex -21.90129544912545 -24.21178912538265 3.5
      vertex -21.984455543377234 -24.375 12
      vertex -21.90129544912545 -24.21178912538265 12
    endloop
  endfacet
  facet normal -0.9335804264972015 0.3583679495453006 0
    outer loop
      vertex -21.83565109648348 -24.040779740156157 3.5
      vertex -21.90129544912545 -24.21178912538265 12
      vertex -21.83565109648348 -24.040779740156157 12
    endloop
  endfacet
  facet normal -0.9659258262890685 0.2588190451025197 0
    outer loop
      vertex -21.78824169871584 -23.863845458931078 3.5
      vertex -21.83565109648348 -24.040779740156157 12
      vertex -21.78824169871584 -23.863845458931078 12
    endloop
  endfacet
  facet normal -0.9876883405951372 0.15643446504023434 0
    outer loop
      vertex -21.75958668310552 -23.682924810718394 3.5
      vertex -21.78824169871584 -23.863845458931078 12
      vertex -21.75958668310552 -23.682924810718394 12
    endloop
  endfacet
  facet normal -0.9986295347545739 0.05233595624294094 0
    outer loop
      vertex -21.75 -23.5 3.5
      vertex -21.75958668310552 -23.682924810718394 12
      vertex -21.75 -23.5 12
    endloop
  endfacet
  facet normal -0.9986295347545739 -0.05233595624294094 0
    outer loop
      vertex -21.75958668310552 -23.317075189281606 3.5
      vertex -21.75 -23.5 12
      vertex -21.75958668310552 -23.317075189281606 12
    endloop
  endfacet
  facet normal -0.9876883405951372 -0.15643446504023434 0
    outer loop
      vertex -21.78824169871584 -23.136154541068922 3.5
      vertex -21.75958668310552 -23.317075189281606 12
      vertex -21.78824169871584 -23.136154541068922 12
    endloop
  endfacet
  facet normal -0.9659258262890685 -0.2588190451025197 0
    outer loop
      vertex -21.83565109648348 -22.959220259843843 3.5
      vertex -21.78824169871584 -23.136154541068922 12
      vertex -21.83565109648348 -22.959220259843843 12
    endloop
  endfacet
  facet normal -0.6293203910498276 -0.7771459614569789 0
    outer loop
      vertex -22.471375808488173 -22.084220259843843 3.5
      vertex -22.329021438871997 -22.19949655541456 12
      vertex -22.471375808488173 -22.084220259843843 12
    endloop
  endfacet
  facet normal -0.7771459614569789 -0.6293203910498276 0
    outer loop
      vertex -22.19949655541456 -22.329021438871997 3.5
      vertex -22.084220259843843 -22.471375808488173 12
      vertex -22.19949655541456 -22.329021438871997 12
    endloop
  endfacet
  facet normal -0.7071067811865476 -0.7071067811865476 0
    outer loop
      vertex -22.329021438871997 -22.19949655541456 3.5
      vertex -22.19949655541456 -22.329021438871997 12
      vertex -22.329021438871997 -22.19949655541456 12
    endloop
  endfacet
  facet normal -0.3583679495453006 -0.9335804264972015 0
    outer loop
      vertex -22.959220259843843 -21.83565109648348 3.5
      vertex -22.78821087461735 -21.90129544912545 12
      vertex -22.959220259843843 -21.83565109648348 12
    endloop
  endfacet
  facet normal -0.45399049973955147 -0.8910065241883655 0
    outer loop
      vertex -22.78821087461735 -21.90129544912545 3.5
      vertex -22.625 -21.984455543377234 12
      vertex -22.78821087461735 -21.90129544912545 12
    endloop
  endfacet
  facet normal -0.5446390350150263 -0.8386705679454246 0
    outer loop
      vertex -22.625 -21.984455543377234 3.5
      vertex -22.471375808488173 -22.084220259843843 12
      vertex -22.625 -21.984455543377234 12
    endloop
  endfacet
  facet normal -0.9335804264972015 -0.3583679495453006 0
    outer loop
      vertex -21.90129544912545 -22.78821087461735 3.5
      vertex -21.83565109648348 -22.959220259843843 12
      vertex -21.90129544912545 -22.78821087461735 12
    endloop
  endfacet
  facet normal -0.8386705679454246 -0.5446390350150263 0
    outer loop
      vertex -22.084220259843843 -22.471375808488173 3.5
      vertex -21.984455543377234 -22.625 12
      vertex -22.084220259843843 -22.471375808488173 12
    endloop
  endfacet
  facet normal -0.8910065241883655 -0.45399049973955147 0
    outer loop
      vertex -21.984455543377234 -22.625 3.5
      vertex -21.90129544912545 -22.78821087461735 12
      vertex -21.984455543377234 -22.625 12
    endloop
  endfacet
  facet normal 0 0 -1
    outer loop
      vertex -25.015544456622766 -24.375 12
      vertex -25.015544456622766 -22.625 12
      vertex -24.915779740156157 -24.528624191511827 12
    endloop
  endfacet
  facet normal 0 0 -1
    outer loop
      vertex -24.80050344458544 -24.670978561128003 12
      vertex -24.915779740156157 -24.528624191511827 12
      vertex -24.915779740156157 -22.471375808488173 12
    endloop
  endfacet
  facet normal 0 0 -1
    outer loop
      vertex -24.80050344458544 -24.670978561128003 12
      vertex -24.80050344458544 -22.329021438871997 12
      vertex -24.670978561128003 -24.80050344458544 12
    endloop
  endfacet
  facet normal 0 0 -1
    outer loop
      vertex -25.21175830128416 -23.863845458931078 12
      vertex -25.24041331689448 -23.682924810718394 12
      vertex -25.24041331689448 -23.317075189281606 12
    endloop
  endfacet
  facet normal 0 0 -1
    outer loop
      vertex -25.21175830128416 -23.863845458931078 12
      vertex -25.21175830128416 -23.136154541068922 12
      vertex -25.16434890351652 -24.040779740156157 12
    endloop
  endfacet
  facet normal 0 0 -1
    outer loop
      vertex -25.24041331689448 -23.682924810718394 12
      vertex -25.25 -23.5 12
      vertex -25.24041331689448 -23.317075189281606 12
    endloop
  endfacet
  facet normal 0 0 -1
    outer loop
      vertex -25.21175830128416 -23.863845458931078 12
      vertex -25.24041331689448 -23.317075189281606 12
      vertex -25.21175830128416 -23.136154541068922 12
    endloop
  endfacet
  facet normal 0 0 -1
    outer loop
      vertex -25.16434890351652 -24.040779740156157 12
      vertex -25.21175830128416 -23.136154541068922 12
      vertex -25.16434890351652 -22.959220259843843 12
    endloop
  endfacet
  facet normal 0 0 -1
    outer loop
      vertex -25.09870455087455 -24.21178912538265 12
      vertex -25.16434890351652 -24.040779740156157 12
      vertex -25.16434890351652 -22.959220259843843 12
    endloop
  endfacet
  facet normal 0 0 -1
    outer loop
      vertex -25.015544456622766 -24.375 12
      vertex -25.09870455087455 -24.21178912538265 12
      vertex -25.09870455087455 -22.78821087461735 12
    endloop
  endfacet
  facet normal 0 0 -1
    outer loop
      vertex -25.09870455087455 -24.21178912538265 12
      vertex -25.16434890351652 -22.959220259843843 12
      vertex -25.09870455087455 -22.78821087461735 12
    endloop
  endfacet
  facet normal 0 0 -1
    outer loop
      vertex -25.015544456622766 -24.375 12
      vertex -25.09870455087455 -22.78821087461735 12
      vertex -25.015544456622766 -22.625 12
    endloop
  endfacet
  facet normal 0 0 -1
    outer loop
      vertex -24.915779740156157 -24.528624191511827 12
      vertex -25.015544456622766 -22.625 12
      vertex -24.915779740156157 -22.471375808488173 12
    endloop
  endfacet
  facet normal 0 0 -1
    outer loop
      vertex -24.80050344458544 -24.670978561128003 12
      vertex -24.915779740156157 -22.471375808488173 12
      vertex -24.80050344458544 -22.329021438871997 12
    endloop
  endfacet
  facet normal 0 0 -1
    outer loop
      vertex -24.670978561128003 -24.80050344458544 12
      vertex -24.670978561128003 -22.19949655541456 12
      vertex -24.528624191511827 -24.915779740156157 12
    endloop
  endfacet
  facet normal 0 0 -1
    outer loop
      vertex -24.375 -25.015544456622766 12
      vertex -24.528624191511827 -24.915779740156157 12
      vertex -24.528624191511827 -22.084220259843843 12
    endloop
  endfacet
  facet normal 0 0 -1
    outer loop
      vertex -24.375 -25.015544456622766 12
      vertex -24.375 -21.984455543377234 12
      vertex -24.21178912538265 -25.09870455087455 12
    endloop
  endfacet
  facet normal 0 0 -1
    outer loop
      vertex -24.21178912538265 -25.09870455087455 12
      vertex -24.21178912538265 -21.90129544912545 12
      vertex -24.040779740156157 -25.16434890351652 12
    endloop
  endfacet
  facet normal 0 0 -1
    outer loop
      vertex -24.040779740156157 -25.16434890351652 12
      vertex -24.040779740156157 -21.83565109648348 12
      vertex -23.863845458931078 -25.21175830128416 12
    endloop
  endfacet
  facet normal 0 0 -1
    outer loop
      vertex -24.670978561128003 -24.80050344458544 12
      vertex -24.80050344458544 -22.329021438871997 12
      vertex -24.670978561128003 -22.19949655541456 12
    endloop
  endfacet
  facet normal 0 0 -1
    outer loop
      vertex -24.528624191511827 -24.915779740156157 12
      vertex -24.670978561128003 -22.19949655541456 12
      vertex -24.528624191511827 -22.084220259843843 12
    endloop
  endfacet
  facet normal 0 0 -1
    outer loop
      vertex -24.375 -25.015544456622766 12
      vertex -24.528624191511827 -22.084220259843843 12
      vertex -24.375 -21.984455543377234 12
    endloop
  endfacet
  facet normal 0 0 -1
    outer loop
      vertex -24.21178912538265 -25.09870455087455 12
      vertex -24.375 -21.984455543377234 12
      vertex -24.21178912538265 -21.90129544912545 12
    endloop
  endfacet
  facet normal 0 0 -1
    outer loop
      vertex -24.040779740156157 -25.16434890351652 12
      vertex -24.21178912538265 -21.90129544912545 12
      vertex -24.040779740156157 -21.83565109648348 12
    endloop
  endfacet
  facet normal 0 0 -1
    outer loop
      vertex -23.863845458931078 -25.21175830128416 12
      vertex -23.863845458931078 -21.78824169871584 12
      vertex -23.682924810718394 -25.24041331689448 12
    endloop
  endfacet
  facet normal 0 0 -1
    outer loop
      vertex -23.682924810718394 -25.24041331689448 12
      vertex -23.682924810718394 -21.75958668310552 12
      vertex -23.5 -25.25 12
    endloop
  endfacet
  facet normal 0 0 -1
    outer loop
      vertex -23.5 -25.25 12
      vertex -23.5 -21.75 12
      vertex -23.317075189281606 -25.24041331689448 12
    endloop
  endfacet
  facet normal 0 0 -1
    outer loop
      vertex -23.317075189281606 -25.24041331689448 12
      vertex -23.317075189281606 -21.75958668310552 12
      vertex -23.136154541068922 -25.21175830128416 12
    endloop
  endfacet
  facet normal 0 0 -1
    outer loop
      vertex -23.136154541068922 -25.21175830128416 12
      vertex -23.136154541068922 -21.78824169871584 12
      vertex -22.959220259843843 -25.16434890351652 12
    endloop
  endfacet
  facet normal 0 0 -1
    outer loop
      vertex -23.863845458931078 -25.21175830128416 12
      vertex -24.040779740156157 -21.83565109648348 12
      vertex -23.863845458931078 -21.78824169871584 12
    endloop
  endfacet
  facet normal 0 0 -1
    outer loop
      vertex -23.682924810718394 -25.24041331689448 12
      vertex -23.863845458931078 -21.78824169871584 12
      vertex -23.682924810718394 -21.75958668310552 12
    endloop
  endfacet
  facet normal 0 0 -1
    outer loop
      vertex -23.5 -25.25 12
      vertex -23.682924810718394 -21.75958668310552 12
      vertex -23.5 -21.75 12
    endloop
  endfacet
  facet normal 0 0 -1
    outer loop
      vertex -23.5 -21.75 12
      vertex -23.317075189281606 -21.75958668310552 12
      vertex -23.317075189281606 -25.24041331689448 12
    endloop
  endfacet
  facet normal 0 0 -1
    outer loop
      vertex -23.136154541068922 -25.21175830128416 12
      vertex -23.317075189281606 -21.75958668310552 12
      vertex -23.136154541068922 -21.78824169871584 12
    endloop
  endfacet
  facet normal 0 0 -1
    outer loop
      vertex -22.959220259843843 -25.16434890351652 12
      vertex -23.136154541068922 -21.78824169871584 12
      vertex -22.959220259843843 -21.83565109648348 12
    endloop
  endfacet
  facet normal 0 0 -1
    outer loop
      vertex -22.959220259843843 -25.16434890351652 12
      vertex -22.959220259843843 -21.83565109648348 12
      vertex -22.78821087461735 -25.09870455087455 12
    endloop
  endfacet
  facet normal 0 0 -1
    outer loop
      vertex -22.78821087461735 -25.09870455087455 12
      vertex -22.78821087461735 -21.90129544912545 12
      vertex -22.625 -25.015544456622766 12
    endloop
  endfacet
  facet normal 0 0 -1
    outer loop
      vertex -22.625 -25.015544456622766 12
      vertex -22.625 -21.984455543377234 12
      vertex -22.471375808488173 -24.915779740156157 12
    endloop
  endfacet
  facet normal 0 0 -1
    outer loop
      vertex -22.471375808488173 -24.915779740156157 12
      vertex -22.471375808488173 -22.084220259843843 12
      vertex -22.329021438871997 -24.80050344458544 12
    endloop
  endfacet
  facet normal 0 0 -1
    outer loop
      vertex -22.329021438871997 -24.80050344458544 12
      vertex -22.329021438871997 -22.19949655541456 12
      vertex -22.19949655541456 -24.670978561128003 12
    endloop
  endfacet
  facet normal 0 0 -1
    outer loop
      vertex -22.19949655541456 -24.670978561128003 12
      vertex -22.19949655541456 -22.329021438871997 12
      vertex -22.084220259843843 -24.528624191511827 12
    endloop
  endfacet
  facet normal 0 0 -1
    outer loop
      vertex -22.625 -25.015544456622766 12
      vertex -22.78821087461735 -21.90129544912545 12
      vertex -22.625 -21.984455543377234 12
    endloop
  endfacet
  facet normal 0 0 -1
    outer loop
      vertex -22.471375808488173 -24.915779740156157 12
      vertex -22.625 -21.984455543377234 12
      vertex -22.471375808488173 -22.084220259843843 12
    endloop
  endfacet
  facet normal 0 0 -1
    outer loop
      vertex -22.329021438871997 -24.80050344458544 12
      vertex -22.471375808488173 -22.084220259843843 12
      vertex -22.329021438871997 -22.19949655541456 12
    endloop
  endfacet
  facet normal 0 0 -1
    outer loop
      vertex -22.19949655541456 -24.670978561128003 12
      vertex -22.329021438871997 -22.19949655541456 12
      vertex -22.19949655541456 -22.329021438871997 12
    endloop
  endfacet
  facet normal 0 0 -1
    outer loop
      vertex -22.084220259843843 -24.528624191511827 12
      vertex -22.19949655541456 -22.329021438871997 12
      vertex -22.084220259843843 -22.471375808488173 12
    endloop
  endfacet
  facet normal 0 0 -1
    outer loop
      vertex -22.084220259843843 -24.528624191511827 12
      vertex -22.084220259843843 -22.471375808488173 12
      vertex -21.984455543377234 -24.375 12
    endloop
  endfacet
  facet normal 0 0 -1
    outer loop
      vertex -21.984455543377234 -24.375 12
      vertex -21.984455543377234 -22.625 12
      vertex -21.90129544912545 -24.21178912538265 12
    endloop
  endfacet
  facet normal 0 0 -1
    outer loop
      vertex -21.90129544912545 -24.21178912538265 12
      vertex -21.90129544912545 -22.78821087461735 12
      vertex -21.83565109648348 -24.040779740156157 12
    endloop
  endfacet
  facet normal 0 0 -1
    outer loop
      vertex -21.83565109648348 -24.040779740156157 12
      vertex -21.83565109648348 -22.959220259843843 12
      vertex -21.78824169871584 -23.863845458931078 12
    endloop
  endfacet
  facet normal 0 0 -1
    outer loop
      vertex -21.78824169871584 -23.863845458931078 12
      vertex -21.78824169871584 -23.136154541068922 12
      vertex -21.75958668310552 -23.682924810718394 12
    endloop
  endfacet
  facet normal 0 0 -1
    outer loop
      vertex -21.75958668310552 -23.682924810718394 12
      vertex -21.75958668310552 -23.317075189281606 12
      vertex -21.75 -23.5 12
    endloop
  endfacet
  facet normal 0 0 -1
    outer loop
      vertex -21.90129544912545 -24.21178912538265 12
      vertex -21.984455543377234 -22.625 12
      vertex -21.90129544912545 -22.78821087461735 12
    endloop
  endfacet
  facet normal 0 0 -1
    outer loop
      vertex -21.83565109648348 -24.040779740156157 12
      vertex -21.90129544912545 -22.78821087461735 12
      vertex -21.83565109648348 -22.959220259843843 12
    endloop
  endfacet
  facet normal 0 0 -1
    outer loop
      vertex -21.984455543377234 -24.375 12
      vertex -22.084220259843843 -22.471375808488173 12
      vertex -21.984455543377234 -22.625 12
    endloop
  endfacet
  facet normal 0 0 -1
    outer loop
      vertex -21.78824169871584 -23.863845458931078 12
      vertex -21.83565109648348 -22.959220259843843 12
      vertex -21.78824169871584 -23.136154541068922 12
    endloop
  endfacet
  facet normal 0 0 -1
    outer loop
      vertex -21.75958668310552 -23.682924810718394 12
      vertex -21.78824169871584 -23.136154541068922 12
      vertex -21.75958668310552 -23.317075189281606 12
    endloop
  endfacet
  facet normal 0 0 -1
    outer loop
      vertex -22.78821087461735 -25.09870455087455 12
      vertex -22.959220259843843 -21.83565109648348 12
      vertex -22.78821087461735 -21.90129544912545 12
    endloop
  endfacet
  facet normal 0.8386705679454246 0.5446390350150263 0
    outer loop
      vertex 21.984455543377234 22.625 3.5
      vertex 21.984455543377234 22.625 12
      vertex 22.084220259843843 22.471375808488173 3.5
    endloop
  endfacet
  facet normal 0.8910065241883655 0.45399049973955147 0
    outer loop
      vertex 21.984455543377234 22.625 3.5
      vertex 21.90129544912545 22.78821087461735 3.5
      vertex 21.90129544912545 22.78821087461735 12
    endloop
  endfacet
  facet normal 0.9335804264972015 0.3583679495453006 0
    outer loop
      vertex 21.83565109648348 22.959220259843843 3.5
      vertex 21.83565109648348 22.959220259843843 12
      vertex 21.90129544912545 22.78821087461735 3.5
    endloop
  endfacet
  facet normal 0.5446390350150263 0.8386705679454246 0
    outer loop
      vertex 22.471375808488173 22.084220259843843 3.5
      vertex 22.471375808488173 22.084220259843843 12
      vertex 22.625 21.984455543377234 3.5
    endloop
  endfacet
  facet normal 0.45399049973955147 0.8910065241883655 0
    outer loop
      vertex 22.625 21.984455543377234 3.5
      vertex 22.625 21.984455543377234 12
      vertex 22.78821087461735 21.90129544912545 3.5
    endloop
  endfacet
  facet normal 0.3583679495453006 0.9335804264972015 0
    outer loop
      vertex 22.78821087461735 21.90129544912545 3.5
      vertex 22.78821087461735 21.90129544912545 12
      vertex 22.959220259843843 21.83565109648348 3.5
    endloop
  endfacet
  facet normal 0.7071067811865476 0.7071067811865476 0
    outer loop
      vertex 22.19949655541456 22.329021438871997 3.5
      vertex 22.19949655541456 22.329021438871997 12
      vertex 22.329021438871997 22.19949655541456 3.5
    endloop
  endfacet
  facet normal 0.7771459614569789 0.6293203910498276 0
    outer loop
      vertex 22.19949655541456 22.329021438871997 3.5
      vertex 22.084220259843843 22.471375808488173 3.5
      vertex 22.084220259843843 22.471375808488173 12
    endloop
  endfacet
  facet normal 0.6293203910498276 0.7771459614569789 0
    outer loop
      vertex 22.471375808488173 22.084220259843843 3.5
      vertex 22.329021438871997 22.19949655541456 3.5
      vertex 22.329021438871997 22.19949655541456 12
    endloop
  endfacet
  facet normal 0.9659258262890685 0.2588190451025197 0
    outer loop
      vertex 21.83565109648348 22.959220259843843 3.5
      vertex 21.78824169871584 23.136154541068922 3.5
      vertex 21.78824169871584 23.136154541068922 12
    endloop
  endfacet
  facet normal 0.9876883405951372 0.15643446504023434 0
    outer loop
      vertex 21.78824169871584 23.136154541068922 3.5
      vertex 21.75958668310552 23.317075189281606 3.5
      vertex 21.75958668310552 23.317075189281606 12
    endloop
  endfacet
  facet normal 0.9986295347545739 0.05233595624294094 0
    outer loop
      vertex 21.75958668310552 23.317075189281606 3.5
      vertex 21.75 23.5 3.5
      vertex 21.75 23.5 12
    endloop
  endfacet
  facet normal 0.9986295347545739 -0.05233595624294094 0
    outer loop
      vertex 21.75 23.5 3.5
      vertex 21.75958668310552 23.682924810718394 3.5
      vertex 21.75958668310552 23.682924810718394 12
    endloop
  endfacet
  facet normal 0.9876883405951372 -0.15643446504023434 0
    outer loop
      vertex 21.75958668310552 23.682924810718394 3.5
      vertex 21.78824169871584 23.863845458931078 3.5
      vertex 21.78824169871584 23.863845458931078 12
    endloop
  endfacet
  facet normal 0.9659258262890685 -0.2588190451025197 0
    outer loop
      vertex 21.78824169871584 23.863845458931078 3.5
      vertex 21.83565109648348 24.040779740156157 3.5
      vertex 21.83565109648348 24.040779740156157 12
    endloop
  endfacet
  facet normal 0.9335804264972015 -0.3583679495453006 0
    outer loop
      vertex 21.83565109648348 24.040779740156157 3.5
      vertex 21.90129544912545 24.21178912538265 3.5
      vertex 21.90129544912545 24.21178912538265 12
    endloop
  endfacet
  facet normal 0.8910065241883655 -0.45399049973955147 0
    outer loop
      vertex 21.90129544912545 24.21178912538265 3.5
      vertex 21.984455543377234 24.375 3.5
      vertex 21.984455543377234 24.375 12
    endloop
  endfacet
  facet normal 0.8386705679454246 -0.5446390350150263 0
    outer loop
      vertex 21.984455543377234 24.375 3.5
      vertex 22.084220259843843 24.528624191511827 3.5
      vertex 22.084220259843843 24.528624191511827 12
    endloop
  endfacet
  facet normal 0.7771459614569789 -0.6293203910498276 0
    outer loop
      vertex 22.084220259843843 24.528624191511827 3.5
      vertex 22.19949655541456 24.670978561128003 3.5
      vertex 22.19949655541456 24.670978561128003 12
    endloop
  endfacet
  facet normal 0.2588190451025197 0.9659258262890685 0
    outer loop
      vertex 22.959220259843843 21.83565109648348 3.5
      vertex 22.959220259843843 21.83565109648348 12
      vertex 23.136154541068922 21.78824169871584 3.5
    endloop
  endfacet
  facet normal 0.15643446504023434 0.9876883405951372 0
    outer loop
      vertex 23.136154541068922 21.78824169871584 3.5
      vertex 23.136154541068922 21.78824169871584 12
      vertex 23.317075189281606 21.75958668310552 3.5
    endloop
  endfacet
  facet normal 0.05233595624294094 0.9986295347545739 0
    outer loop
      vertex 23.317075189281606 21.75958668310552 3.5
      vertex 23.317075189281606 21.75958668310552 12
      vertex 23.5 21.75 3.5
    endloop
  endfacet
  facet normal -0.05233595624294094 0.9986295347545739 0
    outer loop
      vertex 23.5 21.75 3.5
      vertex 23.5 21.75 12
      vertex 23.682924810718394 21.75958668310552 3.5
    endloop
  endfacet
  facet normal -0.15643446504023434 0.9876883405951372 0
    outer loop
      vertex 23.682924810718394 21.75958668310552 3.5
      vertex 23.682924810718394 21.75958668310552 12
      vertex 23.863845458931078 21.78824169871584 3.5
    endloop
  endfacet
  facet normal -0.2588190451025197 0.9659258262890685 0
    outer loop
      vertex 23.863845458931078 21.78824169871584 3.5
      vertex 23.863845458931078 21.78824169871584 12
      vertex 24.040779740156157 21.83565109648348 3.5
    endloop
  endfacet
  facet normal -0.3583679495453006 0.9335804264972015 0
    outer loop
      vertex 24.040779740156157 21.83565109648348 3.5
      vertex 24.040779740156157 21.83565109648348 12
      vertex 24.21178912538265 21.90129544912545 3.5
    endloop
  endfacet
  facet normal -0.45399049973955147 0.8910065241883655 0
    outer loop
      vertex 24.21178912538265 21.90129544912545 3.5
      vertex 24.21178912538265 21.90129544912545 12
      vertex 24.375 21.984455543377234 3.5
    endloop
  endfacet
  facet normal -0.5446390350150263 0.8386705679454246 0
    outer loop
      vertex 24.375 21.984455543377234 3.5
      vertex 24.375 21.984455543377234 12
      vertex 24.528624191511827 22.084220259843843 3.5
    endloop
  endfacet
  facet normal -0.6293203910498276 0.7771459614569789 0
    outer loop
      vertex 24.528624191511827 22.084220259843843 3.5
      vertex 24.528624191511827 22.084220259843843 12
      vertex 24.670978561128003 22.19949655541456 3.5
    endloop
  endfacet
  facet normal -0.7071067811865476 0.7071067811865476 0
    outer loop
      vertex 24.670978561128003 22.19949655541456 3.5
      vertex 24.670978561128003 22.19949655541456 12
      vertex 24.80050344458544 22.329021438871997 3.5
    endloop
  endfacet
  facet normal 0.7071067811865476 -0.7071067811865476 0
    outer loop
      vertex 22.19949655541456 24.670978561128003 3.5
      vertex 22.329021438871997 24.80050344458544 3.5
      vertex 22.329021438871997 24.80050344458544 12
    endloop
  endfacet
  facet normal 0.6293203910498276 -0.7771459614569789 0
    outer loop
      vertex 22.329021438871997 24.80050344458544 3.5
      vertex 22.471375808488173 24.915779740156157 3.5
      vertex 22.471375808488173 24.915779740156157 12
    endloop
  endfacet
  facet normal 0.5446390350150263 -0.8386705679454246 0
    outer loop
      vertex 22.471375808488173 24.915779740156157 3.5
      vertex 22.625 25.015544456622766 3.5
      vertex 22.625 25.015544456622766 12
    endloop
  endfacet
  facet normal 0.45399049973955147 -0.8910065241883655 0
    outer loop
      vertex 22.625 25.015544456622766 3.5
      vertex 22.78821087461735 25.09870455087455 3.5
      vertex 22.78821087461735 25.09870455087455 12
    endloop
  endfacet
  facet normal 0.3583679495453006 -0.9335804264972015 0
    outer loop
      vertex 22.78821087461735 25.09870455087455 3.5
      vertex 22.959220259843843 25.16434890351652 3.5
      vertex 22.959220259843843 25.16434890351652 12
    endloop
  endfacet
  facet normal 0.2588190451025197 -0.9659258262890685 0
    outer loop
      vertex 22.959220259843843 25.16434890351652 3.5
      vertex 23.136154541068922 25.21175830128416 3.5
      vertex 23.136154541068922 25.21175830128416 12
    endloop
  endfacet
  facet normal 0.15643446504023434 -0.9876883405951372 0
    outer loop
      vertex 23.136154541068922 25.21175830128416 3.5
      vertex 23.317075189281606 25.24041331689448 3.5
      vertex 23.317075189281606 25.24041331689448 12
    endloop
  endfacet
  facet normal 0.05233595624294094 -0.9986295347545739 0
    outer loop
      vertex 23.317075189281606 25.24041331689448 3.5
      vertex 23.5 25.25 3.5
      vertex 23.5 25.25 12
    endloop
  endfacet
  facet normal -0.05233595624294094 -0.9986295347545739 0
    outer loop
      vertex 23.5 25.25 3.5
      vertex 23.682924810718394 25.24041331689448 3.5
      vertex 23.682924810718394 25.24041331689448 12
    endloop
  endfacet
  facet normal -0.15643446504023434 -0.9876883405951372 0
    outer loop
      vertex 23.682924810718394 25.24041331689448 3.5
      vertex 23.863845458931078 25.21175830128416 3.5
      vertex 23.863845458931078 25.21175830128416 12
    endloop
  endfacet
  facet normal -0.3583679495453006 -0.9335804264972015 0
    outer loop
      vertex 24.040779740156157 25.16434890351652 3.5
      vertex 24.21178912538265 25.09870455087455 3.5
      vertex 24.21178912538265 25.09870455087455 12
    endloop
  endfacet
  facet normal -0.2588190451025197 -0.9659258262890685 0
    outer loop
      vertex 23.863845458931078 25.21175830128416 3.5
      vertex 24.040779740156157 25.16434890351652 3.5
      vertex 24.040779740156157 25.16434890351652 12
    endloop
  endfacet
  facet normal -0.45399049973955147 -0.8910065241883655 0
    outer loop
      vertex 24.21178912538265 25.09870455087455 3.5
      vertex 24.375 25.015544456622766 3.5
      vertex 24.375 25.015544456622766 12
    endloop
  endfacet
  facet normal -0.5446390350150263 -0.8386705679454246 0
    outer loop
      vertex 24.528624191511827 24.915779740156157 3.5
      vertex 24.528624191511827 24.915779740156157 12
      vertex 24.375 25.015544456622766 3.5
    endloop
  endfacet
  facet normal -0.6293203910498276 -0.7771459614569789 0
    outer loop
      vertex 24.528624191511827 24.915779740156157 3.5
      vertex 24.670978561128003 24.80050344458544 3.5
      vertex 24.670978561128003 24.80050344458544 12
    endloop
  endfacet
  facet normal -0.7771459614569789 0.6293203910498276 0
    outer loop
      vertex 24.80050344458544 22.329021438871997 3.5
      vertex 24.80050344458544 22.329021438871997 12
      vertex 24.915779740156157 22.471375808488173 3.5
    endloop
  endfacet
  facet normal -0.8386705679454246 0.5446390350150263 0
    outer loop
      vertex 24.915779740156157 22.471375808488173 3.5
      vertex 24.915779740156157 22.471375808488173 12
      vertex 25.015544456622766 22.625 3.5
    endloop
  endfacet
  facet normal -0.8910065241883655 0.45399049973955147 0
    outer loop
      vertex 25.015544456622766 22.625 3.5
      vertex 25.015544456622766 22.625 12
      vertex 25.09870455087455 22.78821087461735 3.5
    endloop
  endfacet
  facet normal -0.9335804264972015 0.3583679495453006 0
    outer loop
      vertex 25.09870455087455 22.78821087461735 3.5
      vertex 25.09870455087455 22.78821087461735 12
      vertex 25.16434890351652 22.959220259843843 3.5
    endloop
  endfacet
  facet normal -0.9659258262890685 0.2588190451025197 0
    outer loop
      vertex 25.16434890351652 22.959220259843843 3.5
      vertex 25.16434890351652 22.959220259843843 12
      vertex 25.21175830128416 23.136154541068922 3.5
    endloop
  endfacet
  facet normal -0.9876883405951372 0.15643446504023434 0
    outer loop
      vertex 25.21175830128416 23.136154541068922 3.5
      vertex 25.21175830128416 23.136154541068922 12
      vertex 25.24041331689448 23.317075189281606 3.5
    endloop
  endfacet
  facet normal -0.9986295347545739 0.05233595624294094 0
    outer loop
      vertex 25.24041331689448 23.317075189281606 3.5
      vertex 25.24041331689448 23.317075189281606 12
      vertex 25.25 23.5 3.5
    endloop
  endfacet
  facet normal -0.9986295347545739 -0.05233595624294094 0
    outer loop
      vertex 25.25 23.5 3.5
      vertex 25.25 23.5 12
      vertex 25.24041331689448 23.682924810718394 3.5
    endloop
  endfacet
  facet normal -0.9876883405951372 -0.15643446504023434 0
    outer loop
      vertex 25.24041331689448 23.682924810718394 3.5
      vertex 25.24041331689448 23.682924810718394 12
      vertex 25.21175830128416 23.863845458931078 3.5
    endloop
  endfacet
  facet normal -0.9335804264972015 -0.3583679495453006 0
    outer loop
      vertex 25.16434890351652 24.040779740156157 3.5
      vertex 25.16434890351652 24.040779740156157 12
      vertex 25.09870455087455 24.21178912538265 3.5
    endloop
  endfacet
  facet normal -0.8910065241883655 -0.45399049973955147 0
    outer loop
      vertex 25.09870455087455 24.21178912538265 3.5
      vertex 25.09870455087455 24.21178912538265 12
      vertex 25.015544456622766 24.375 3.5
    endloop
  endfacet
  facet normal -0.7071067811865476 -0.7071067811865476 0
    outer loop
      vertex 24.670978561128003 24.80050344458544 3.5
      vertex 24.80050344458544 24.670978561128003 3.5
      vertex 24.80050344458544 24.670978561128003 12
    endloop
  endfacet
  facet normal -0.7771459614569789 -0.6293203910498276 0
    outer loop
      vertex 24.915779740156157 24.528624191511827 3.5
      vertex 24.915779740156157 24.528624191511827 12
      vertex 24.80050344458544 24.670978561128003 3.5
    endloop
  endfacet
  facet normal -0.8386705679454246 -0.5446390350150263 0
    outer loop
      vertex 24.915779740156157 24.528624191511827 3.5
      vertex 25.015544456622766 24.375 3.5
      vertex 25.015544456622766 24.375 12
    endloop
  endfacet
  facet normal -0.9659258262890685 -0.2588190451025197 0
    outer loop
      vertex 25.16434890351652 24.040779740156157 3.5
      vertex 25.21175830128416 23.863845458931078 3.5
      vertex 25.21175830128416 23.863845458931078 12
    endloop
  endfacet
  facet normal 0.8910065241883655 0.45399049973955147 0
    outer loop
      vertex 21.984455543377234 22.625 3.5
      vertex 21.90129544912545 22.78821087461735 12
      vertex 21.984455543377234 22.625 12
    endloop
  endfacet
  facet normal 0.8386705679454246 0.5446390350150263 0
    outer loop
      vertex 22.084220259843843 22.471375808488173 3.5
      vertex 21.984455543377234 22.625 12
      vertex 22.084220259843843 22.471375808488173 12
    endloop
  endfacet
  facet normal 0.9335804264972015 0.3583679495453006 0
    outer loop
      vertex 21.90129544912545 22.78821087461735 3.5
      vertex 21.83565109648348 22.959220259843843 12
      vertex 21.90129544912545 22.78821087461735 12
    endloop
  endfacet
  facet normal 0.5446390350150263 0.8386705679454246 0
    outer loop
      vertex 22.625 21.984455543377234 3.5
      vertex 22.471375808488173 22.084220259843843 12
      vertex 22.625 21.984455543377234 12
    endloop
  endfacet
  facet normal 0.45399049973955147 0.8910065241883655 0
    outer loop
      vertex 22.78821087461735 21.90129544912545 3.5
      vertex 22.625 21.984455543377234 12
      vertex 22.78821087461735 21.90129544912545 12
    endloop
  endfacet
  facet normal 0.3583679495453006 0.9335804264972015 0
    outer loop
      vertex 22.959220259843843 21.83565109648348 3.5
      vertex 22.78821087461735 21.90129544912545 12
      vertex 22.959220259843843 21.83565109648348 12
    endloop
  endfacet
  facet normal 0.7071067811865476 0.7071067811865476 0
    outer loop
      vertex 22.329021438871997 22.19949655541456 3.5
      vertex 22.19949655541456 22.329021438871997 12
      vertex 22.329021438871997 22.19949655541456 12
    endloop
  endfacet
  facet normal 0.7771459614569789 0.6293203910498276 0
    outer loop
      vertex 22.19949655541456 22.329021438871997 3.5
      vertex 22.084220259843843 22.471375808488173 12
      vertex 22.19949655541456 22.329021438871997 12
    endloop
  endfacet
  facet normal 0.6293203910498276 0.7771459614569789 0
    outer loop
      vertex 22.471375808488173 22.084220259843843 3.5
      vertex 22.329021438871997 22.19949655541456 12
      vertex 22.471375808488173 22.084220259843843 12
    endloop
  endfacet
  facet normal 0.9659258262890685 0.2588190451025197 0
    outer loop
      vertex 21.83565109648348 22.959220259843843 3.5
      vertex 21.78824169871584 23.136154541068922 12
      vertex 21.83565109648348 22.959220259843843 12
    endloop
  endfacet
  facet normal 0.9876883405951372 0.15643446504023434 0
    outer loop
      vertex 21.78824169871584 23.136154541068922 3.5
      vertex 21.75958668310552 23.317075189281606 12
      vertex 21.78824169871584 23.136154541068922 12
    endloop
  endfacet
  facet normal 0.9986295347545739 0.05233595624294094 0
    outer loop
      vertex 21.75958668310552 23.317075189281606 3.5
      vertex 21.75 23.5 12
      vertex 21.75958668310552 23.317075189281606 12
    endloop
  endfacet
  facet normal 0.9986295347545739 -0.05233595624294094 0
    outer loop
      vertex 21.75 23.5 3.5
      vertex 21.75958668310552 23.682924810718394 12
      vertex 21.75 23.5 12
    endloop
  endfacet
  facet normal 0.9876883405951372 -0.15643446504023434 0
    outer loop
      vertex 21.75958668310552 23.682924810718394 3.5
      vertex 21.78824169871584 23.863845458931078 12
      vertex 21.75958668310552 23.682924810718394 12
    endloop
  endfacet
  facet normal 0.9659258262890685 -0.2588190451025197 0
    outer loop
      vertex 21.78824169871584 23.863845458931078 3.5
      vertex 21.83565109648348 24.040779740156157 12
      vertex 21.78824169871584 23.863845458931078 12
    endloop
  endfacet
  facet normal 0.9335804264972015 -0.3583679495453006 0
    outer loop
      vertex 21.83565109648348 24.040779740156157 3.5
      vertex 21.90129544912545 24.21178912538265 12
      vertex 21.83565109648348 24.040779740156157 12
    endloop
  endfacet
  facet normal 0.8910065241883655 -0.45399049973955147 0
    outer loop
      vertex 21.90129544912545 24.21178912538265 3.5
      vertex 21.984455543377234 24.375 12
      vertex 21.90129544912545 24.21178912538265 12
    endloop
  endfacet
  facet normal 0.8386705679454246 -0.5446390350150263 0
    outer loop
      vertex 21.984455543377234 24.375 3.5
      vertex 22.084220259843843 24.528624191511827 12
      vertex 21.984455543377234 24.375 12
    endloop
  endfacet
  facet normal 0.7771459614569789 -0.6293203910498276 0
    outer loop
      vertex 22.084220259843843 24.528624191511827 3.5
      vertex 22.19949655541456 24.670978561128003 12
      vertex 22.084220259843843 24.528624191511827 12
    endloop
  endfacet
  facet normal 0.7071067811865476 -0.7071067811865476 0
    outer loop
      vertex 22.19949655541456 24.670978561128003 3.5
      vertex 22.329021438871997 24.80050344458544 12
      vertex 22.19949655541456 24.670978561128003 12
    endloop
  endfacet
  facet normal 0.2588190451025197 0.9659258262890685 0
    outer loop
      vertex 23.136154541068922 21.78824169871584 3.5
      vertex 22.959220259843843 21.83565109648348 12
      vertex 23.136154541068922 21.78824169871584 12
    endloop
  endfacet
  facet normal 0.15643446504023434 0.9876883405951372 0
    outer loop
      vertex 23.317075189281606 21.75958668310552 3.5
      vertex 23.136154541068922 21.78824169871584 12
      vertex 23.317075189281606 21.75958668310552 12
    endloop
  endfacet
  facet normal 0.05233595624294094 0.9986295347545739 0
    outer loop
      vertex 23.5 21.75 3.5
      vertex 23.317075189281606 21.75958668310552 12
      vertex 23.5 21.75 12
    endloop
  endfacet
  facet normal -0.05233595624294094 0.9986295347545739 0
    outer loop
      vertex 23.682924810718394 21.75958668310552 3.5
      vertex 23.5 21.75 12
      vertex 23.682924810718394 21.75958668310552 12
    endloop
  endfacet
  facet normal -0.15643446504023434 0.9876883405951372 0
    outer loop
      vertex 23.863845458931078 21.78824169871584 3.5
      vertex 23.682924810718394 21.75958668310552 12
      vertex 23.863845458931078 21.78824169871584 12
    endloop
  endfacet
  facet normal -0.2588190451025197 0.9659258262890685 0
    outer loop
      vertex 24.040779740156157 21.83565109648348 3.5
      vertex 23.863845458931078 21.78824169871584 12
      vertex 24.040779740156157 21.83565109648348 12
    endloop
  endfacet
  facet normal -0.3583679495453006 0.9335804264972015 0
    outer loop
      vertex 24.21178912538265 21.90129544912545 3.5
      vertex 24.040779740156157 21.83565109648348 12
      vertex 24.21178912538265 21.90129544912545 12
    endloop
  endfacet
  facet normal -0.45399049973955147 0.8910065241883655 0
    outer loop
      vertex 24.375 21.984455543377234 3.5
      vertex 24.21178912538265 21.90129544912545 12
      vertex 24.375 21.984455543377234 12
    endloop
  endfacet
  facet normal -0.5446390350150263 0.8386705679454246 0
    outer loop
      vertex 24.528624191511827 22.084220259843843 3.5
      vertex 24.375 21.984455543377234 12
      vertex 24.528624191511827 22.084220259843843 12
    endloop
  endfacet
  facet normal -0.6293203910498276 0.7771459614569789 0
    outer loop
      vertex 24.670978561128003 22.19949655541456 3.5
      vertex 24.528624191511827 22.084220259843843 12
      vertex 24.670978561128003 22.19949655541456 12
    endloop
  endfacet
  facet normal 0.6293203910498276 -0.7771459614569789 0
    outer loop
      vertex 22.329021438871997 24.80050344458544 3.5
      vertex 22.471375808488173 24.915779740156157 12
      vertex 22.329021438871997 24.80050344458544 12
    endloop
  endfacet
  facet normal 0.5446390350150263 -0.8386705679454246 0
    outer loop
      vertex 22.471375808488173 24.915779740156157 3.5
      vertex 22.625 25.015544456622766 12
      vertex 22.471375808488173 24.915779740156157 12
    endloop
  endfacet
  facet normal 0.45399049973955147 -0.8910065241883655 0
    outer loop
      vertex 22.625 25.015544456622766 3.5
      vertex 22.78821087461735 25.09870455087455 12
      vertex 22.625 25.015544456622766 12
    endloop
  endfacet
  facet normal 0.3583679495453006 -0.9335804264972015 0
    outer loop
      vertex 22.78821087461735 25.09870455087455 3.5
      vertex 22.959220259843843 25.16434890351652 12
      vertex 22.78821087461735 25.09870455087455 12
    endloop
  endfacet
  facet normal 0.2588190451025197 -0.9659258262890685 0
    outer loop
      vertex 22.959220259843843 25.16434890351652 3.5
      vertex 23.136154541068922 25.21175830128416 12
      vertex 22.959220259843843 25.16434890351652 12
    endloop
  endfacet
  facet normal 0.15643446504023434 -0.9876883405951372 0
    outer loop
      vertex 23.136154541068922 25.21175830128416 3.5
      vertex 23.317075189281606 25.24041331689448 12
      vertex 23.136154541068922 25.21175830128416 12
    endloop
  endfacet
  facet normal 0.05233595624294094 -0.9986295347545739 0
    outer loop
      vertex 23.317075189281606 25.24041331689448 3.5
      vertex 23.5 25.25 12
      vertex 23.317075189281606 25.24041331689448 12
    endloop
  endfacet
  facet normal -0.05233595624294094 -0.9986295347545739 0
    outer loop
      vertex 23.5 25.25 3.5
      vertex 23.682924810718394 25.24041331689448 12
      vertex 23.5 25.25 12
    endloop
  endfacet
  facet normal -0.15643446504023434 -0.9876883405951372 0
    outer loop
      vertex 23.682924810718394 25.24041331689448 3.5
      vertex 23.863845458931078 25.21175830128416 12
      vertex 23.682924810718394 25.24041331689448 12
    endloop
  endfacet
  facet normal -0.3583679495453006 -0.9335804264972015 0
    outer loop
      vertex 24.040779740156157 25.16434890351652 3.5
      vertex 24.21178912538265 25.09870455087455 12
      vertex 24.040779740156157 25.16434890351652 12
    endloop
  endfacet
  facet normal -0.45399049973955147 -0.8910065241883655 0
    outer loop
      vertex 24.21178912538265 25.09870455087455 3.5
      vertex 24.375 25.015544456622766 12
      vertex 24.21178912538265 25.09870455087455 12
    endloop
  endfacet
  facet normal -0.2588190451025197 -0.9659258262890685 0
    outer loop
      vertex 23.863845458931078 25.21175830128416 3.5
      vertex 24.040779740156157 25.16434890351652 12
      vertex 23.863845458931078 25.21175830128416 12
    endloop
  endfacet
  facet normal -0.5446390350150263 -0.8386705679454246 0
    outer loop
      vertex 24.375 25.015544456622766 3.5
      vertex 24.528624191511827 24.915779740156157 12
      vertex 24.375 25.015544456622766 12
    endloop
  endfacet
  facet normal -0.6293203910498276 -0.7771459614569789 0
    outer loop
      vertex 24.528624191511827 24.915779740156157 3.5
      vertex 24.670978561128003 24.80050344458544 12
      vertex 24.528624191511827 24.915779740156157 12
    endloop
  endfacet
  facet normal -0.7071067811865476 -0.7071067811865476 0
    outer loop
      vertex 24.670978561128003 24.80050344458544 3.5
      vertex 24.80050344458544 24.670978561128003 12
      vertex 24.670978561128003 24.80050344458544 12
    endloop
  endfacet
  facet normal -0.7071067811865476 0.7071067811865476 0
    outer loop
      vertex 24.80050344458544 22.329021438871997 3.5
      vertex 24.670978561128003 22.19949655541456 12
      vertex 24.80050344458544 22.329021438871997 12
    endloop
  endfacet
  facet normal -0.7771459614569789 0.6293203910498276 0
    outer loop
      vertex 24.915779740156157 22.471375808488173 3.5
      vertex 24.80050344458544 22.329021438871997 12
      vertex 24.915779740156157 22.471375808488173 12
    endloop
  endfacet
  facet normal -0.8386705679454246 0.5446390350150263 0
    outer loop
      vertex 25.015544456622766 22.625 3.5
      vertex 24.915779740156157 22.471375808488173 12
      vertex 25.015544456622766 22.625 12
    endloop
  endfacet
  facet normal -0.8910065241883655 0.45399049973955147 0
    outer loop
      vertex 25.09870455087455 22.78821087461735 3.5
      vertex 25.015544456622766 22.625 12
      vertex 25.09870455087455 22.78821087461735 12
    endloop
  endfacet
  facet normal -0.9335804264972015 0.3583679495453006 0
    outer loop
      vertex 25.16434890351652 22.959220259843843 3.5
      vertex 25.09870455087455 22.78821087461735 12
      vertex 25.16434890351652 22.959220259843843 12
    endloop
  endfacet
  facet normal -0.9659258262890685 0.2588190451025197 0
    outer loop
      vertex 25.21175830128416 23.136154541068922 3.5
      vertex 25.16434890351652 22.959220259843843 12
      vertex 25.21175830128416 23.136154541068922 12
    endloop
  endfacet
  facet normal -0.9876883405951372 0.15643446504023434 0
    outer loop
      vertex 25.24041331689448 23.317075189281606 3.5
      vertex 25.21175830128416 23.136154541068922 12
      vertex 25.24041331689448 23.317075189281606 12
    endloop
  endfacet
  facet normal -0.9986295347545739 0.05233595624294094 0
    outer loop
      vertex 25.25 23.5 3.5
      vertex 25.24041331689448 23.317075189281606 12
      vertex 25.25 23.5 12
    endloop
  endfacet
  facet normal -0.9986295347545739 -0.05233595624294094 0
    outer loop
      vertex 25.24041331689448 23.682924810718394 3.5
      vertex 25.25 23.5 12
      vertex 25.24041331689448 23.682924810718394 12
    endloop
  endfacet
  facet normal -0.9876883405951372 -0.15643446504023434 0
    outer loop
      vertex 25.21175830128416 23.863845458931078 3.5
      vertex 25.24041331689448 23.682924810718394 12
      vertex 25.21175830128416 23.863845458931078 12
    endloop
  endfacet
  facet normal -0.9335804264972015 -0.3583679495453006 0
    outer loop
      vertex 25.09870455087455 24.21178912538265 3.5
      vertex 25.16434890351652 24.040779740156157 12
      vertex 25.09870455087455 24.21178912538265 12
    endloop
  endfacet
  facet normal -0.7771459614569789 -0.6293203910498276 0
    outer loop
      vertex 24.80050344458544 24.670978561128003 3.5
      vertex 24.915779740156157 24.528624191511827 12
      vertex 24.80050344458544 24.670978561128003 12
    endloop
  endfacet
  facet normal -0.8910065241883655 -0.45399049973955147 0
    outer loop
      vertex 25.015544456622766 24.375 3.5
      vertex 25.09870455087455 24.21178912538265 12
      vertex 25.015544456622766 24.375 12
    endloop
  endfacet
  facet normal -0.8386705679454246 -0.5446390350150263 0
    outer loop
      vertex 24.915779740156157 24.528624191511827 3.5
      vertex 25.015544456622766 24.375 12
      vertex 24.915779740156157 24.528624191511827 12
    endloop
  endfacet
  facet normal -0.9659258262890685 -0.2588190451025197 0
    outer loop
      vertex 25.16434890351652 24.040779740156157 3.5
      vertex 25.21175830128416 23.863845458931078 12
      vertex 25.16434890351652 24.040779740156157 12
    endloop
  endfacet
  facet normal 0 0 -1
    outer loop
      vertex 22.78821087461735 21.90129544912545 12
      vertex 22.78821087461735 25.09870455087455 12
      vertex 22.959220259843843 21.83565109648348 12
    endloop
  endfacet
  facet normal 0 0 -1
    outer loop
      vertex 21.78824169871584 23.136154541068922 12
      vertex 21.75958668310552 23.317075189281606 12
      vertex 21.75958668310552 23.682924810718394 12
    endloop
  endfacet
  facet normal 0 0 -1
    outer loop
      vertex 21.83565109648348 22.959220259843843 12
      vertex 21.78824169871584 23.136154541068922 12
      vertex 21.78824169871584 23.863845458931078 12
    endloop
  endfacet
  facet normal 0 0 -1
    outer loop
      vertex 21.984455543377234 22.625 12
      vertex 21.984455543377234 24.375 12
      vertex 22.084220259843843 22.471375808488173 12
    endloop
  endfacet
  facet normal 0 0 -1
    outer loop
      vertex 21.83565109648348 22.959220259843843 12
      vertex 21.83565109648348 24.040779740156157 12
      vertex 21.90129544912545 22.78821087461735 12
    endloop
  endfacet
  facet normal 0 0 -1
    outer loop
      vertex 21.984455543377234 22.625 12
      vertex 21.90129544912545 22.78821087461735 12
      vertex 21.90129544912545 24.21178912538265 12
    endloop
  endfacet
  facet normal 0 0 -1
    outer loop
      vertex 21.75958668310552 23.317075189281606 12
      vertex 21.75 23.5 12
      vertex 21.75958668310552 23.682924810718394 12
    endloop
  endfacet
  facet normal 0 0 -1
    outer loop
      vertex 21.78824169871584 23.136154541068922 12
      vertex 21.75958668310552 23.682924810718394 12
      vertex 21.78824169871584 23.863845458931078 12
    endloop
  endfacet
  facet normal 0 0 -1
    outer loop
      vertex 21.83565109648348 22.959220259843843 12
      vertex 21.78824169871584 23.863845458931078 12
      vertex 21.83565109648348 24.040779740156157 12
    endloop
  endfacet
  facet normal 0 0 -1
    outer loop
      vertex 21.90129544912545 22.78821087461735 12
      vertex 21.83565109648348 24.040779740156157 12
      vertex 21.90129544912545 24.21178912538265 12
    endloop
  endfacet
  facet normal 0 0 -1
    outer loop
      vertex 21.984455543377234 22.625 12
      vertex 21.90129544912545 24.21178912538265 12
      vertex 21.984455543377234 24.375 12
    endloop
  endfacet
  facet normal 0 0 -1
    outer loop
      vertex 22.084220259843843 22.471375808488173 12
      vertex 21.984455543377234 24.375 12
      vertex 22.084220259843843 24.528624191511827 12
    endloop
  endfacet
  facet normal 0 0 -1
    outer loop
      vertex 22.19949655541456 22.329021438871997 12
      vertex 22.084220259843843 22.471375808488173 12
      vertex 22.084220259843843 24.528624191511827 12
    endloop
  endfacet
  facet normal 0 0 -1
    outer loop
      vertex 22.19949655541456 22.329021438871997 12
      vertex 22.19949655541456 24.670978561128003 12
      vertex 22.329021438871997 22.19949655541456 12
    endloop
  endfacet
  facet normal 0 0 -1
    outer loop
      vertex 22.471375808488173 22.084220259843843 12
      vertex 22.329021438871997 22.19949655541456 12
      vertex 22.329021438871997 24.80050344458544 12
    endloop
  endfacet
  facet normal 0 0 -1
    outer loop
      vertex 22.471375808488173 22.084220259843843 12
      vertex 22.471375808488173 24.915779740156157 12
      vertex 22.625 21.984455543377234 12
    endloop
  endfacet
  facet normal 0 0 -1
    outer loop
      vertex 22.625 21.984455543377234 12
      vertex 22.625 25.015544456622766 12
      vertex 22.78821087461735 21.90129544912545 12
    endloop
  endfacet
  facet normal 0 0 -1
    outer loop
      vertex 22.19949655541456 22.329021438871997 12
      vertex 22.084220259843843 24.528624191511827 12
      vertex 22.19949655541456 24.670978561128003 12
    endloop
  endfacet
  facet normal 0 0 -1
    outer loop
      vertex 22.329021438871997 22.19949655541456 12
      vertex 22.19949655541456 24.670978561128003 12
      vertex 22.329021438871997 24.80050344458544 12
    endloop
  endfacet
  facet normal 0 0 -1
    outer loop
      vertex 22.471375808488173 22.084220259843843 12
      vertex 22.329021438871997 24.80050344458544 12
      vertex 22.471375808488173 24.915779740156157 12
    endloop
  endfacet
  facet normal 0 0 -1
    outer loop
      vertex 22.625 21.984455543377234 12
      vertex 22.471375808488173 24.915779740156157 12
      vertex 22.625 25.015544456622766 12
    endloop
  endfacet
  facet normal 0 0 -1
    outer loop
      vertex 22.78821087461735 21.90129544912545 12
      vertex 22.625 25.015544456622766 12
      vertex 22.78821087461735 25.09870455087455 12
    endloop
  endfacet
  facet normal 0 0 -1
    outer loop
      vertex 22.959220259843843 21.83565109648348 12
      vertex 22.78821087461735 25.09870455087455 12
      vertex 22.959220259843843 25.16434890351652 12
    endloop
  endfacet
  facet normal 0 0 -1
    outer loop
      vertex 22.959220259843843 21.83565109648348 12
      vertex 22.959220259843843 25.16434890351652 12
      vertex 23.136154541068922 21.78824169871584 12
    endloop
  endfacet
  facet normal 0 0 -1
    outer loop
      vertex 23.136154541068922 21.78824169871584 12
      vertex 23.136154541068922 25.21175830128416 12
      vertex 23.317075189281606 21.75958668310552 12
    endloop
  endfacet
  facet normal 0 0 -1
    outer loop
      vertex 23.317075189281606 21.75958668310552 12
      vertex 23.317075189281606 25.24041331689448 12
      vertex 23.5 21.75 12
    endloop
  endfacet
  facet normal 0 0 -1
    outer loop
      vertex 23.5 21.75 12
      vertex 23.5 25.25 12
      vertex 23.682924810718394 21.75958668310552 12
    endloop
  endfacet
  facet normal 0 0 -1
    outer loop
      vertex 23.682924810718394 21.75958668310552 12
      vertex 23.682924810718394 25.24041331689448 12
      vertex 23.863845458931078 21.78824169871584 12
    endloop
  endfacet
  facet normal 0 0 -1
    outer loop
      vertex 23.863845458931078 21.78824169871584 12
      vertex 23.863845458931078 25.21175830128416 12
      vertex 24.040779740156157 21.83565109648348 12
    endloop
  endfacet
  facet normal 0 0 -1
    outer loop
      vertex 23.136154541068922 21.78824169871584 12
      vertex 22.959220259843843 25.16434890351652 12
      vertex 23.136154541068922 25.21175830128416 12
    endloop
  endfacet
  facet normal 0 0 -1
    outer loop
      vertex 23.317075189281606 21.75958668310552 12
      vertex 23.136154541068922 25.21175830128416 12
      vertex 23.317075189281606 25.24041331689448 12
    endloop
  endfacet
  facet normal 0 0 -1
    outer loop
      vertex 23.317075189281606 25.24041331689448 12
      vertex 23.5 25.25 12
      vertex 23.5 21.75 12
    endloop
  endfacet
  facet normal 0 0 -1
    outer loop
      vertex 23.682924810718394 21.75958668310552 12
      vertex 23.5 25.25 12
      vertex 23.682924810718394 25.24041331689448 12
    endloop
  endfacet
  facet normal 0 0 -1
    outer loop
      vertex 23.863845458931078 21.78824169871584 12
      vertex 23.682924810718394 25.24041331689448 12
      vertex 23.863845458931078 25.21175830128416 12
    endloop
  endfacet
  facet normal 0 0 -1
    outer loop
      vertex 24.040779740156157 21.83565109648348 12
      vertex 24.040779740156157 25.16434890351652 12
      vertex 24.21178912538265 21.90129544912545 12
    endloop
  endfacet
  facet normal 0 0 -1
    outer loop
      vertex 24.21178912538265 21.90129544912545 12
      vertex 24.21178912538265 25.09870455087455 12
      vertex 24.375 21.984455543377234 12
    endloop
  endfacet
  facet normal 0 0 -1
    outer loop
      vertex 24.375 21.984455543377234 12
      vertex 24.375 25.015544456622766 12
      vertex 24.528624191511827 22.084220259843843 12
    endloop
  endfacet
  facet normal 0 0 -1
    outer loop
      vertex 24.528624191511827 22.084220259843843 12
      vertex 24.528624191511827 24.915779740156157 12
      vertex 24.670978561128003 22.19949655541456 12
    endloop
  endfacet
  facet normal 0 0 -1
    outer loop
      vertex 24.670978561128003 22.19949655541456 12
      vertex 24.670978561128003 24.80050344458544 12
      vertex 24.80050344458544 22.329021438871997 12
    endloop
  endfacet
  facet normal 0 0 -1
    outer loop
      vertex 24.040779740156157 21.83565109648348 12
      vertex 23.863845458931078 25.21175830128416 12
      vertex 24.040779740156157 25.16434890351652 12
    endloop
  endfacet
  facet normal 0 0 -1
    outer loop
      vertex 24.21178912538265 21.90129544912545 12
      vertex 24.040779740156157 25.16434890351652 12
      vertex 24.21178912538265 25.09870455087455 12
    endloop
  endfacet
  facet normal 0 0 -1
    outer loop
      vertex 24.375 21.984455543377234 12
      vertex 24.21178912538265 25.09870455087455 12
      vertex 24.375 25.015544456622766 12
    endloop
  endfacet
  facet normal 0 0 -1
    outer loop
      vertex 24.528624191511827 22.084220259843843 12
      vertex 24.375 25.015544456622766 12
      vertex 24.528624191511827 24.915779740156157 12
    endloop
  endfacet
  facet normal 0 0 -1
    outer loop
      vertex 24.670978561128003 22.19949655541456 12
      vertex 24.528624191511827 24.915779740156157 12
      vertex 24.670978561128003 24.80050344458544 12
    endloop
  endfacet
  facet normal 0 0 -1
    outer loop
      vertex 24.80050344458544 22.329021438871997 12
      vertex 24.80050344458544 24.670978561128003 12
      vertex 24.915779740156157 22.471375808488173 12
    endloop
  endfacet
  facet normal 0 0 -1
    outer loop
      vertex 24.915779740156157 22.471375808488173 12
      vertex 24.915779740156157 24.528624191511827 12
      vertex 25.015544456622766 22.625 12
    endloop
  endfacet
  facet normal 0 0 -1
    outer loop
      vertex 25.015544456622766 22.625 12
      vertex 25.015544456622766 24.375 12
      vertex 25.09870455087455 22.78821087461735 12
    endloop
  endfacet
  facet normal 0 0 -1
    outer loop
      vertex 25.09870455087455 22.78821087461735 12
      vertex 25.09870455087455 24.21178912538265 12
      vertex 25.16434890351652 22.959220259843843 12
    endloop
  endfacet
  facet normal 0 0 -1
    outer loop
      vertex 25.09870455087455 22.78821087461735 12
      vertex 25.015544456622766 24.375 12
      vertex 25.09870455087455 24.21178912538265 12
    endloop
  endfacet
  facet normal 0 0 -1
    outer loop
      vertex 25.16434890351652 22.959220259843843 12
      vertex 25.09870455087455 24.21178912538265 12
      vertex 25.16434890351652 24.040779740156157 12
    endloop
  endfacet
  facet normal 0 0 -1
    outer loop
      vertex 25.16434890351652 22.959220259843843 12
      vertex 25.16434890351652 24.040779740156157 12
      vertex 25.21175830128416 23.136154541068922 12
    endloop
  endfacet
  facet normal 0 0 -1
    outer loop
      vertex 25.21175830128416 23.136154541068922 12
      vertex 25.21175830128416 23.863845458931078 12
      vertex 25.24041331689448 23.317075189281606 12
    endloop
  endfacet
  facet normal 0 0 -1
    outer loop
      vertex 25.24041331689448 23.317075189281606 12
      vertex 25.24041331689448 23.682924810718394 12
      vertex 25.25 23.5 12
    endloop
  endfacet
  facet normal 0 0 -1
    outer loop
      vertex 25.21175830128416 23.136154541068922 12
      vertex 25.16434890351652 24.040779740156157 12
      vertex 25.21175830128416 23.863845458931078 12
    endloop
  endfacet
  facet normal 0 0 -1
    outer loop
      vertex 25.24041331689448 23.317075189281606 12
      vertex 25.21175830128416 23.863845458931078 12
      vertex 25.24041331689448 23.682924810718394 12
    endloop
  endfacet
  facet normal 0 0 -1
    outer loop
      vertex 24.80050344458544 22.329021438871997 12
      vertex 24.670978561128003 24.80050344458544 12
      vertex 24.80050344458544 24.670978561128003 12
    endloop
  endfacet
  facet normal 0 0 -1
    outer loop
      vertex 24.915779740156157 22.471375808488173 12
      vertex 24.80050344458544 24.670978561128003 12
      vertex 24.915779740156157 24.528624191511827 12
    endloop
  endfacet
  facet normal 0 0 -1
    outer loop
      vertex 25.015544456622766 22.625 12
      vertex 24.915779740156157 24.528624191511827 12
      vertex 25.015544456622766 24.375 12
    endloop
  endfacet
endsolid OpenSCAD_Model
